attendee_full_name,attendee_email,service_date,service_name
Margaret Adams,margaret.adams@example.com,2025-10-05,Sunday Evening
Edward Allen,edward.allen@example.com,2025-10-05,Sunday Evening
Katherine Baker,,2025-10-05,Sunday Evening
Nicole Brown,nicole.brown@example.com,2025-10-05,Sunday Evening
Daniel Chen,,2025-10-05,Sunday Evening
Jonathan Davis,jonathan.davis@example.com,2025-10-05,Sunday Evening
Amanda Diaz,amanda.diaz@example.com,2025-10-05,Sunday Evening
Mark Gonzalez,mark.gonzalez@example.com,2025-10-05,Sunday Evening
Sharon Green,,2025-10-05,Sunday Evening
Andrew Hall,andrew.hall@example.com,2025-10-05,Sunday Evening
Barbara Harris,barbara.harris@example.com,2025-10-05,Sunday Evening
Deborah Hernandez,deborah.hernandez@example.com,2025-10-05,Sunday Evening
Linda Hernandez,linda.hernandez@example.com,2025-10-05,Sunday Evening
Katherine Hill,katherine.hill@example.com,2025-10-05,Sunday Evening
Linda Jackson,,2025-10-05,Sunday Evening
Katherine King,katherine.king@example.com,2025-10-05,Sunday Evening
Timothy Lewis,,2025-10-05,Sunday Evening
Jeffrey Lewis,jeffrey.lewis@example.com,2025-10-05,Sunday Evening
Patricia Mitchell,patricia.mitchell@example.com,2025-10-05,Sunday Evening
Ronald Moore,ronald.moore@example.com,2025-10-05,Sunday Evening
Rebecca Nelson,rebecca.nelson@example.com,2025-10-05,Sunday Evening
Emily Nelson,,2025-10-05,Sunday Evening
Jessica Adams,jessica.adams@example.com,2025-10-05,Sunday Morning
Katherine Allen,katherine.allen@example.com,2025-10-05,Sunday Morning
Paul Allen,paul.allen@example.com,2025-10-05,Sunday Morning
Edward Allen,edward.allen@example.com,2025-10-05,Sunday Morning
George Anderson,,2025-10-05,Sunday Morning
Anthony Baker,anthony.baker@example.com,2025-10-05,Sunday Morning
Sandra Baker,,2025-10-05,Sunday Morning
Paul Baker,paul.baker@example.com,2025-10-05,Sunday Morning
Michael Baker,michael.baker@example.com,2025-10-05,Sunday Morning
Kathleen Brown,kathleen.brown@example.com,2025-10-05,Sunday Morning
Nicole Brown,nicole.brown@example.com,2025-10-05,Sunday Morning
Jessica Campbell,jessica.campbell@example.com,2025-10-05,Sunday Morning
Stephen Campbell,stephen.campbell@example.com,2025-10-05,Sunday Morning
Jacob Chen,jacob.chen@example.com,2025-10-05,Sunday Morning
Nancy Clark,nancy.clark@example.com,2025-10-05,Sunday Morning
Ryan Clark,ryan.clark@example.com,2025-10-05,Sunday Morning
Jonathan Davis,jonathan.davis@example.com,2025-10-05,Sunday Morning
Rebecca Davis,rebecca.davis@example.com,2025-10-05,Sunday Morning
Amy Davis,,2025-10-05,Sunday Morning
Jason Davis,,2025-10-05,Sunday Morning
Brandon Diaz,brandon.diaz@example.com,2025-10-05,Sunday Morning
Thomas Flores,thomas.flores@example.com,2025-10-05,Sunday Morning
Jason Garcia,jason.garcia@example.com,2025-10-05,Sunday Morning
Pamela Gonzalez,pamela.gonzalez@example.com,2025-10-05,Sunday Morning
Mark Gonzalez,mark.gonzalez@example.com,2025-10-05,Sunday Morning
Andrew Hall,andrew.hall@example.com,2025-10-05,Sunday Morning
Donald Hall,donald.hall@example.com,2025-10-05,Sunday Morning
Kathleen Hall,kathleen.hall@example.com,2025-10-05,Sunday Morning
Barbara Harris,barbara.harris@example.com,2025-10-05,Sunday Morning
Jonathan Harris,jonathan.harris@example.com,2025-10-05,Sunday Morning
Linda Hernandez,linda.hernandez@example.com,2025-10-05,Sunday Morning
Carol Hill,carol.hill@example.com,2025-10-05,Sunday Morning
Edward Hill,edward.hill@example.com,2025-10-05,Sunday Morning
Elizabeth Jackson,elizabeth.jackson@example.com,2025-10-05,Sunday Morning
Gary Johnson,gary.johnson@example.com,2025-10-05,Sunday Morning
Jacob Johnson,jacob.johnson@example.com,2025-10-05,Sunday Morning
Andrew Johnson,andrew.johnson@example.com,2025-10-05,Sunday Morning
Betty Jones,betty.jones@example.com,2025-10-05,Sunday Morning
Samantha Jones,samantha.jones@example.com,2025-10-05,Sunday Morning
Linda Jones,linda.jones@example.com,2025-10-05,Sunday Morning
Jennifer Kim,jennifer.kim@example.com,2025-10-05,Sunday Morning
Richard King,,2025-10-05,Sunday Morning
Andrew Kowalski,andrew.kowalski@example.com,2025-10-05,Sunday Morning
Karen Lewis,karen.lewis@example.com,2025-10-05,Sunday Morning
Jeffrey Lewis,jeffrey.lewis@example.com,2025-10-05,Sunday Morning
Elizabeth Lopez,elizabeth.lopez@example.com,2025-10-05,Sunday Morning
Justin Martinez,justin.martinez@example.com,2025-10-05,Sunday Morning
Michelle Miller,michelle.miller@example.com,2025-10-05,Sunday Morning
Laura Miller,laura.miller@example.com,2025-10-05,Sunday Morning
Melissa Miller,melissa.miller@example.com,2025-10-05,Sunday Morning
Kevin Miller,kevin.miller@example.com,2025-10-05,Sunday Morning
Ashley Mitchell,ashley.mitchell@example.com,2025-10-05,Sunday Morning
Linda Mitchell,linda.mitchell@example.com,2025-10-05,Sunday Morning
Jason Mitchell,jason.mitchell@example.com,2025-10-05,Sunday Morning
Patricia Mitchell,patricia.mitchell@example.com,2025-10-05,Sunday Morning
Mary Nelson,mary.nelson@example.com,2025-10-05,Sunday Morning
Michelle Nelson,michelle.nelson@example.com,2025-10-05,Sunday Morning
Jason Nelson,jason.nelson@example.com,2025-10-05,Sunday Morning
James Nelson,,2025-10-05,Sunday Morning
Barbara Nelson,barbara.nelson@example.com,2025-10-05,Sunday Morning
Thomas Nelson,thomas.nelson@example.com,2025-10-05,Sunday Morning
Lisa O'Brien,lisa.obrien@example.com,2025-10-05,Sunday Morning
John Okafor,,2025-10-05,Sunday Morning
Mark Okafor,,2025-10-05,Sunday Morning
Lisa Okafor,lisa.okafor@example.com,2025-10-05,Sunday Morning
Mark Perez,mark.perez@example.com,2025-10-05,Sunday Morning
Jason Petrov,jason.petrov@example.com,2025-10-05,Sunday Morning
Anthony Petrov,anthony.petrov@example.com,2025-10-05,Sunday Morning
Sarah Ramirez,sarah.ramirez@example.com,2025-10-05,Sunday Morning
Rebecca Ramirez,rebecca.ramirez@example.com,2025-10-05,Sunday Morning
Karen Rivera,karen.rivera@example.com,2025-10-05,Sunday Morning
Brian Rivera,brian.rivera@example.com,2025-10-05,Sunday Morning
Jonathan Roberts,jonathan.roberts@example.com,2025-10-05,Sunday Morning
Brenda Roberts,brenda.roberts@example.com,2025-10-05,Sunday Morning
Scott Robinson,scott.robinson@example.com,2025-10-05,Sunday Morning
John Robinson,john.robinson@example.com,2025-10-05,Sunday Morning
Jason Rodriguez,jason.rodriguez@example.com,2025-10-05,Sunday Morning
Donald Rodriguez,donald.rodriguez@example.com,2025-10-05,Sunday Morning
Jonathan Rodriguez,jonathan.rodriguez@example.com,2025-10-05,Sunday Morning
Ashley Rodriguez,ashley.rodriguez@example.com,2025-10-05,Sunday Morning
Emily Rodriguez,,2025-10-05,Sunday Morning
Kimberly Sanchez,kimberly.sanchez@example.com,2025-10-05,Sunday Morning
Shirley Sanchez,,2025-10-05,Sunday Morning
Mark Sanchez,mark.sanchez@example.com,2025-10-05,Sunday Morning
Anna Scott,anna.scott@example.com,2025-10-05,Sunday Morning
Barbara Silva,barbara.silva@example.com,2025-10-05,Sunday Morning
Cynthia Silva,cynthia.silva@example.com,2025-10-05,Sunday Morning
Margaret Taylor,margaret.taylor@example.com,2025-10-05,Sunday Morning
Susan Thomas,susan.thomas@example.com,2025-10-05,Sunday Morning
Melissa Thomas,melissa.thomas@example.com,2025-10-05,Sunday Morning
Justin Torres,justin.torres@example.com,2025-10-05,Sunday Morning
Mary Torres,mary.torres@example.com,2025-10-05,Sunday Morning
Elizabeth Torres,elizabeth.torres@example.com,2025-10-05,Sunday Morning
Amy Walker,,2025-10-05,Sunday Morning
Ruth Williams,,2025-10-05,Sunday Morning
Pamela Williams,pamela.williams@example.com,2025-10-05,Sunday Morning
Brandon Williams,brandon.williams@example.com,2025-10-05,Sunday Morning
Susan Yamamoto,susan.yamamoto@example.com,2025-10-05,Sunday Morning
Lisa Young,lisa.young@example.com,2025-10-05,Sunday Morning
Karen Young,karen.young@example.com,2025-10-05,Sunday Morning
Kathleen Brown,kathleen.brown@example.com,2025-10-08,Wednesday Night
Robert Green,robert.green@example.com,2025-10-08,Wednesday Night
Jason Hall,jason.hall@example.com,2025-10-08,Wednesday Night
Edward Hill,edward.hill@example.com,2025-10-08,Wednesday Night
Paul Jones,paul.jones@example.com,2025-10-08,Wednesday Night
Timothy Kowalski,timothy.kowalski@example.com,2025-10-08,Wednesday Night
Samantha Lee,,2025-10-08,Wednesday Night
Jason Mitchell,jason.mitchell@example.com,2025-10-08,Wednesday Night
Donald Moore,donald.moore@example.com,2025-10-08,Wednesday Night
James Nelson,,2025-10-08,Wednesday Night
Anthony Petrov,anthony.petrov@example.com,2025-10-08,Wednesday Night
Jonathan Rodriguez,jonathan.rodriguez@example.com,2025-10-08,Wednesday Night
Mark Sanchez,mark.sanchez@example.com,2025-10-08,Wednesday Night
Margaret Taylor,margaret.taylor@example.com,2025-10-08,Wednesday Night
Stephanie Torres,stephanie.torres@example.com,2025-10-08,Wednesday Night
Susan Yamamoto,susan.yamamoto@example.com,2025-10-08,Wednesday Night
Karen Young,karen.young@example.com,2025-10-08,Wednesday Night
Edward Baker,edward.baker@example.com,2025-10-12,Sunday Evening
Kevin Chen,kevin.chen@example.com,2025-10-12,Sunday Evening
Amanda Diaz,amanda.diaz@example.com,2025-10-12,Sunday Evening
Jason Hall,jason.hall@example.com,2025-10-12,Sunday Evening
Amanda Johnson,amanda.johnson@example.com,2025-10-12,Sunday Evening
Jacob Kim,jacob.kim@example.com,2025-10-12,Sunday Evening
Samantha Lee,,2025-10-12,Sunday Evening
Timothy Lewis,,2025-10-12,Sunday Evening
Michelle Lopez,michelle.lopez@example.com,2025-10-12,Sunday Evening
Kevin Miller,kevin.miller@example.com,2025-10-12,Sunday Evening
Barbara Mitchell,barbara.mitchell@example.com,2025-10-12,Sunday Evening
Rebecca Nelson,rebecca.nelson@example.com,2025-10-12,Sunday Evening
Jason Nelson,jason.nelson@example.com,2025-10-12,Sunday Evening
Scott Robinson,scott.robinson@example.com,2025-10-12,Sunday Evening
Jessica Robinson,jessica.robinson@example.com,2025-10-12,Sunday Evening
Cynthia Thomas,cynthia.thomas@example.com,2025-10-12,Sunday Evening
Margaret Adams,margaret.adams@example.com,2025-10-12,Sunday Morning
Jessica Adams,jessica.adams@example.com,2025-10-12,Sunday Morning
Mark Adams,mark.adams@example.com,2025-10-12,Sunday Morning
Katherine Allen,katherine.allen@example.com,2025-10-12,Sunday Morning
Paul Allen,paul.allen@example.com,2025-10-12,Sunday Morning
George Anderson,,2025-10-12,Sunday Morning
Sandra Baker,,2025-10-12,Sunday Morning
Paul Baker,paul.baker@example.com,2025-10-12,Sunday Morning
Katherine Baker,,2025-10-12,Sunday Morning
Charles Brown,charles.brown@example.com,2025-10-12,Sunday Morning
Kathleen Brown,kathleen.brown@example.com,2025-10-12,Sunday Morning
Brian Campbell,,2025-10-12,Sunday Morning
Amanda Carter,amanda.carter@example.com,2025-10-12,Sunday Morning
Jeffrey Carter,jeffrey.carter@example.com,2025-10-12,Sunday Morning
Daniel Chen,,2025-10-12,Sunday Morning
Ryan Clark,ryan.clark@example.com,2025-10-12,Sunday Morning
Rebecca Clark,rebecca.clark@example.com,2025-10-12,Sunday Morning
Jonathan Davis,jonathan.davis@example.com,2025-10-12,Sunday Morning
Rebecca Davis,rebecca.davis@example.com,2025-10-12,Sunday Morning
Amy Davis,,2025-10-12,Sunday Morning
Jason Davis,,2025-10-12,Sunday Morning
Brandon Diaz,brandon.diaz@example.com,2025-10-12,Sunday Morning
Matthew Flores,matthew.flores@example.com,2025-10-12,Sunday Morning
Jason Garcia,jason.garcia@example.com,2025-10-12,Sunday Morning
Robert Green,robert.green@example.com,2025-10-12,Sunday Morning
Charles Hall,charles.hall@example.com,2025-10-12,Sunday Morning
Andrew Hall,andrew.hall@example.com,2025-10-12,Sunday Morning
Donald Hall,donald.hall@example.com,2025-10-12,Sunday Morning
Kathleen Hall,kathleen.hall@example.com,2025-10-12,Sunday Morning
Richard Harris,richard.harris@example.com,2025-10-12,Sunday Morning
Jonathan Harris,jonathan.harris@example.com,2025-10-12,Sunday Morning
James Hill,,2025-10-12,Sunday Morning
Katherine Hill,katherine.hill@example.com,2025-10-12,Sunday Morning
Linda Jackson,,2025-10-12,Sunday Morning
Amanda Johnson,amanda.johnson@example.com,2025-10-12,Sunday Morning
Gary Johnson,gary.johnson@example.com,2025-10-12,Sunday Morning
Andrew Johnson,andrew.johnson@example.com,2025-10-12,Sunday Morning
Angela Johnson,angela.johnson@example.com,2025-10-12,Sunday Morning
Laura Jones,laura.jones@example.com,2025-10-12,Sunday Morning
Betty Jones,betty.jones@example.com,2025-10-12,Sunday Morning
Linda Jones,linda.jones@example.com,2025-10-12,Sunday Morning
Jennifer Kim,jennifer.kim@example.com,2025-10-12,Sunday Morning
Richard Kim,richard.kim@example.com,2025-10-12,Sunday Morning
Jacob Kim,jacob.kim@example.com,2025-10-12,Sunday Morning
Gary King,gary.king@example.com,2025-10-12,Sunday Morning
Katherine King,katherine.king@example.com,2025-10-12,Sunday Morning
Andrew Kowalski,andrew.kowalski@example.com,2025-10-12,Sunday Morning
Nicole Lee,,2025-10-12,Sunday Morning
Samantha Lee,,2025-10-12,Sunday Morning
William Lee,william.lee@example.com,2025-10-12,Sunday Morning
Karen Lewis,karen.lewis@example.com,2025-10-12,Sunday Morning
Jeffrey Lewis,jeffrey.lewis@example.com,2025-10-12,Sunday Morning
Elizabeth Lopez,elizabeth.lopez@example.com,2025-10-12,Sunday Morning
Michelle Lopez,michelle.lopez@example.com,2025-10-12,Sunday Morning
Michelle Miller,michelle.miller@example.com,2025-10-12,Sunday Morning
Laura Miller,laura.miller@example.com,2025-10-12,Sunday Morning
Deborah Miller,deborah.miller@example.com,2025-10-12,Sunday Morning
Kevin Miller,kevin.miller@example.com,2025-10-12,Sunday Morning
Linda Mitchell,linda.mitchell@example.com,2025-10-12,Sunday Morning
Jason Mitchell,jason.mitchell@example.com,2025-10-12,Sunday Morning
Barbara Mitchell,barbara.mitchell@example.com,2025-10-12,Sunday Morning
Patricia Mitchell,patricia.mitchell@example.com,2025-10-12,Sunday Morning
Edward Moore,edward.moore@example.com,2025-10-12,Sunday Morning
Donald Moore,donald.moore@example.com,2025-10-12,Sunday Morning
Rebecca Nelson,rebecca.nelson@example.com,2025-10-12,Sunday Morning
Emily Nelson,,2025-10-12,Sunday Morning
Brenda Nelson,brenda.nelson@example.com,2025-10-12,Sunday Morning
Mary Nelson,mary.nelson@example.com,2025-10-12,Sunday Morning
Michelle Nelson,michelle.nelson@example.com,2025-10-12,Sunday Morning
James Nelson,,2025-10-12,Sunday Morning
Mark Okafor,,2025-10-12,Sunday Morning
Anthony Petrov,anthony.petrov@example.com,2025-10-12,Sunday Morning
Nicole Ramirez,,2025-10-12,Sunday Morning
Rebecca Ramirez,rebecca.ramirez@example.com,2025-10-12,Sunday Morning
Pamela Ramirez,pamela.ramirez@example.com,2025-10-12,Sunday Morning
Ashley Ramirez,,2025-10-12,Sunday Morning
Karen Rivera,karen.rivera@example.com,2025-10-12,Sunday Morning
Jonathan Roberts,jonathan.roberts@example.com,2025-10-12,Sunday Morning
Emily Roberts,emily.roberts@example.com,2025-10-12,Sunday Morning
Brenda Roberts,brenda.roberts@example.com,2025-10-12,Sunday Morning
Scott Robinson,scott.robinson@example.com,2025-10-12,Sunday Morning
Jonathan Rodriguez,jonathan.rodriguez@example.com,2025-10-12,Sunday Morning
Daniel Rodriguez,daniel.rodriguez@example.com,2025-10-12,Sunday Morning
Ronald Rodriguez,,2025-10-12,Sunday Morning
Matthew Sanchez,,2025-10-12,Sunday Morning
Barbara Silva,barbara.silva@example.com,2025-10-12,Sunday Morning
Justin Taylor,justin.taylor@example.com,2025-10-12,Sunday Morning
Margaret Taylor,margaret.taylor@example.com,2025-10-12,Sunday Morning
Ruth Taylor,ruth.taylor@example.com,2025-10-12,Sunday Morning
Jacob Taylor,jacob.taylor@example.com,2025-10-12,Sunday Morning
Cynthia Thomas,cynthia.thomas@example.com,2025-10-12,Sunday Morning
Susan Thomas,susan.thomas@example.com,2025-10-12,Sunday Morning
Mary Torres,mary.torres@example.com,2025-10-12,Sunday Morning
Stephanie Torres,stephanie.torres@example.com,2025-10-12,Sunday Morning
Elizabeth Torres,elizabeth.torres@example.com,2025-10-12,Sunday Morning
Amy Walker,,2025-10-12,Sunday Morning
Ruth Williams,,2025-10-12,Sunday Morning
Emily Williams,emily.williams@example.com,2025-10-12,Sunday Morning
Matthew Wilson,matthew.wilson@example.com,2025-10-12,Sunday Morning
Andrew Wilson,andrew.wilson@example.com,2025-10-12,Sunday Morning
Cynthia Wilson,cynthia.wilson@example.com,2025-10-12,Sunday Morning
Deborah Wright,deborah.wright@example.com,2025-10-12,Sunday Morning
Susan Yamamoto,susan.yamamoto@example.com,2025-10-12,Sunday Morning
Brian Yamamoto,brian.yamamoto@example.com,2025-10-12,Sunday Morning
Rebecca Clark,rebecca.clark@example.com,2025-10-15,Wednesday Night
Matthew Flores,matthew.flores@example.com,2025-10-15,Wednesday Night
Pamela Gonzalez,pamela.gonzalez@example.com,2025-10-15,Wednesday Night
Robert Green,robert.green@example.com,2025-10-15,Wednesday Night
Samantha Lee,,2025-10-15,Wednesday Night
Jeffrey Lewis,jeffrey.lewis@example.com,2025-10-15,Wednesday Night
Lisa O'Brien,lisa.obrien@example.com,2025-10-15,Wednesday Night
John Robinson,john.robinson@example.com,2025-10-15,Wednesday Night
Emily Rodriguez,,2025-10-15,Wednesday Night
Kimberly Sanchez,kimberly.sanchez@example.com,2025-10-15,Wednesday Night
Margaret Taylor,margaret.taylor@example.com,2025-10-15,Wednesday Night
Ruth Taylor,ruth.taylor@example.com,2025-10-15,Wednesday Night
Mary Torres,mary.torres@example.com,2025-10-15,Wednesday Night
Stephanie Torres,stephanie.torres@example.com,2025-10-15,Wednesday Night
George Anderson,,2025-10-19,Sunday Evening
Anthony Baker,anthony.baker@example.com,2025-10-19,Sunday Evening
Michael Baker,michael.baker@example.com,2025-10-19,Sunday Evening
Brian Campbell,,2025-10-19,Sunday Evening
Jeffrey Carter,jeffrey.carter@example.com,2025-10-19,Sunday Evening
Ryan Clark,ryan.clark@example.com,2025-10-19,Sunday Evening
Thomas Flores,thomas.flores@example.com,2025-10-19,Sunday Evening
Robert Green,robert.green@example.com,2025-10-19,Sunday Evening
Linda Hernandez,linda.hernandez@example.com,2025-10-19,Sunday Evening
Katherine King,katherine.king@example.com,2025-10-19,Sunday Evening
Elizabeth Lopez,elizabeth.lopez@example.com,2025-10-19,Sunday Evening
Laura Miller,laura.miller@example.com,2025-10-19,Sunday Evening
Kevin Miller,kevin.miller@example.com,2025-10-19,Sunday Evening
Barbara Mitchell,barbara.mitchell@example.com,2025-10-19,Sunday Evening
Jason Nelson,jason.nelson@example.com,2025-10-19,Sunday Evening
Lisa O'Brien,lisa.obrien@example.com,2025-10-19,Sunday Evening
John Okafor,,2025-10-19,Sunday Evening
Richard Petrov,richard.petrov@example.com,2025-10-19,Sunday Evening
Pamela Ramirez,pamela.ramirez@example.com,2025-10-19,Sunday Evening
Emily Roberts,emily.roberts@example.com,2025-10-19,Sunday Evening
Amy Walker,,2025-10-19,Sunday Evening
Brandon Williams,brandon.williams@example.com,2025-10-19,Sunday Evening
Margaret Adams,margaret.adams@example.com,2025-10-19,Sunday Morning
Mark Adams,mark.adams@example.com,2025-10-19,Sunday Morning
Edward Baker,edward.baker@example.com,2025-10-19,Sunday Morning
Sandra Baker,,2025-10-19,Sunday Morning
Paul Baker,paul.baker@example.com,2025-10-19,Sunday Morning
Michael Baker,michael.baker@example.com,2025-10-19,Sunday Morning
Katherine Baker,,2025-10-19,Sunday Morning
Charles Brown,charles.brown@example.com,2025-10-19,Sunday Morning
Nicole Brown,nicole.brown@example.com,2025-10-19,Sunday Morning
Stephen Campbell,stephen.campbell@example.com,2025-10-19,Sunday Morning
Amanda Carter,amanda.carter@example.com,2025-10-19,Sunday Morning
Jacob Chen,jacob.chen@example.com,2025-10-19,Sunday Morning
Kevin Chen,kevin.chen@example.com,2025-10-19,Sunday Morning
Rebecca Clark,rebecca.clark@example.com,2025-10-19,Sunday Morning
Thomas Flores,thomas.flores@example.com,2025-10-19,Sunday Morning
Jason Garcia,jason.garcia@example.com,2025-10-19,Sunday Morning
Brenda Gonzalez,brenda.gonzalez@example.com,2025-10-19,Sunday Morning
Pamela Gonzalez,pamela.gonzalez@example.com,2025-10-19,Sunday Morning
Sharon Green,,2025-10-19,Sunday Morning
Robert Green,robert.green@example.com,2025-10-19,Sunday Morning
Donald Hall,donald.hall@example.com,2025-10-19,Sunday Morning
Jason Hall,jason.hall@example.com,2025-10-19,Sunday Morning
Barbara Harris,barbara.harris@example.com,2025-10-19,Sunday Morning
Richard Harris,richard.harris@example.com,2025-10-19,Sunday Morning
Jonathan Harris,jonathan.harris@example.com,2025-10-19,Sunday Morning
Deborah Hernandez,deborah.hernandez@example.com,2025-10-19,Sunday Morning
Lisa Hernandez,lisa.hernandez@example.com,2025-10-19,Sunday Morning
Edward Hill,edward.hill@example.com,2025-10-19,Sunday Morning
Linda Jackson,,2025-10-19,Sunday Morning
Gary Johnson,gary.johnson@example.com,2025-10-19,Sunday Morning
Jacob Johnson,jacob.johnson@example.com,2025-10-19,Sunday Morning
Angela Johnson,angela.johnson@example.com,2025-10-19,Sunday Morning
Laura Jones,laura.jones@example.com,2025-10-19,Sunday Morning
Samantha Jones,samantha.jones@example.com,2025-10-19,Sunday Morning
Paul Jones,paul.jones@example.com,2025-10-19,Sunday Morning
Linda Jones,linda.jones@example.com,2025-10-19,Sunday Morning
Jennifer Kim,jennifer.kim@example.com,2025-10-19,Sunday Morning
Richard Kim,richard.kim@example.com,2025-10-19,Sunday Morning
James King,james.king@example.com,2025-10-19,Sunday Morning
Richard King,,2025-10-19,Sunday Morning
Katherine King,katherine.king@example.com,2025-10-19,Sunday Morning
Timothy Kowalski,timothy.kowalski@example.com,2025-10-19,Sunday Morning
Nicole Lee,,2025-10-19,Sunday Morning
Samantha Lee,,2025-10-19,Sunday Morning
Charles Lewis,charles.lewis@example.com,2025-10-19,Sunday Morning
Stephen Lewis,stephen.lewis@example.com,2025-10-19,Sunday Morning
Karen Lewis,karen.lewis@example.com,2025-10-19,Sunday Morning
Elizabeth Lopez,elizabeth.lopez@example.com,2025-10-19,Sunday Morning
Michelle Lopez,michelle.lopez@example.com,2025-10-19,Sunday Morning
Amanda Lopez,amanda.lopez@example.com,2025-10-19,Sunday Morning
Michelle Miller,michelle.miller@example.com,2025-10-19,Sunday Morning
Melissa Miller,melissa.miller@example.com,2025-10-19,Sunday Morning
Kevin Miller,kevin.miller@example.com,2025-10-19,Sunday Morning
Ashley Mitchell,ashley.mitchell@example.com,2025-10-19,Sunday Morning
Linda Mitchell,linda.mitchell@example.com,2025-10-19,Sunday Morning
Jason Mitchell,jason.mitchell@example.com,2025-10-19,Sunday Morning
Ronald Moore,ronald.moore@example.com,2025-10-19,Sunday Morning
Mary Nelson,mary.nelson@example.com,2025-10-19,Sunday Morning
Michelle Nelson,michelle.nelson@example.com,2025-10-19,Sunday Morning
Jason Nelson,jason.nelson@example.com,2025-10-19,Sunday Morning
Thomas Nelson,thomas.nelson@example.com,2025-10-19,Sunday Morning
Barbara Nguyen,,2025-10-19,Sunday Morning
Lisa O'Brien,lisa.obrien@example.com,2025-10-19,Sunday Morning
John Okafor,,2025-10-19,Sunday Morning
Lisa Okafor,lisa.okafor@example.com,2025-10-19,Sunday Morning
Mark Perez,mark.perez@example.com,2025-10-19,Sunday Morning
Karen Perez,,2025-10-19,Sunday Morning
Jason Petrov,jason.petrov@example.com,2025-10-19,Sunday Morning
Anthony Petrov,anthony.petrov@example.com,2025-10-19,Sunday Morning
Sarah Ramirez,sarah.ramirez@example.com,2025-10-19,Sunday Morning
Ashley Ramirez,,2025-10-19,Sunday Morning
Karen Rivera,karen.rivera@example.com,2025-10-19,Sunday Morning
Jonathan Roberts,jonathan.roberts@example.com,2025-10-19,Sunday Morning
Brenda Roberts,brenda.roberts@example.com,2025-10-19,Sunday Morning
Carol Roberts,carol.roberts@example.com,2025-10-19,Sunday Morning
Timothy Roberts,,2025-10-19,Sunday Morning
Scott Robinson,scott.robinson@example.com,2025-10-19,Sunday Morning
John Robinson,john.robinson@example.com,2025-10-19,Sunday Morning
Jessica Robinson,jessica.robinson@example.com,2025-10-19,Sunday Morning
Jason Rodriguez,jason.rodriguez@example.com,2025-10-19,Sunday Morning
Donald Rodriguez,donald.rodriguez@example.com,2025-10-19,Sunday Morning
Jonathan Rodriguez,jonathan.rodriguez@example.com,2025-10-19,Sunday Morning
Ashley Rodriguez,ashley.rodriguez@example.com,2025-10-19,Sunday Morning
Ronald Rodriguez,,2025-10-19,Sunday Morning
Emily Rodriguez,,2025-10-19,Sunday Morning
Matthew Sanchez,,2025-10-19,Sunday Morning
Justin Taylor,justin.taylor@example.com,2025-10-19,Sunday Morning
Ruth Taylor,ruth.taylor@example.com,2025-10-19,Sunday Morning
Cynthia Thomas,cynthia.thomas@example.com,2025-10-19,Sunday Morning
Susan Thomas,susan.thomas@example.com,2025-10-19,Sunday Morning
Melissa Thomas,melissa.thomas@example.com,2025-10-19,Sunday Morning
Justin Torres,justin.torres@example.com,2025-10-19,Sunday Morning
Mary Torres,mary.torres@example.com,2025-10-19,Sunday Morning
Stephanie Torres,stephanie.torres@example.com,2025-10-19,Sunday Morning
Brandon Williams,brandon.williams@example.com,2025-10-19,Sunday Morning
Cynthia Wilson,cynthia.wilson@example.com,2025-10-19,Sunday Morning
Deborah Wright,deborah.wright@example.com,2025-10-19,Sunday Morning
Susan Yamamoto,susan.yamamoto@example.com,2025-10-19,Sunday Morning
Ronald Yamamoto,ronald.yamamoto@example.com,2025-10-19,Sunday Morning
Betty Jones,betty.jones@example.com,2025-10-22,Wednesday Night
Laura Miller,laura.miller@example.com,2025-10-22,Wednesday Night
Mark Okafor,,2025-10-22,Wednesday Night
Brenda Roberts,brenda.roberts@example.com,2025-10-22,Wednesday Night
Elizabeth Sanchez,elizabeth.sanchez@example.com,2025-10-22,Wednesday Night
Anna Scott,anna.scott@example.com,2025-10-22,Wednesday Night
Cynthia Silva,cynthia.silva@example.com,2025-10-22,Wednesday Night
Justin Taylor,justin.taylor@example.com,2025-10-22,Wednesday Night
Mark Adams,mark.adams@example.com,2025-10-26,Sunday Evening
Paul Baker,paul.baker@example.com,2025-10-26,Sunday Evening
Nicole Brown,nicole.brown@example.com,2025-10-26,Sunday Evening
Jessica Campbell,jessica.campbell@example.com,2025-10-26,Sunday Evening
Brenda Gonzalez,brenda.gonzalez@example.com,2025-10-26,Sunday Evening
Deborah Hernandez,deborah.hernandez@example.com,2025-10-26,Sunday Evening
Carol Hernandez,carol.hernandez@example.com,2025-10-26,Sunday Evening
Elizabeth Jackson,elizabeth.jackson@example.com,2025-10-26,Sunday Evening
Samantha Jones,samantha.jones@example.com,2025-10-26,Sunday Evening
Richard Kim,richard.kim@example.com,2025-10-26,Sunday Evening
Richard King,,2025-10-26,Sunday Evening
Andrew Kowalski,andrew.kowalski@example.com,2025-10-26,Sunday Evening
Nicole Lee,,2025-10-26,Sunday Evening
Rebecca Nelson,rebecca.nelson@example.com,2025-10-26,Sunday Evening
Thomas Nelson,thomas.nelson@example.com,2025-10-26,Sunday Evening
Kathleen Ramirez,kathleen.ramirez@example.com,2025-10-26,Sunday Evening
Jonathan Roberts,jonathan.roberts@example.com,2025-10-26,Sunday Evening
Brenda Roberts,brenda.roberts@example.com,2025-10-26,Sunday Evening
Stephen Smith,stephen.smith@example.com,2025-10-26,Sunday Evening
Ruth Taylor,ruth.taylor@example.com,2025-10-26,Sunday Evening
Justin Torres,justin.torres@example.com,2025-10-26,Sunday Evening
Ronald Yamamoto,ronald.yamamoto@example.com,2025-10-26,Sunday Evening
Jessica Adams,jessica.adams@example.com,2025-10-26,Sunday Morning
Mark Adams,mark.adams@example.com,2025-10-26,Sunday Morning
George Anderson,,2025-10-26,Sunday Morning
Edward Baker,edward.baker@example.com,2025-10-26,Sunday Morning
Sandra Baker,,2025-10-26,Sunday Morning
Paul Baker,paul.baker@example.com,2025-10-26,Sunday Morning
Michael Baker,michael.baker@example.com,2025-10-26,Sunday Morning
Katherine Baker,,2025-10-26,Sunday Morning
Jessica Campbell,jessica.campbell@example.com,2025-10-26,Sunday Morning
Brian Campbell,,2025-10-26,Sunday Morning
Jeffrey Carter,jeffrey.carter@example.com,2025-10-26,Sunday Morning
Jason Clark,,2025-10-26,Sunday Morning
Nancy Clark,nancy.clark@example.com,2025-10-26,Sunday Morning
Ryan Clark,ryan.clark@example.com,2025-10-26,Sunday Morning
Rebecca Clark,rebecca.clark@example.com,2025-10-26,Sunday Morning
Rebecca Davis,rebecca.davis@example.com,2025-10-26,Sunday Morning
Amy Davis,,2025-10-26,Sunday Morning
Jason Davis,,2025-10-26,Sunday Morning
Amanda Diaz,amanda.diaz@example.com,2025-10-26,Sunday Morning
Brandon Diaz,brandon.diaz@example.com,2025-10-26,Sunday Morning
Thomas Flores,thomas.flores@example.com,2025-10-26,Sunday Morning
Matthew Flores,matthew.flores@example.com,2025-10-26,Sunday Morning
Brenda Gonzalez,brenda.gonzalez@example.com,2025-10-26,Sunday Morning
Charles Hall,charles.hall@example.com,2025-10-26,Sunday Morning
Andrew Hall,andrew.hall@example.com,2025-10-26,Sunday Morning
Donald Hall,donald.hall@example.com,2025-10-26,Sunday Morning
Kathleen Hall,kathleen.hall@example.com,2025-10-26,Sunday Morning
Jason Hall,jason.hall@example.com,2025-10-26,Sunday Morning
Barbara Harris,barbara.harris@example.com,2025-10-26,Sunday Morning
Richard Harris,richard.harris@example.com,2025-10-26,Sunday Morning
Deborah Hernandez,deborah.hernandez@example.com,2025-10-26,Sunday Morning
James Hill,,2025-10-26,Sunday Morning
Katherine Hill,katherine.hill@example.com,2025-10-26,Sunday Morning
Carol Hill,carol.hill@example.com,2025-10-26,Sunday Morning
Edward Hill,edward.hill@example.com,2025-10-26,Sunday Morning
Linda Jackson,,2025-10-26,Sunday Morning
Amanda Johnson,amanda.johnson@example.com,2025-10-26,Sunday Morning
Gary Johnson,gary.johnson@example.com,2025-10-26,Sunday Morning
Andrew Johnson,andrew.johnson@example.com,2025-10-26,Sunday Morning
Laura Jones,laura.jones@example.com,2025-10-26,Sunday Morning
Betty Jones,betty.jones@example.com,2025-10-26,Sunday Morning
Samantha Jones,samantha.jones@example.com,2025-10-26,Sunday Morning
Linda Jones,linda.jones@example.com,2025-10-26,Sunday Morning
Richard Kim,richard.kim@example.com,2025-10-26,Sunday Morning
Richard King,,2025-10-26,Sunday Morning
Katherine King,katherine.king@example.com,2025-10-26,Sunday Morning
Andrew Kowalski,andrew.kowalski@example.com,2025-10-26,Sunday Morning
Timothy Kowalski,timothy.kowalski@example.com,2025-10-26,Sunday Morning
Nicole Lee,,2025-10-26,Sunday Morning
Samantha Lee,,2025-10-26,Sunday Morning
Karen Lewis,karen.lewis@example.com,2025-10-26,Sunday Morning
Jacob Lewis,,2025-10-26,Sunday Morning
Michelle Lopez,michelle.lopez@example.com,2025-10-26,Sunday Morning
Michelle Miller,michelle.miller@example.com,2025-10-26,Sunday Morning
Laura Miller,laura.miller@example.com,2025-10-26,Sunday Morning
Deborah Miller,deborah.miller@example.com,2025-10-26,Sunday Morning
Melissa Miller,melissa.miller@example.com,2025-10-26,Sunday Morning
Kevin Miller,kevin.miller@example.com,2025-10-26,Sunday Morning
Linda Mitchell,linda.mitchell@example.com,2025-10-26,Sunday Morning
Jonathan Mitchell,jonathan.mitchell@example.com,2025-10-26,Sunday Morning
Donald Moore,donald.moore@example.com,2025-10-26,Sunday Morning
Ronald Moore,ronald.moore@example.com,2025-10-26,Sunday Morning
Emily Nelson,,2025-10-26,Sunday Morning
Brenda Nelson,brenda.nelson@example.com,2025-10-26,Sunday Morning
Michelle Nelson,michelle.nelson@example.com,2025-10-26,Sunday Morning
Barbara Nelson,barbara.nelson@example.com,2025-10-26,Sunday Morning
Barbara Nguyen,,2025-10-26,Sunday Morning
John Okafor,,2025-10-26,Sunday Morning
Mark Okafor,,2025-10-26,Sunday Morning
Samantha Okafor,,2025-10-26,Sunday Morning
Lisa Okafor,lisa.okafor@example.com,2025-10-26,Sunday Morning
Mark Perez,mark.perez@example.com,2025-10-26,Sunday Morning
Karen Perez,,2025-10-26,Sunday Morning
Joshua Petrov,joshua.petrov@example.com,2025-10-26,Sunday Morning
Jason Petrov,jason.petrov@example.com,2025-10-26,Sunday Morning
Anthony Petrov,anthony.petrov@example.com,2025-10-26,Sunday Morning
Nicole Ramirez,,2025-10-26,Sunday Morning
Pamela Ramirez,pamela.ramirez@example.com,2025-10-26,Sunday Morning
Karen Rivera,karen.rivera@example.com,2025-10-26,Sunday Morning
Jonathan Roberts,jonathan.roberts@example.com,2025-10-26,Sunday Morning
Carol Roberts,carol.roberts@example.com,2025-10-26,Sunday Morning
Timothy Roberts,,2025-10-26,Sunday Morning
Jessica Robinson,jessica.robinson@example.com,2025-10-26,Sunday Morning
Donald Rodriguez,donald.rodriguez@example.com,2025-10-26,Sunday Morning
Ronald Rodriguez,,2025-10-26,Sunday Morning
Kimberly Sanchez,kimberly.sanchez@example.com,2025-10-26,Sunday Morning
Matthew Sanchez,,2025-10-26,Sunday Morning
Mark Sanchez,mark.sanchez@example.com,2025-10-26,Sunday Morning
Elizabeth Sanchez,elizabeth.sanchez@example.com,2025-10-26,Sunday Morning
Jeffrey Scott,,2025-10-26,Sunday Morning
Anna Scott,anna.scott@example.com,2025-10-26,Sunday Morning
Barbara Silva,barbara.silva@example.com,2025-10-26,Sunday Morning
Cynthia Silva,cynthia.silva@example.com,2025-10-26,Sunday Morning
Stephen Smith,stephen.smith@example.com,2025-10-26,Sunday Morning
Justin Taylor,justin.taylor@example.com,2025-10-26,Sunday Morning
Susan Thomas,susan.thomas@example.com,2025-10-26,Sunday Morning
Melissa Thomas,melissa.thomas@example.com,2025-10-26,Sunday Morning
Justin Torres,justin.torres@example.com,2025-10-26,Sunday Morning
Mary Torres,mary.torres@example.com,2025-10-26,Sunday Morning
Stephanie Torres,stephanie.torres@example.com,2025-10-26,Sunday Morning
Amy Walker,,2025-10-26,Sunday Morning
Emily Williams,emily.williams@example.com,2025-10-26,Sunday Morning
Brandon Williams,brandon.williams@example.com,2025-10-26,Sunday Morning
Paul Wilson,paul.wilson@example.com,2025-10-26,Sunday Morning
Matthew Wilson,matthew.wilson@example.com,2025-10-26,Sunday Morning
Andrew Wilson,andrew.wilson@example.com,2025-10-26,Sunday Morning
Cynthia Wilson,cynthia.wilson@example.com,2025-10-26,Sunday Morning
Susan Yamamoto,susan.yamamoto@example.com,2025-10-26,Sunday Morning
Ronald Yamamoto,ronald.yamamoto@example.com,2025-10-26,Sunday Morning
Brian Yamamoto,brian.yamamoto@example.com,2025-10-26,Sunday Morning
Lisa Young,lisa.young@example.com,2025-10-26,Sunday Morning
Kevin Chen,kevin.chen@example.com,2025-10-29,Wednesday Night
Jason Garcia,jason.garcia@example.com,2025-10-29,Wednesday Night
Brenda Gonzalez,brenda.gonzalez@example.com,2025-10-29,Wednesday Night
Deborah Hernandez,deborah.hernandez@example.com,2025-10-29,Wednesday Night
Linda Jackson,,2025-10-29,Wednesday Night
Elizabeth Jackson,elizabeth.jackson@example.com,2025-10-29,Wednesday Night
Laura Jones,laura.jones@example.com,2025-10-29,Wednesday Night
Betty Jones,betty.jones@example.com,2025-10-29,Wednesday Night
Charles Lewis,charles.lewis@example.com,2025-10-29,Wednesday Night
Justin Martinez,justin.martinez@example.com,2025-10-29,Wednesday Night
Barbara Nguyen,,2025-10-29,Wednesday Night
Mark Okafor,,2025-10-29,Wednesday Night
Mark Perez,mark.perez@example.com,2025-10-29,Wednesday Night
Sarah Ramirez,sarah.ramirez@example.com,2025-10-29,Wednesday Night
Pamela Ramirez,pamela.ramirez@example.com,2025-10-29,Wednesday Night
Emily Roberts,emily.roberts@example.com,2025-10-29,Wednesday Night
Carol Roberts,carol.roberts@example.com,2025-10-29,Wednesday Night
Thomas Scott,thomas.scott@example.com,2025-10-29,Wednesday Night
Cynthia Silva,cynthia.silva@example.com,2025-10-29,Wednesday Night
Brandon Williams,brandon.williams@example.com,2025-10-29,Wednesday Night
Deborah Wright,deborah.wright@example.com,2025-10-29,Wednesday Night
Susan Yamamoto,susan.yamamoto@example.com,2025-10-29,Wednesday Night
Margaret Adams,margaret.adams@example.com,2025-11-02,Sunday Evening
Katherine Allen,katherine.allen@example.com,2025-11-02,Sunday Evening
Paul Allen,paul.allen@example.com,2025-11-02,Sunday Evening
Nicole Brown,nicole.brown@example.com,2025-11-02,Sunday Evening
Amanda Carter,amanda.carter@example.com,2025-11-02,Sunday Evening
Kevin Chen,kevin.chen@example.com,2025-11-02,Sunday Evening
Jason Garcia,jason.garcia@example.com,2025-11-02,Sunday Evening
Pamela Gonzalez,pamela.gonzalez@example.com,2025-11-02,Sunday Evening
Lisa Hernandez,lisa.hernandez@example.com,2025-11-02,Sunday Evening
Jacob Johnson,jacob.johnson@example.com,2025-11-02,Sunday Evening
Richard King,,2025-11-02,Sunday Evening
Andrew Kowalski,andrew.kowalski@example.com,2025-11-02,Sunday Evening
William Lee,william.lee@example.com,2025-11-02,Sunday Evening
Mark Okafor,,2025-11-02,Sunday Evening
Joshua Petrov,joshua.petrov@example.com,2025-11-02,Sunday Evening
Carol Roberts,carol.roberts@example.com,2025-11-02,Sunday Evening
John Robinson,john.robinson@example.com,2025-11-02,Sunday Evening
Jessica Robinson,jessica.robinson@example.com,2025-11-02,Sunday Evening
Jonathan Rodriguez,jonathan.rodriguez@example.com,2025-11-02,Sunday Evening
Elizabeth Sanchez,elizabeth.sanchez@example.com,2025-11-02,Sunday Evening
Melissa Thomas,melissa.thomas@example.com,2025-11-02,Sunday Evening
Mary Torres,mary.torres@example.com,2025-11-02,Sunday Evening
Margaret Adams,margaret.adams@example.com,2025-11-02,Sunday Morning
Jessica Adams,jessica.adams@example.com,2025-11-02,Sunday Morning
Mark Adams,mark.adams@example.com,2025-11-02,Sunday Morning
Katherine Allen,katherine.allen@example.com,2025-11-02,Sunday Morning
Laura Allen,laura.allen@example.com,2025-11-02,Sunday Morning
George Anderson,,2025-11-02,Sunday Morning
Anthony Baker,anthony.baker@example.com,2025-11-02,Sunday Morning
Katherine Baker,,2025-11-02,Sunday Morning
Jacob Chen,jacob.chen@example.com,2025-11-02,Sunday Morning
Kevin Chen,kevin.chen@example.com,2025-11-02,Sunday Morning
Daniel Chen,,2025-11-02,Sunday Morning
Ryan Clark,ryan.clark@example.com,2025-11-02,Sunday Morning
Rebecca Davis,rebecca.davis@example.com,2025-11-02,Sunday Morning
Amy Davis,,2025-11-02,Sunday Morning
Jason Davis,,2025-11-02,Sunday Morning
Amanda Diaz,amanda.diaz@example.com,2025-11-02,Sunday Morning
Brandon Diaz,brandon.diaz@example.com,2025-11-02,Sunday Morning
Jason Garcia,jason.garcia@example.com,2025-11-02,Sunday Morning
Brenda Gonzalez,brenda.gonzalez@example.com,2025-11-02,Sunday Morning
Robert Green,robert.green@example.com,2025-11-02,Sunday Morning
Andrew Hall,andrew.hall@example.com,2025-11-02,Sunday Morning
Donald Hall,donald.hall@example.com,2025-11-02,Sunday Morning
Kathleen Hall,kathleen.hall@example.com,2025-11-02,Sunday Morning
Jason Hall,jason.hall@example.com,2025-11-02,Sunday Morning
Barbara Harris,barbara.harris@example.com,2025-11-02,Sunday Morning
Richard Harris,richard.harris@example.com,2025-11-02,Sunday Morning
Jonathan Harris,jonathan.harris@example.com,2025-11-02,Sunday Morning
Deborah Hernandez,deborah.hernandez@example.com,2025-11-02,Sunday Morning
Linda Hernandez,linda.hernandez@example.com,2025-11-02,Sunday Morning
Lisa Hernandez,lisa.hernandez@example.com,2025-11-02,Sunday Morning
Carol Hernandez,carol.hernandez@example.com,2025-11-02,Sunday Morning
James Hill,,2025-11-02,Sunday Morning
Elizabeth Jackson,elizabeth.jackson@example.com,2025-11-02,Sunday Morning
Joseph Johnson,,2025-11-02,Sunday Morning
Andrew Johnson,andrew.johnson@example.com,2025-11-02,Sunday Morning
Laura Jones,laura.jones@example.com,2025-11-02,Sunday Morning
Betty Jones,betty.jones@example.com,2025-11-02,Sunday Morning
Samantha Jones,samantha.jones@example.com,2025-11-02,Sunday Morning
Richard Kim,richard.kim@example.com,2025-11-02,Sunday Morning
James King,james.king@example.com,2025-11-02,Sunday Morning
Gary King,gary.king@example.com,2025-11-02,Sunday Morning
Andrew Kowalski,andrew.kowalski@example.com,2025-11-02,Sunday Morning
Timothy Kowalski,timothy.kowalski@example.com,2025-11-02,Sunday Morning
Jennifer Lee,jennifer.lee@example.com,2025-11-02,Sunday Morning
Samantha Lee,,2025-11-02,Sunday Morning
Charles Lewis,charles.lewis@example.com,2025-11-02,Sunday Morning
Jeffrey Lewis,jeffrey.lewis@example.com,2025-11-02,Sunday Morning
Jacob Lewis,,2025-11-02,Sunday Morning
Michelle Lopez,michelle.lopez@example.com,2025-11-02,Sunday Morning
Justin Martinez,justin.martinez@example.com,2025-11-02,Sunday Morning
Michelle Miller,michelle.miller@example.com,2025-11-02,Sunday Morning
Laura Miller,laura.miller@example.com,2025-11-02,Sunday Morning
Melissa Miller,melissa.miller@example.com,2025-11-02,Sunday Morning
Ashley Mitchell,ashley.mitchell@example.com,2025-11-02,Sunday Morning
Barbara Mitchell,barbara.mitchell@example.com,2025-11-02,Sunday Morning
Donald Moore,donald.moore@example.com,2025-11-02,Sunday Morning
Ronald Moore,ronald.moore@example.com,2025-11-02,Sunday Morning
Rebecca Nelson,rebecca.nelson@example.com,2025-11-02,Sunday Morning
Mary Nelson,mary.nelson@example.com,2025-11-02,Sunday Morning
Michelle Nelson,michelle.nelson@example.com,2025-11-02,Sunday Morning
James Nelson,,2025-11-02,Sunday Morning
Barbara Nelson,barbara.nelson@example.com,2025-11-02,Sunday Morning
Barbara Nguyen,,2025-11-02,Sunday Morning
Sarah O'Brien,sarah.obrien@example.com,2025-11-02,Sunday Morning
Lisa O'Brien,lisa.obrien@example.com,2025-11-02,Sunday Morning
Mark Okafor,,2025-11-02,Sunday Morning
Lisa Okafor,lisa.okafor@example.com,2025-11-02,Sunday Morning
Mark Perez,mark.perez@example.com,2025-11-02,Sunday Morning
Karen Perez,,2025-11-02,Sunday Morning
Joshua Petrov,joshua.petrov@example.com,2025-11-02,Sunday Morning
Jason Petrov,jason.petrov@example.com,2025-11-02,Sunday Morning
Anthony Petrov,anthony.petrov@example.com,2025-11-02,Sunday Morning
Richard Petrov,richard.petrov@example.com,2025-11-02,Sunday Morning
Nicole Ramirez,,2025-11-02,Sunday Morning
Rebecca Ramirez,rebecca.ramirez@example.com,2025-11-02,Sunday Morning
Pamela Ramirez,pamela.ramirez@example.com,2025-11-02,Sunday Morning
Karen Rivera,karen.rivera@example.com,2025-11-02,Sunday Morning
Jonathan Roberts,jonathan.roberts@example.com,2025-11-02,Sunday Morning
Emily Roberts,emily.roberts@example.com,2025-11-02,Sunday Morning
Brenda Roberts,brenda.roberts@example.com,2025-11-02,Sunday Morning
Jessica Robinson,jessica.robinson@example.com,2025-11-02,Sunday Morning
Jason Rodriguez,jason.rodriguez@example.com,2025-11-02,Sunday Morning
Ronald Rodriguez,,2025-11-02,Sunday Morning
Matthew Sanchez,,2025-11-02,Sunday Morning
Mark Sanchez,mark.sanchez@example.com,2025-11-02,Sunday Morning
Jeffrey Scott,,2025-11-02,Sunday Morning
Anna Scott,anna.scott@example.com,2025-11-02,Sunday Morning
Margaret Taylor,margaret.taylor@example.com,2025-11-02,Sunday Morning
Cynthia Thomas,cynthia.thomas@example.com,2025-11-02,Sunday Morning
Melissa Thomas,melissa.thomas@example.com,2025-11-02,Sunday Morning
Mary Torres,mary.torres@example.com,2025-11-02,Sunday Morning
Stephanie Torres,stephanie.torres@example.com,2025-11-02,Sunday Morning
Elizabeth Torres,elizabeth.torres@example.com,2025-11-02,Sunday Morning
Amy Walker,,2025-11-02,Sunday Morning
Pamela Williams,pamela.williams@example.com,2025-11-02,Sunday Morning
Brandon Williams,brandon.williams@example.com,2025-11-02,Sunday Morning
Lisa Young,lisa.young@example.com,2025-11-02,Sunday Morning
Karen Young,karen.young@example.com,2025-11-02,Sunday Morning
Paul Allen,paul.allen@example.com,2025-11-05,Wednesday Night
Edward Baker,edward.baker@example.com,2025-11-05,Wednesday Night
Jacob Chen,jacob.chen@example.com,2025-11-05,Wednesday Night
Kevin Chen,kevin.chen@example.com,2025-11-05,Wednesday Night
Jason Hall,jason.hall@example.com,2025-11-05,Wednesday Night
Edward Hill,edward.hill@example.com,2025-11-05,Wednesday Night
Joseph Johnson,,2025-11-05,Wednesday Night
Betty Jones,betty.jones@example.com,2025-11-05,Wednesday Night
Richard King,,2025-11-05,Wednesday Night
Kevin Miller,kevin.miller@example.com,2025-11-05,Wednesday Night
Emily Nelson,,2025-11-05,Wednesday Night
Mary Nelson,mary.nelson@example.com,2025-11-05,Wednesday Night
Jason Nelson,jason.nelson@example.com,2025-11-05,Wednesday Night
John Okafor,,2025-11-05,Wednesday Night
Mark Perez,mark.perez@example.com,2025-11-05,Wednesday Night
Anthony Petrov,anthony.petrov@example.com,2025-11-05,Wednesday Night
Ronald Rodriguez,,2025-11-05,Wednesday Night
Emily Rodriguez,,2025-11-05,Wednesday Night
Barbara Silva,barbara.silva@example.com,2025-11-05,Wednesday Night
Cynthia Silva,cynthia.silva@example.com,2025-11-05,Wednesday Night
Matthew Wilson,matthew.wilson@example.com,2025-11-05,Wednesday Night
George Anderson,,2025-11-09,Sunday Evening
Paul Baker,paul.baker@example.com,2025-11-09,Sunday Evening
Nicole Brown,nicole.brown@example.com,2025-11-09,Sunday Evening
Amanda Carter,amanda.carter@example.com,2025-11-09,Sunday Evening
Jeffrey Carter,jeffrey.carter@example.com,2025-11-09,Sunday Evening
Amy Davis,,2025-11-09,Sunday Evening
Carol Hernandez,carol.hernandez@example.com,2025-11-09,Sunday Evening
Joseph Johnson,,2025-11-09,Sunday Evening
Samantha Jones,samantha.jones@example.com,2025-11-09,Sunday Evening
Paul Jones,paul.jones@example.com,2025-11-09,Sunday Evening
Timothy Lewis,,2025-11-09,Sunday Evening
Jacob Lewis,,2025-11-09,Sunday Evening
Deborah Miller,deborah.miller@example.com,2025-11-09,Sunday Evening
Linda Mitchell,linda.mitchell@example.com,2025-11-09,Sunday Evening
Emily Nelson,,2025-11-09,Sunday Evening
Michelle Nelson,michelle.nelson@example.com,2025-11-09,Sunday Evening
Sarah O'Brien,sarah.obrien@example.com,2025-11-09,Sunday Evening
Rebecca Ramirez,rebecca.ramirez@example.com,2025-11-09,Sunday Evening
Brenda Roberts,brenda.roberts@example.com,2025-11-09,Sunday Evening
Jason Rodriguez,jason.rodriguez@example.com,2025-11-09,Sunday Evening
Jonathan Rodriguez,jonathan.rodriguez@example.com,2025-11-09,Sunday Evening
Ronald Rodriguez,,2025-11-09,Sunday Evening
Matthew Sanchez,,2025-11-09,Sunday Evening
Thomas Scott,thomas.scott@example.com,2025-11-09,Sunday Evening
Pamela Williams,pamela.williams@example.com,2025-11-09,Sunday Evening
Ronald Yamamoto,ronald.yamamoto@example.com,2025-11-09,Sunday Evening
Margaret Adams,margaret.adams@example.com,2025-11-09,Sunday Morning
Jessica Adams,jessica.adams@example.com,2025-11-09,Sunday Morning
Mark Adams,mark.adams@example.com,2025-11-09,Sunday Morning
Paul Allen,paul.allen@example.com,2025-11-09,Sunday Morning
Edward Allen,edward.allen@example.com,2025-11-09,Sunday Morning
Anthony Baker,anthony.baker@example.com,2025-11-09,Sunday Morning
Edward Baker,edward.baker@example.com,2025-11-09,Sunday Morning
Charles Brown,charles.brown@example.com,2025-11-09,Sunday Morning
Kathleen Brown,kathleen.brown@example.com,2025-11-09,Sunday Morning
Nicole Brown,nicole.brown@example.com,2025-11-09,Sunday Morning
Jessica Campbell,jessica.campbell@example.com,2025-11-09,Sunday Morning
Brian Campbell,,2025-11-09,Sunday Morning
Jeffrey Carter,jeffrey.carter@example.com,2025-11-09,Sunday Morning
Jacob Chen,jacob.chen@example.com,2025-11-09,Sunday Morning
Kevin Chen,kevin.chen@example.com,2025-11-09,Sunday Morning
Nancy Clark,nancy.clark@example.com,2025-11-09,Sunday Morning
Jonathan Davis,jonathan.davis@example.com,2025-11-09,Sunday Morning
Rebecca Davis,rebecca.davis@example.com,2025-11-09,Sunday Morning
Jason Garcia,jason.garcia@example.com,2025-11-09,Sunday Morning
Brenda Gonzalez,brenda.gonzalez@example.com,2025-11-09,Sunday Morning
Robert Green,robert.green@example.com,2025-11-09,Sunday Morning
Charles Hall,charles.hall@example.com,2025-11-09,Sunday Morning
Andrew Hall,andrew.hall@example.com,2025-11-09,Sunday Morning
Donald Hall,donald.hall@example.com,2025-11-09,Sunday Morning
Kathleen Hall,kathleen.hall@example.com,2025-11-09,Sunday Morning
Barbara Harris,barbara.harris@example.com,2025-11-09,Sunday Morning
Richard Harris,richard.harris@example.com,2025-11-09,Sunday Morning
Deborah Hernandez,deborah.hernandez@example.com,2025-11-09,Sunday Morning
Lisa Hernandez,lisa.hernandez@example.com,2025-11-09,Sunday Morning
Katherine Hill,katherine.hill@example.com,2025-11-09,Sunday Morning
Edward Hill,edward.hill@example.com,2025-11-09,Sunday Morning
Gary Johnson,gary.johnson@example.com,2025-11-09,Sunday Morning
Angela Johnson,angela.johnson@example.com,2025-11-09,Sunday Morning
Betty Jones,betty.jones@example.com,2025-11-09,Sunday Morning
Samantha Jones,samantha.jones@example.com,2025-11-09,Sunday Morning
Paul Jones,paul.jones@example.com,2025-11-09,Sunday Morning
Jacob Kim,jacob.kim@example.com,2025-11-09,Sunday Morning
James King,james.king@example.com,2025-11-09,Sunday Morning
Richard King,,2025-11-09,Sunday Morning
Katherine King,katherine.king@example.com,2025-11-09,Sunday Morning
Samantha Lee,,2025-11-09,Sunday Morning
Charles Lewis,charles.lewis@example.com,2025-11-09,Sunday Morning
Karen Lewis,karen.lewis@example.com,2025-11-09,Sunday Morning
Jeffrey Lewis,jeffrey.lewis@example.com,2025-11-09,Sunday Morning
Jacob Lewis,,2025-11-09,Sunday Morning
Justin Martinez,justin.martinez@example.com,2025-11-09,Sunday Morning
Michelle Miller,michelle.miller@example.com,2025-11-09,Sunday Morning
Melissa Miller,melissa.miller@example.com,2025-11-09,Sunday Morning
Patricia Mitchell,patricia.mitchell@example.com,2025-11-09,Sunday Morning
Edward Moore,edward.moore@example.com,2025-11-09,Sunday Morning
Donald Moore,donald.moore@example.com,2025-11-09,Sunday Morning
Ronald Moore,ronald.moore@example.com,2025-11-09,Sunday Morning
Rebecca Nelson,rebecca.nelson@example.com,2025-11-09,Sunday Morning
Brenda Nelson,brenda.nelson@example.com,2025-11-09,Sunday Morning
Mary Nelson,mary.nelson@example.com,2025-11-09,Sunday Morning
Michelle Nelson,michelle.nelson@example.com,2025-11-09,Sunday Morning
James Nelson,,2025-11-09,Sunday Morning
Barbara Nguyen,,2025-11-09,Sunday Morning
Sarah O'Brien,sarah.obrien@example.com,2025-11-09,Sunday Morning
Mark Okafor,,2025-11-09,Sunday Morning
Samantha Okafor,,2025-11-09,Sunday Morning
Lisa Okafor,lisa.okafor@example.com,2025-11-09,Sunday Morning
Joshua Petrov,joshua.petrov@example.com,2025-11-09,Sunday Morning
Anthony Petrov,anthony.petrov@example.com,2025-11-09,Sunday Morning
Ashley Ramirez,,2025-11-09,Sunday Morning
Brenda Roberts,brenda.roberts@example.com,2025-11-09,Sunday Morning
Timothy Roberts,,2025-11-09,Sunday Morning
John Robinson,john.robinson@example.com,2025-11-09,Sunday Morning
Jessica Robinson,jessica.robinson@example.com,2025-11-09,Sunday Morning
Jason Rodriguez,jason.rodriguez@example.com,2025-11-09,Sunday Morning
Shirley Sanchez,,2025-11-09,Sunday Morning
Elizabeth Sanchez,elizabeth.sanchez@example.com,2025-11-09,Sunday Morning
Jeffrey Scott,,2025-11-09,Sunday Morning
Cynthia Silva,cynthia.silva@example.com,2025-11-09,Sunday Morning
Stephen Smith,stephen.smith@example.com,2025-11-09,Sunday Morning
Justin Taylor,justin.taylor@example.com,2025-11-09,Sunday Morning
Cynthia Thomas,cynthia.thomas@example.com,2025-11-09,Sunday Morning
Melissa Thomas,melissa.thomas@example.com,2025-11-09,Sunday Morning
Mark Thompson,mark.thompson@example.com,2025-11-09,Sunday Morning
Justin Torres,justin.torres@example.com,2025-11-09,Sunday Morning
Stephanie Torres,stephanie.torres@example.com,2025-11-09,Sunday Morning
Amy Walker,,2025-11-09,Sunday Morning
Pamela Williams,pamela.williams@example.com,2025-11-09,Sunday Morning
Brandon Williams,brandon.williams@example.com,2025-11-09,Sunday Morning
Andrew Wilson,andrew.wilson@example.com,2025-11-09,Sunday Morning
Cynthia Wilson,cynthia.wilson@example.com,2025-11-09,Sunday Morning
Deborah Wright,deborah.wright@example.com,2025-11-09,Sunday Morning
Susan Yamamoto,susan.yamamoto@example.com,2025-11-09,Sunday Morning
Brian Yamamoto,brian.yamamoto@example.com,2025-11-09,Sunday Morning
Lisa Young,lisa.young@example.com,2025-11-09,Sunday Morning
Katherine Baker,,2025-11-12,Wednesday Night
Daniel Chen,,2025-11-12,Wednesday Night
Sharon Green,,2025-11-12,Wednesday Night
Richard Harris,richard.harris@example.com,2025-11-12,Wednesday Night
Deborah Hernandez,deborah.hernandez@example.com,2025-11-12,Wednesday Night
Paul Jones,paul.jones@example.com,2025-11-12,Wednesday Night
Katherine King,katherine.king@example.com,2025-11-12,Wednesday Night
Jennifer Lee,jennifer.lee@example.com,2025-11-12,Wednesday Night
Samantha Lee,,2025-11-12,Wednesday Night
Patricia Mitchell,patricia.mitchell@example.com,2025-11-12,Wednesday Night
Michelle Nelson,michelle.nelson@example.com,2025-11-12,Wednesday Night
Sarah O'Brien,sarah.obrien@example.com,2025-11-12,Wednesday Night
Jessica Robinson,jessica.robinson@example.com,2025-11-12,Wednesday Night
Donald Rodriguez,donald.rodriguez@example.com,2025-11-12,Wednesday Night
Kimberly Sanchez,kimberly.sanchez@example.com,2025-11-12,Wednesday Night
Shirley Sanchez,,2025-11-12,Wednesday Night
Pamela Williams,pamela.williams@example.com,2025-11-12,Wednesday Night
Edward Allen,edward.allen@example.com,2025-11-16,Sunday Evening
Jessica Campbell,jessica.campbell@example.com,2025-11-16,Sunday Evening
Jacob Chen,jacob.chen@example.com,2025-11-16,Sunday Evening
Jason Hall,jason.hall@example.com,2025-11-16,Sunday Evening
Linda Hernandez,linda.hernandez@example.com,2025-11-16,Sunday Evening
James Hill,,2025-11-16,Sunday Evening
Edward Hill,edward.hill@example.com,2025-11-16,Sunday Evening
Katherine King,katherine.king@example.com,2025-11-16,Sunday Evening
Jacob Lewis,,2025-11-16,Sunday Evening
Patricia Mitchell,patricia.mitchell@example.com,2025-11-16,Sunday Evening
Mary Nelson,mary.nelson@example.com,2025-11-16,Sunday Evening
Michelle Nelson,michelle.nelson@example.com,2025-11-16,Sunday Evening
Barbara Nelson,barbara.nelson@example.com,2025-11-16,Sunday Evening
Mark Perez,mark.perez@example.com,2025-11-16,Sunday Evening
Jason Petrov,jason.petrov@example.com,2025-11-16,Sunday Evening
Nicole Ramirez,,2025-11-16,Sunday Evening
Timothy Roberts,,2025-11-16,Sunday Evening
Ashley Rodriguez,ashley.rodriguez@example.com,2025-11-16,Sunday Evening
Jeffrey Scott,,2025-11-16,Sunday Evening
Elizabeth Torres,elizabeth.torres@example.com,2025-11-16,Sunday Evening
Cynthia Wilson,cynthia.wilson@example.com,2025-11-16,Sunday Evening
Susan Yamamoto,susan.yamamoto@example.com,2025-11-16,Sunday Evening
Ronald Yamamoto,ronald.yamamoto@example.com,2025-11-16,Sunday Evening
Brian Yamamoto,brian.yamamoto@example.com,2025-11-16,Sunday Evening
Katherine Allen,katherine.allen@example.com,2025-11-16,Sunday Morning
Paul Baker,paul.baker@example.com,2025-11-16,Sunday Morning
Katherine Baker,,2025-11-16,Sunday Morning
Charles Brown,charles.brown@example.com,2025-11-16,Sunday Morning
Kathleen Brown,kathleen.brown@example.com,2025-11-16,Sunday Morning
Stephen Campbell,stephen.campbell@example.com,2025-11-16,Sunday Morning
Nancy Clark,nancy.clark@example.com,2025-11-16,Sunday Morning
Rebecca Clark,rebecca.clark@example.com,2025-11-16,Sunday Morning
Amy Davis,,2025-11-16,Sunday Morning
Amanda Diaz,amanda.diaz@example.com,2025-11-16,Sunday Morning
Brandon Diaz,brandon.diaz@example.com,2025-11-16,Sunday Morning
Thomas Flores,thomas.flores@example.com,2025-11-16,Sunday Morning
Jason Garcia,jason.garcia@example.com,2025-11-16,Sunday Morning
Sharon Green,,2025-11-16,Sunday Morning
Robert Green,robert.green@example.com,2025-11-16,Sunday Morning
Charles Hall,charles.hall@example.com,2025-11-16,Sunday Morning
Donald Hall,donald.hall@example.com,2025-11-16,Sunday Morning
Jason Hall,jason.hall@example.com,2025-11-16,Sunday Morning
Richard Harris,richard.harris@example.com,2025-11-16,Sunday Morning
Deborah Hernandez,deborah.hernandez@example.com,2025-11-16,Sunday Morning
Carol Hernandez,carol.hernandez@example.com,2025-11-16,Sunday Morning
Karen Hernandez,karen.hernandez@example.com,2025-11-16,Sunday Morning
Carol Hill,carol.hill@example.com,2025-11-16,Sunday Morning
Edward Hill,edward.hill@example.com,2025-11-16,Sunday Morning
Linda Jackson,,2025-11-16,Sunday Morning
Elizabeth Jackson,elizabeth.jackson@example.com,2025-11-16,Sunday Morning
Jessica Jackson,jessica.jackson@example.com,2025-11-16,Sunday Morning
Joseph Johnson,,2025-11-16,Sunday Morning
Amanda Johnson,amanda.johnson@example.com,2025-11-16,Sunday Morning
Gary Johnson,gary.johnson@example.com,2025-11-16,Sunday Morning
Andrew Johnson,andrew.johnson@example.com,2025-11-16,Sunday Morning
Laura Jones,laura.jones@example.com,2025-11-16,Sunday Morning
Linda Jones,linda.jones@example.com,2025-11-16,Sunday Morning
Jennifer Kim,jennifer.kim@example.com,2025-11-16,Sunday Morning
Richard Kim,richard.kim@example.com,2025-11-16,Sunday Morning
Jacob Kim,jacob.kim@example.com,2025-11-16,Sunday Morning
Gary King,gary.king@example.com,2025-11-16,Sunday Morning
Andrew Kowalski,andrew.kowalski@example.com,2025-11-16,Sunday Morning
Jennifer Lee,jennifer.lee@example.com,2025-11-16,Sunday Morning
Nicole Lee,,2025-11-16,Sunday Morning
William Lee,william.lee@example.com,2025-11-16,Sunday Morning
Charles Lewis,charles.lewis@example.com,2025-11-16,Sunday Morning
Karen Lewis,karen.lewis@example.com,2025-11-16,Sunday Morning
Jeffrey Lewis,jeffrey.lewis@example.com,2025-11-16,Sunday Morning
Brian Lewis,brian.lewis@example.com,2025-11-16,Sunday Morning
Elizabeth Lewis,elizabeth.lewis@example.com,2025-11-16,Sunday Morning
Justin Martinez,justin.martinez@example.com,2025-11-16,Sunday Morning
Michelle Miller,michelle.miller@example.com,2025-11-16,Sunday Morning
Laura Miller,laura.miller@example.com,2025-11-16,Sunday Morning
Melissa Miller,melissa.miller@example.com,2025-11-16,Sunday Morning
Ashley Mitchell,ashley.mitchell@example.com,2025-11-16,Sunday Morning
Linda Mitchell,linda.mitchell@example.com,2025-11-16,Sunday Morning
Jason Mitchell,jason.mitchell@example.com,2025-11-16,Sunday Morning
Ashley Moore,,2025-11-16,Sunday Morning
Ronald Moore,ronald.moore@example.com,2025-11-16,Sunday Morning
Rebecca Nelson,rebecca.nelson@example.com,2025-11-16,Sunday Morning
Emily Nelson,,2025-11-16,Sunday Morning
Brenda Nelson,brenda.nelson@example.com,2025-11-16,Sunday Morning
Jason Nelson,jason.nelson@example.com,2025-11-16,Sunday Morning
James Nelson,,2025-11-16,Sunday Morning
Sarah O'Brien,sarah.obrien@example.com,2025-11-16,Sunday Morning
Mark Okafor,,2025-11-16,Sunday Morning
Lisa Okafor,lisa.okafor@example.com,2025-11-16,Sunday Morning
Mark Perez,mark.perez@example.com,2025-11-16,Sunday Morning
Karen Perez,,2025-11-16,Sunday Morning
Jason Petrov,jason.petrov@example.com,2025-11-16,Sunday Morning
Anthony Petrov,anthony.petrov@example.com,2025-11-16,Sunday Morning
Richard Petrov,richard.petrov@example.com,2025-11-16,Sunday Morning
Sarah Ramirez,sarah.ramirez@example.com,2025-11-16,Sunday Morning
Nicole Ramirez,,2025-11-16,Sunday Morning
Rebecca Ramirez,rebecca.ramirez@example.com,2025-11-16,Sunday Morning
Ashley Ramirez,,2025-11-16,Sunday Morning
Karen Rivera,karen.rivera@example.com,2025-11-16,Sunday Morning
Emily Roberts,emily.roberts@example.com,2025-11-16,Sunday Morning
Brenda Roberts,brenda.roberts@example.com,2025-11-16,Sunday Morning
Timothy Roberts,,2025-11-16,Sunday Morning
Scott Robinson,scott.robinson@example.com,2025-11-16,Sunday Morning
John Robinson,john.robinson@example.com,2025-11-16,Sunday Morning
Jason Rodriguez,jason.rodriguez@example.com,2025-11-16,Sunday Morning
Donald Rodriguez,donald.rodriguez@example.com,2025-11-16,Sunday Morning
Ronald Rodriguez,,2025-11-16,Sunday Morning
Kimberly Sanchez,kimberly.sanchez@example.com,2025-11-16,Sunday Morning
Matthew Sanchez,,2025-11-16,Sunday Morning
Shirley Sanchez,,2025-11-16,Sunday Morning
Anna Scott,anna.scott@example.com,2025-11-16,Sunday Morning
Cynthia Silva,cynthia.silva@example.com,2025-11-16,Sunday Morning
Stephen Smith,stephen.smith@example.com,2025-11-16,Sunday Morning
Justin Taylor,justin.taylor@example.com,2025-11-16,Sunday Morning
Cynthia Thomas,cynthia.thomas@example.com,2025-11-16,Sunday Morning
Susan Thomas,susan.thomas@example.com,2025-11-16,Sunday Morning
Mary Torres,mary.torres@example.com,2025-11-16,Sunday Morning
Elizabeth Torres,elizabeth.torres@example.com,2025-11-16,Sunday Morning
Amy Walker,,2025-11-16,Sunday Morning
Emily Williams,emily.williams@example.com,2025-11-16,Sunday Morning
Paul Wilson,paul.wilson@example.com,2025-11-16,Sunday Morning
Andrew Wilson,andrew.wilson@example.com,2025-11-16,Sunday Morning
Deborah Wright,deborah.wright@example.com,2025-11-16,Sunday Morning
Ronald Yamamoto,ronald.yamamoto@example.com,2025-11-16,Sunday Morning
Brian Yamamoto,brian.yamamoto@example.com,2025-11-16,Sunday Morning
Edward Allen,edward.allen@example.com,2025-11-19,Wednesday Night
Michael Baker,michael.baker@example.com,2025-11-19,Wednesday Night
Matthew Flores,matthew.flores@example.com,2025-11-19,Wednesday Night
Kathleen Hall,kathleen.hall@example.com,2025-11-19,Wednesday Night
Jason Hall,jason.hall@example.com,2025-11-19,Wednesday Night
Joseph Johnson,,2025-11-19,Wednesday Night
Samantha Jones,samantha.jones@example.com,2025-11-19,Wednesday Night
Jacob Kim,jacob.kim@example.com,2025-11-19,Wednesday Night
Gary King,gary.king@example.com,2025-11-19,Wednesday Night
Laura Miller,laura.miller@example.com,2025-11-19,Wednesday Night
Donald Moore,donald.moore@example.com,2025-11-19,Wednesday Night
Rebecca Nelson,rebecca.nelson@example.com,2025-11-19,Wednesday Night
Stephen Smith,stephen.smith@example.com,2025-11-19,Wednesday Night
Margaret Taylor,margaret.taylor@example.com,2025-11-19,Wednesday Night
Andrew Wilson,andrew.wilson@example.com,2025-11-19,Wednesday Night
Margaret Adams,margaret.adams@example.com,2025-11-23,Sunday Evening
Charles Brown,charles.brown@example.com,2025-11-23,Sunday Evening
Amanda Carter,amanda.carter@example.com,2025-11-23,Sunday Evening
Jonathan Davis,jonathan.davis@example.com,2025-11-23,Sunday Evening
Brandon Diaz,brandon.diaz@example.com,2025-11-23,Sunday Evening
Andrew Hall,andrew.hall@example.com,2025-11-23,Sunday Evening
Deborah Hernandez,deborah.hernandez@example.com,2025-11-23,Sunday Evening
Elizabeth Jackson,elizabeth.jackson@example.com,2025-11-23,Sunday Evening
Amanda Johnson,amanda.johnson@example.com,2025-11-23,Sunday Evening
Laura Jones,laura.jones@example.com,2025-11-23,Sunday Evening
Gary King,gary.king@example.com,2025-11-23,Sunday Evening
Andrew Kowalski,andrew.kowalski@example.com,2025-11-23,Sunday Evening
Nicole Lee,,2025-11-23,Sunday Evening
Michelle Lopez,michelle.lopez@example.com,2025-11-23,Sunday Evening
Justin Martinez,justin.martinez@example.com,2025-11-23,Sunday Evening
Deborah Miller,deborah.miller@example.com,2025-11-23,Sunday Evening
Barbara Nguyen,,2025-11-23,Sunday Evening
Kathleen Ramirez,kathleen.ramirez@example.com,2025-11-23,Sunday Evening
Nicole Ramirez,,2025-11-23,Sunday Evening
Brian Rivera,brian.rivera@example.com,2025-11-23,Sunday Evening
Timothy Roberts,,2025-11-23,Sunday Evening
Scott Robinson,scott.robinson@example.com,2025-11-23,Sunday Evening
Donald Rodriguez,donald.rodriguez@example.com,2025-11-23,Sunday Evening
Jonathan Rodriguez,jonathan.rodriguez@example.com,2025-11-23,Sunday Evening
Kimberly Sanchez,kimberly.sanchez@example.com,2025-11-23,Sunday Evening
Pamela Williams,pamela.williams@example.com,2025-11-23,Sunday Evening
Katherine Allen,katherine.allen@example.com,2025-11-23,Sunday Morning
Paul Allen,paul.allen@example.com,2025-11-23,Sunday Morning
Edward Allen,edward.allen@example.com,2025-11-23,Sunday Morning
George Anderson,,2025-11-23,Sunday Morning
Edward Baker,edward.baker@example.com,2025-11-23,Sunday Morning
Michael Baker,michael.baker@example.com,2025-11-23,Sunday Morning
Katherine Baker,,2025-11-23,Sunday Morning
Jessica Campbell,jessica.campbell@example.com,2025-11-23,Sunday Morning
Stephen Campbell,stephen.campbell@example.com,2025-11-23,Sunday Morning
Brian Campbell,,2025-11-23,Sunday Morning
Amanda Carter,amanda.carter@example.com,2025-11-23,Sunday Morning
Daniel Chen,,2025-11-23,Sunday Morning
Rebecca Clark,rebecca.clark@example.com,2025-11-23,Sunday Morning
Rebecca Davis,rebecca.davis@example.com,2025-11-23,Sunday Morning
Amy Davis,,2025-11-23,Sunday Morning
Joseph Diaz,joseph.diaz@example.com,2025-11-23,Sunday Morning
Amanda Diaz,amanda.diaz@example.com,2025-11-23,Sunday Morning
Pamela Gonzalez,pamela.gonzalez@example.com,2025-11-23,Sunday Morning
Sharon Green,,2025-11-23,Sunday Morning
Charles Hall,charles.hall@example.com,2025-11-23,Sunday Morning
Andrew Hall,andrew.hall@example.com,2025-11-23,Sunday Morning
Donald Hall,donald.hall@example.com,2025-11-23,Sunday Morning
Barbara Harris,barbara.harris@example.com,2025-11-23,Sunday Morning
Richard Harris,richard.harris@example.com,2025-11-23,Sunday Morning
Lisa Hernandez,lisa.hernandez@example.com,2025-11-23,Sunday Morning
Carol Hernandez,carol.hernandez@example.com,2025-11-23,Sunday Morning
Katherine Hill,katherine.hill@example.com,2025-11-23,Sunday Morning
Carol Hill,carol.hill@example.com,2025-11-23,Sunday Morning
Edward Hill,edward.hill@example.com,2025-11-23,Sunday Morning
Amanda Johnson,amanda.johnson@example.com,2025-11-23,Sunday Morning
Andrew Johnson,andrew.johnson@example.com,2025-11-23,Sunday Morning
Angela Johnson,angela.johnson@example.com,2025-11-23,Sunday Morning
Laura Jones,laura.jones@example.com,2025-11-23,Sunday Morning
Betty Jones,betty.jones@example.com,2025-11-23,Sunday Morning
Linda Jones,linda.jones@example.com,2025-11-23,Sunday Morning
Jennifer Kim,jennifer.kim@example.com,2025-11-23,Sunday Morning
Richard Kim,richard.kim@example.com,2025-11-23,Sunday Morning
Gary King,gary.king@example.com,2025-11-23,Sunday Morning
Andrew Kowalski,andrew.kowalski@example.com,2025-11-23,Sunday Morning
Timothy Kowalski,timothy.kowalski@example.com,2025-11-23,Sunday Morning
Nicole Lee,,2025-11-23,Sunday Morning
William Lee,william.lee@example.com,2025-11-23,Sunday Morning
Charles Lewis,charles.lewis@example.com,2025-11-23,Sunday Morning
Jeffrey Lewis,jeffrey.lewis@example.com,2025-11-23,Sunday Morning
Michelle Lopez,michelle.lopez@example.com,2025-11-23,Sunday Morning
Amanda Lopez,amanda.lopez@example.com,2025-11-23,Sunday Morning
Justin Martinez,justin.martinez@example.com,2025-11-23,Sunday Morning
Michelle Miller,michelle.miller@example.com,2025-11-23,Sunday Morning
Laura Miller,laura.miller@example.com,2025-11-23,Sunday Morning
Melissa Miller,melissa.miller@example.com,2025-11-23,Sunday Morning
Kevin Miller,kevin.miller@example.com,2025-11-23,Sunday Morning
Ashley Mitchell,ashley.mitchell@example.com,2025-11-23,Sunday Morning
Jason Mitchell,jason.mitchell@example.com,2025-11-23,Sunday Morning
Donald Moore,donald.moore@example.com,2025-11-23,Sunday Morning
Rebecca Nelson,rebecca.nelson@example.com,2025-11-23,Sunday Morning
Emily Nelson,,2025-11-23,Sunday Morning
Brenda Nelson,brenda.nelson@example.com,2025-11-23,Sunday Morning
James Nelson,,2025-11-23,Sunday Morning
Barbara Nguyen,,2025-11-23,Sunday Morning
Sarah O'Brien,sarah.obrien@example.com,2025-11-23,Sunday Morning
Lisa O'Brien,lisa.obrien@example.com,2025-11-23,Sunday Morning
John Okafor,,2025-11-23,Sunday Morning
Mark Okafor,,2025-11-23,Sunday Morning
Lisa Okafor,lisa.okafor@example.com,2025-11-23,Sunday Morning
Karen Perez,,2025-11-23,Sunday Morning
Joshua Petrov,joshua.petrov@example.com,2025-11-23,Sunday Morning
Jason Petrov,jason.petrov@example.com,2025-11-23,Sunday Morning
Richard Petrov,richard.petrov@example.com,2025-11-23,Sunday Morning
Nicole Ramirez,,2025-11-23,Sunday Morning
Pamela Ramirez,pamela.ramirez@example.com,2025-11-23,Sunday Morning
Karen Rivera,karen.rivera@example.com,2025-11-23,Sunday Morning
Jonathan Roberts,jonathan.roberts@example.com,2025-11-23,Sunday Morning
Emily Roberts,emily.roberts@example.com,2025-11-23,Sunday Morning
Carol Roberts,carol.roberts@example.com,2025-11-23,Sunday Morning
Timothy Roberts,,2025-11-23,Sunday Morning
Scott Robinson,scott.robinson@example.com,2025-11-23,Sunday Morning
John Robinson,john.robinson@example.com,2025-11-23,Sunday Morning
Jessica Robinson,jessica.robinson@example.com,2025-11-23,Sunday Morning
Daniel Rodriguez,daniel.rodriguez@example.com,2025-11-23,Sunday Morning
Ronald Rodriguez,,2025-11-23,Sunday Morning
Kimberly Sanchez,kimberly.sanchez@example.com,2025-11-23,Sunday Morning
Shirley Sanchez,,2025-11-23,Sunday Morning
Mark Sanchez,mark.sanchez@example.com,2025-11-23,Sunday Morning
Jeffrey Scott,,2025-11-23,Sunday Morning
Thomas Scott,thomas.scott@example.com,2025-11-23,Sunday Morning
Cynthia Silva,cynthia.silva@example.com,2025-11-23,Sunday Morning
Ruth Taylor,ruth.taylor@example.com,2025-11-23,Sunday Morning
Jacob Thomas,jacob.thomas@example.com,2025-11-23,Sunday Morning
Mary Torres,mary.torres@example.com,2025-11-23,Sunday Morning
Amy Walker,,2025-11-23,Sunday Morning
Emily Williams,emily.williams@example.com,2025-11-23,Sunday Morning
Matthew Wilson,matthew.wilson@example.com,2025-11-23,Sunday Morning
Andrew Wilson,andrew.wilson@example.com,2025-11-23,Sunday Morning
Brian Yamamoto,brian.yamamoto@example.com,2025-11-23,Sunday Morning
Paul Baker,paul.baker@example.com,2025-11-26,Wednesday Night
Rebecca Davis,rebecca.davis@example.com,2025-11-26,Wednesday Night
Barbara Harris,barbara.harris@example.com,2025-11-26,Wednesday Night
Linda Hernandez,linda.hernandez@example.com,2025-11-26,Wednesday Night
Carol Hill,carol.hill@example.com,2025-11-26,Wednesday Night
Betty Jones,betty.jones@example.com,2025-11-26,Wednesday Night
Jennifer Kim,jennifer.kim@example.com,2025-11-26,Wednesday Night
Gary King,gary.king@example.com,2025-11-26,Wednesday Night
Nicole Lee,,2025-11-26,Wednesday Night
Laura Miller,laura.miller@example.com,2025-11-26,Wednesday Night
Edward Moore,edward.moore@example.com,2025-11-26,Wednesday Night
Ashley Ramirez,,2025-11-26,Wednesday Night
Mark Sanchez,mark.sanchez@example.com,2025-11-26,Wednesday Night
Jeffrey Scott,,2025-11-26,Wednesday Night
Justin Taylor,justin.taylor@example.com,2025-11-26,Wednesday Night
Mary Torres,mary.torres@example.com,2025-11-26,Wednesday Night
Ruth Williams,,2025-11-26,Wednesday Night
Andrew Wilson,andrew.wilson@example.com,2025-11-26,Wednesday Night
Ronald Yamamoto,ronald.yamamoto@example.com,2025-11-26,Wednesday Night
Jessica Adams,jessica.adams@example.com,2025-11-30,Sunday Evening
Charles Brown,charles.brown@example.com,2025-11-30,Sunday Evening
Jacob Chen,jacob.chen@example.com,2025-11-30,Sunday Evening
Jonathan Davis,jonathan.davis@example.com,2025-11-30,Sunday Evening
Amanda Diaz,amanda.diaz@example.com,2025-11-30,Sunday Evening
Thomas Flores,thomas.flores@example.com,2025-11-30,Sunday Evening
Brenda Gonzalez,brenda.gonzalez@example.com,2025-11-30,Sunday Evening
Robert Green,robert.green@example.com,2025-11-30,Sunday Evening
Richard Harris,richard.harris@example.com,2025-11-30,Sunday Evening
Lisa Hernandez,lisa.hernandez@example.com,2025-11-30,Sunday Evening
Carol Hernandez,carol.hernandez@example.com,2025-11-30,Sunday Evening
Linda Jackson,,2025-11-30,Sunday Evening
Elizabeth Jackson,elizabeth.jackson@example.com,2025-11-30,Sunday Evening
Richard Kim,richard.kim@example.com,2025-11-30,Sunday Evening
Jacob Kim,jacob.kim@example.com,2025-11-30,Sunday Evening
Katherine King,katherine.king@example.com,2025-11-30,Sunday Evening
Andrew Kowalski,andrew.kowalski@example.com,2025-11-30,Sunday Evening
Rebecca Nelson,rebecca.nelson@example.com,2025-11-30,Sunday Evening
Mary Nelson,mary.nelson@example.com,2025-11-30,Sunday Evening
Barbara Nelson,barbara.nelson@example.com,2025-11-30,Sunday Evening
Kathleen Ramirez,kathleen.ramirez@example.com,2025-11-30,Sunday Evening
Jason Rodriguez,jason.rodriguez@example.com,2025-11-30,Sunday Evening
Daniel Rodriguez,daniel.rodriguez@example.com,2025-11-30,Sunday Evening
Kimberly Sanchez,kimberly.sanchez@example.com,2025-11-30,Sunday Evening
Barbara Silva,barbara.silva@example.com,2025-11-30,Sunday Evening
Mary Torres,mary.torres@example.com,2025-11-30,Sunday Evening
Elizabeth Torres,elizabeth.torres@example.com,2025-11-30,Sunday Evening
Matthew Wilson,matthew.wilson@example.com,2025-11-30,Sunday Evening
Mark Adams,mark.adams@example.com,2025-11-30,Sunday Morning
Edward Allen,edward.allen@example.com,2025-11-30,Sunday Morning
George Anderson,,2025-11-30,Sunday Morning
Anthony Baker,anthony.baker@example.com,2025-11-30,Sunday Morning
Edward Baker,edward.baker@example.com,2025-11-30,Sunday Morning
Sandra Baker,,2025-11-30,Sunday Morning
Nicole Brown,nicole.brown@example.com,2025-11-30,Sunday Morning
Amanda Carter,amanda.carter@example.com,2025-11-30,Sunday Morning
Jacob Chen,jacob.chen@example.com,2025-11-30,Sunday Morning
Kevin Chen,kevin.chen@example.com,2025-11-30,Sunday Morning
Rebecca Clark,rebecca.clark@example.com,2025-11-30,Sunday Morning
Jonathan Davis,jonathan.davis@example.com,2025-11-30,Sunday Morning
Rebecca Davis,rebecca.davis@example.com,2025-11-30,Sunday Morning
Brandon Diaz,brandon.diaz@example.com,2025-11-30,Sunday Morning
Pamela Gonzalez,pamela.gonzalez@example.com,2025-11-30,Sunday Morning
Mark Gonzalez,mark.gonzalez@example.com,2025-11-30,Sunday Morning
Charles Hall,charles.hall@example.com,2025-11-30,Sunday Morning
Donald Hall,donald.hall@example.com,2025-11-30,Sunday Morning
Jason Hall,jason.hall@example.com,2025-11-30,Sunday Morning
Barbara Harris,barbara.harris@example.com,2025-11-30,Sunday Morning
Richard Harris,richard.harris@example.com,2025-11-30,Sunday Morning
Jonathan Harris,jonathan.harris@example.com,2025-11-30,Sunday Morning
Deborah Hernandez,deborah.hernandez@example.com,2025-11-30,Sunday Morning
Carol Hernandez,carol.hernandez@example.com,2025-11-30,Sunday Morning
Katherine Hill,katherine.hill@example.com,2025-11-30,Sunday Morning
Carol Hill,carol.hill@example.com,2025-11-30,Sunday Morning
Jacob Johnson,jacob.johnson@example.com,2025-11-30,Sunday Morning
Andrew Johnson,andrew.johnson@example.com,2025-11-30,Sunday Morning
Angela Johnson,angela.johnson@example.com,2025-11-30,Sunday Morning
Laura Jones,laura.jones@example.com,2025-11-30,Sunday Morning
Betty Jones,betty.jones@example.com,2025-11-30,Sunday Morning
Samantha Jones,samantha.jones@example.com,2025-11-30,Sunday Morning
Paul Jones,paul.jones@example.com,2025-11-30,Sunday Morning
Jennifer Kim,jennifer.kim@example.com,2025-11-30,Sunday Morning
Richard Kim,richard.kim@example.com,2025-11-30,Sunday Morning
Jacob Kim,jacob.kim@example.com,2025-11-30,Sunday Morning
Gary King,gary.king@example.com,2025-11-30,Sunday Morning
Katherine King,katherine.king@example.com,2025-11-30,Sunday Morning
Timothy Kowalski,timothy.kowalski@example.com,2025-11-30,Sunday Morning
Nicole Lee,,2025-11-30,Sunday Morning
Samantha Lee,,2025-11-30,Sunday Morning
William Lee,william.lee@example.com,2025-11-30,Sunday Morning
Charles Lewis,charles.lewis@example.com,2025-11-30,Sunday Morning
Karen Lewis,karen.lewis@example.com,2025-11-30,Sunday Morning
Michelle Lopez,michelle.lopez@example.com,2025-11-30,Sunday Morning
Michelle Miller,michelle.miller@example.com,2025-11-30,Sunday Morning
Laura Miller,laura.miller@example.com,2025-11-30,Sunday Morning
Melissa Miller,melissa.miller@example.com,2025-11-30,Sunday Morning
Kevin Miller,kevin.miller@example.com,2025-11-30,Sunday Morning
Linda Mitchell,linda.mitchell@example.com,2025-11-30,Sunday Morning
Jason Mitchell,jason.mitchell@example.com,2025-11-30,Sunday Morning
Barbara Mitchell,barbara.mitchell@example.com,2025-11-30,Sunday Morning
Emily Nelson,,2025-11-30,Sunday Morning
Brenda Nelson,brenda.nelson@example.com,2025-11-30,Sunday Morning
Mary Nelson,mary.nelson@example.com,2025-11-30,Sunday Morning
Michelle Nelson,michelle.nelson@example.com,2025-11-30,Sunday Morning
Jason Nelson,jason.nelson@example.com,2025-11-30,Sunday Morning
Barbara Nelson,barbara.nelson@example.com,2025-11-30,Sunday Morning
Thomas Nelson,thomas.nelson@example.com,2025-11-30,Sunday Morning
Sarah O'Brien,sarah.obrien@example.com,2025-11-30,Sunday Morning
Lisa O'Brien,lisa.obrien@example.com,2025-11-30,Sunday Morning
John Okafor,,2025-11-30,Sunday Morning
Lisa Okafor,lisa.okafor@example.com,2025-11-30,Sunday Morning
Karen Perez,,2025-11-30,Sunday Morning
Jason Petrov,jason.petrov@example.com,2025-11-30,Sunday Morning
Sarah Ramirez,sarah.ramirez@example.com,2025-11-30,Sunday Morning
Pamela Ramirez,pamela.ramirez@example.com,2025-11-30,Sunday Morning
Karen Rivera,karen.rivera@example.com,2025-11-30,Sunday Morning
Brian Rivera,brian.rivera@example.com,2025-11-30,Sunday Morning
Emily Roberts,emily.roberts@example.com,2025-11-30,Sunday Morning
Brenda Roberts,brenda.roberts@example.com,2025-11-30,Sunday Morning
Carol Roberts,carol.roberts@example.com,2025-11-30,Sunday Morning
Timothy Roberts,,2025-11-30,Sunday Morning
Jessica Robinson,jessica.robinson@example.com,2025-11-30,Sunday Morning
Jason Rodriguez,jason.rodriguez@example.com,2025-11-30,Sunday Morning
Daniel Rodriguez,daniel.rodriguez@example.com,2025-11-30,Sunday Morning
Ronald Rodriguez,,2025-11-30,Sunday Morning
Emily Rodriguez,,2025-11-30,Sunday Morning
Matthew Sanchez,,2025-11-30,Sunday Morning
Anna Scott,anna.scott@example.com,2025-11-30,Sunday Morning
Barbara Silva,barbara.silva@example.com,2025-11-30,Sunday Morning
Stephen Smith,stephen.smith@example.com,2025-11-30,Sunday Morning
Margaret Taylor,margaret.taylor@example.com,2025-11-30,Sunday Morning
Ruth Taylor,ruth.taylor@example.com,2025-11-30,Sunday Morning
Cynthia Thomas,cynthia.thomas@example.com,2025-11-30,Sunday Morning
Melissa Thomas,melissa.thomas@example.com,2025-11-30,Sunday Morning
Stephanie Torres,stephanie.torres@example.com,2025-11-30,Sunday Morning
Amy Walker,,2025-11-30,Sunday Morning
Emily Williams,emily.williams@example.com,2025-11-30,Sunday Morning
Cynthia Wilson,cynthia.wilson@example.com,2025-11-30,Sunday Morning
Deborah Wright,deborah.wright@example.com,2025-11-30,Sunday Morning
Ronald Yamamoto,ronald.yamamoto@example.com,2025-11-30,Sunday Morning
Brian Yamamoto,brian.yamamoto@example.com,2025-11-30,Sunday Morning
Lisa Young,lisa.young@example.com,2025-11-30,Sunday Morning
Margaret Adams,margaret.adams@example.com,2025-12-03,Wednesday Night
George Anderson,,2025-12-03,Wednesday Night
Paul Baker,paul.baker@example.com,2025-12-03,Wednesday Night
Brenda Gonzalez,brenda.gonzalez@example.com,2025-12-03,Wednesday Night
Barbara Harris,barbara.harris@example.com,2025-12-03,Wednesday Night
Richard Harris,richard.harris@example.com,2025-12-03,Wednesday Night
Amanda Johnson,amanda.johnson@example.com,2025-12-03,Wednesday Night
Jacob Johnson,jacob.johnson@example.com,2025-12-03,Wednesday Night
Nicole Lee,,2025-12-03,Wednesday Night
Charles Lewis,charles.lewis@example.com,2025-12-03,Wednesday Night
Deborah Miller,deborah.miller@example.com,2025-12-03,Wednesday Night
Linda Mitchell,linda.mitchell@example.com,2025-12-03,Wednesday Night
Michelle Nelson,michelle.nelson@example.com,2025-12-03,Wednesday Night
John Okafor,,2025-12-03,Wednesday Night
Karen Perez,,2025-12-03,Wednesday Night
Brian Rivera,brian.rivera@example.com,2025-12-03,Wednesday Night
Shirley Sanchez,,2025-12-03,Wednesday Night
Mary Torres,mary.torres@example.com,2025-12-03,Wednesday Night
Margaret Adams,margaret.adams@example.com,2025-12-07,Sunday Evening
Edward Allen,edward.allen@example.com,2025-12-07,Sunday Evening
Ryan Clark,ryan.clark@example.com,2025-12-07,Sunday Evening
Jason Davis,,2025-12-07,Sunday Evening
Amanda Diaz,amanda.diaz@example.com,2025-12-07,Sunday Evening
Brenda Gonzalez,brenda.gonzalez@example.com,2025-12-07,Sunday Evening
Andrew Hall,andrew.hall@example.com,2025-12-07,Sunday Evening
Katherine Hill,katherine.hill@example.com,2025-12-07,Sunday Evening
Joseph Johnson,,2025-12-07,Sunday Evening
Betty Jones,betty.jones@example.com,2025-12-07,Sunday Evening
Samantha Lee,,2025-12-07,Sunday Evening
Melissa Miller,melissa.miller@example.com,2025-12-07,Sunday Evening
Karen Rivera,karen.rivera@example.com,2025-12-07,Sunday Evening
Brian Rivera,brian.rivera@example.com,2025-12-07,Sunday Evening
Jonathan Roberts,jonathan.roberts@example.com,2025-12-07,Sunday Evening
Scott Robinson,scott.robinson@example.com,2025-12-07,Sunday Evening
Thomas Scott,thomas.scott@example.com,2025-12-07,Sunday Evening
Matthew Wilson,matthew.wilson@example.com,2025-12-07,Sunday Evening
Edward Allen,edward.allen@example.com,2025-12-07,Sunday Morning
George Anderson,,2025-12-07,Sunday Morning
Edward Baker,edward.baker@example.com,2025-12-07,Sunday Morning
Sandra Baker,,2025-12-07,Sunday Morning
Charles Brown,charles.brown@example.com,2025-12-07,Sunday Morning
Nicole Brown,nicole.brown@example.com,2025-12-07,Sunday Morning
Amanda Carter,amanda.carter@example.com,2025-12-07,Sunday Morning
Ryan Clark,ryan.clark@example.com,2025-12-07,Sunday Morning
Jonathan Davis,jonathan.davis@example.com,2025-12-07,Sunday Morning
Amy Davis,,2025-12-07,Sunday Morning
Amanda Diaz,amanda.diaz@example.com,2025-12-07,Sunday Morning
Brandon Diaz,brandon.diaz@example.com,2025-12-07,Sunday Morning
Thomas Flores,thomas.flores@example.com,2025-12-07,Sunday Morning
Jason Garcia,jason.garcia@example.com,2025-12-07,Sunday Morning
Mark Gonzalez,mark.gonzalez@example.com,2025-12-07,Sunday Morning
Sharon Green,,2025-12-07,Sunday Morning
Robert Green,robert.green@example.com,2025-12-07,Sunday Morning
Charles Hall,charles.hall@example.com,2025-12-07,Sunday Morning
Donald Hall,donald.hall@example.com,2025-12-07,Sunday Morning
Barbara Harris,barbara.harris@example.com,2025-12-07,Sunday Morning
Richard Harris,richard.harris@example.com,2025-12-07,Sunday Morning
Jonathan Harris,jonathan.harris@example.com,2025-12-07,Sunday Morning
Deborah Hernandez,deborah.hernandez@example.com,2025-12-07,Sunday Morning
Linda Hernandez,linda.hernandez@example.com,2025-12-07,Sunday Morning
James Hill,,2025-12-07,Sunday Morning
Katherine Hill,katherine.hill@example.com,2025-12-07,Sunday Morning
Edward Hill,edward.hill@example.com,2025-12-07,Sunday Morning
Linda Jackson,,2025-12-07,Sunday Morning
Gary Johnson,gary.johnson@example.com,2025-12-07,Sunday Morning
Andrew Johnson,andrew.johnson@example.com,2025-12-07,Sunday Morning
Betty Jones,betty.jones@example.com,2025-12-07,Sunday Morning
Jennifer Kim,jennifer.kim@example.com,2025-12-07,Sunday Morning
James King,james.king@example.com,2025-12-07,Sunday Morning
Richard King,,2025-12-07,Sunday Morning
Gary King,gary.king@example.com,2025-12-07,Sunday Morning
Mark Kowalski,mark.kowalski@example.com,2025-12-07,Sunday Morning
Nicole Lee,,2025-12-07,Sunday Morning
Samantha Lee,,2025-12-07,Sunday Morning
William Lee,william.lee@example.com,2025-12-07,Sunday Morning
Karen Lewis,karen.lewis@example.com,2025-12-07,Sunday Morning
Jacob Lewis,,2025-12-07,Sunday Morning
Amanda Lopez,amanda.lopez@example.com,2025-12-07,Sunday Morning
Justin Martinez,justin.martinez@example.com,2025-12-07,Sunday Morning
Michelle Miller,michelle.miller@example.com,2025-12-07,Sunday Morning
Laura Miller,laura.miller@example.com,2025-12-07,Sunday Morning
Deborah Miller,deborah.miller@example.com,2025-12-07,Sunday Morning
Melissa Miller,melissa.miller@example.com,2025-12-07,Sunday Morning
Kevin Miller,kevin.miller@example.com,2025-12-07,Sunday Morning
Linda Mitchell,linda.mitchell@example.com,2025-12-07,Sunday Morning
Jason Mitchell,jason.mitchell@example.com,2025-12-07,Sunday Morning
Emily Nelson,,2025-12-07,Sunday Morning
Brenda Nelson,brenda.nelson@example.com,2025-12-07,Sunday Morning
Mary Nelson,mary.nelson@example.com,2025-12-07,Sunday Morning
James Nelson,,2025-12-07,Sunday Morning
Thomas Nelson,thomas.nelson@example.com,2025-12-07,Sunday Morning
Lisa O'Brien,lisa.obrien@example.com,2025-12-07,Sunday Morning
Lisa Okafor,lisa.okafor@example.com,2025-12-07,Sunday Morning
Mark Perez,mark.perez@example.com,2025-12-07,Sunday Morning
Karen Perez,,2025-12-07,Sunday Morning
Joshua Petrov,joshua.petrov@example.com,2025-12-07,Sunday Morning
Nicole Ramirez,,2025-12-07,Sunday Morning
Rebecca Ramirez,rebecca.ramirez@example.com,2025-12-07,Sunday Morning
Ashley Ramirez,,2025-12-07,Sunday Morning
Karen Rivera,karen.rivera@example.com,2025-12-07,Sunday Morning
Jonathan Roberts,jonathan.roberts@example.com,2025-12-07,Sunday Morning
Timothy Roberts,,2025-12-07,Sunday Morning
John Robinson,john.robinson@example.com,2025-12-07,Sunday Morning
Jessica Robinson,jessica.robinson@example.com,2025-12-07,Sunday Morning
Jason Rodriguez,jason.rodriguez@example.com,2025-12-07,Sunday Morning
Daniel Rodriguez,daniel.rodriguez@example.com,2025-12-07,Sunday Morning
Kimberly Sanchez,kimberly.sanchez@example.com,2025-12-07,Sunday Morning
Matthew Sanchez,,2025-12-07,Sunday Morning
Elizabeth Sanchez,elizabeth.sanchez@example.com,2025-12-07,Sunday Morning
Thomas Scott,thomas.scott@example.com,2025-12-07,Sunday Morning
Cynthia Silva,cynthia.silva@example.com,2025-12-07,Sunday Morning
Justin Taylor,justin.taylor@example.com,2025-12-07,Sunday Morning
Margaret Taylor,margaret.taylor@example.com,2025-12-07,Sunday Morning
Susan Thomas,susan.thomas@example.com,2025-12-07,Sunday Morning
Melissa Thomas,melissa.thomas@example.com,2025-12-07,Sunday Morning
Justin Torres,justin.torres@example.com,2025-12-07,Sunday Morning
Mary Torres,mary.torres@example.com,2025-12-07,Sunday Morning
Stephanie Torres,stephanie.torres@example.com,2025-12-07,Sunday Morning
Emily Williams,emily.williams@example.com,2025-12-07,Sunday Morning
Andrew Wilson,andrew.wilson@example.com,2025-12-07,Sunday Morning
Cynthia Wilson,cynthia.wilson@example.com,2025-12-07,Sunday Morning
Deborah Wright,deborah.wright@example.com,2025-12-07,Sunday Morning
Susan Yamamoto,susan.yamamoto@example.com,2025-12-07,Sunday Morning
Ronald Yamamoto,ronald.yamamoto@example.com,2025-12-07,Sunday Morning
Lisa Young,lisa.young@example.com,2025-12-07,Sunday Morning
Mark Adams,mark.adams@example.com,2025-12-10,Wednesday Night
Edward Baker,edward.baker@example.com,2025-12-10,Wednesday Night
Kathleen Brown,kathleen.brown@example.com,2025-12-10,Wednesday Night
Amanda Carter,amanda.carter@example.com,2025-12-10,Wednesday Night
Daniel Chen,,2025-12-10,Wednesday Night
Rebecca Clark,rebecca.clark@example.com,2025-12-10,Wednesday Night
Amy Davis,,2025-12-10,Wednesday Night
Mark Gonzalez,mark.gonzalez@example.com,2025-12-10,Wednesday Night
Joseph Johnson,,2025-12-10,Wednesday Night
Paul Jones,paul.jones@example.com,2025-12-10,Wednesday Night
Barbara Mitchell,barbara.mitchell@example.com,2025-12-10,Wednesday Night
Mary Nelson,mary.nelson@example.com,2025-12-10,Wednesday Night
Joshua Petrov,joshua.petrov@example.com,2025-12-10,Wednesday Night
Emily Williams,emily.williams@example.com,2025-12-10,Wednesday Night
Cynthia Wilson,cynthia.wilson@example.com,2025-12-10,Wednesday Night
Brian Yamamoto,brian.yamamoto@example.com,2025-12-10,Wednesday Night
Robert Green,robert.green@example.com,2025-12-14,Sunday Evening
Linda Hernandez,linda.hernandez@example.com,2025-12-14,Sunday Evening
Lisa Hernandez,lisa.hernandez@example.com,2025-12-14,Sunday Evening
Linda Jackson,,2025-12-14,Sunday Evening
Betty Jones,betty.jones@example.com,2025-12-14,Sunday Evening
Gary King,gary.king@example.com,2025-12-14,Sunday Evening
Andrew Kowalski,andrew.kowalski@example.com,2025-12-14,Sunday Evening
Elizabeth Lopez,elizabeth.lopez@example.com,2025-12-14,Sunday Evening
Amanda Lopez,amanda.lopez@example.com,2025-12-14,Sunday Evening
Brenda Nelson,brenda.nelson@example.com,2025-12-14,Sunday Evening
James Nelson,,2025-12-14,Sunday Evening
Lisa O'Brien,lisa.obrien@example.com,2025-12-14,Sunday Evening
Pamela Ramirez,pamela.ramirez@example.com,2025-12-14,Sunday Evening
Emily Roberts,emily.roberts@example.com,2025-12-14,Sunday Evening
Jason Rodriguez,jason.rodriguez@example.com,2025-12-14,Sunday Evening
Jeffrey Scott,,2025-12-14,Sunday Evening
Anna Scott,anna.scott@example.com,2025-12-14,Sunday Evening
Barbara Silva,barbara.silva@example.com,2025-12-14,Sunday Evening
Justin Taylor,justin.taylor@example.com,2025-12-14,Sunday Evening
Paul Allen,paul.allen@example.com,2025-12-14,Sunday Morning
Edward Allen,edward.allen@example.com,2025-12-14,Sunday Morning
George Anderson,,2025-12-14,Sunday Morning
Anthony Baker,anthony.baker@example.com,2025-12-14,Sunday Morning
Edward Baker,edward.baker@example.com,2025-12-14,Sunday Morning
Paul Baker,paul.baker@example.com,2025-12-14,Sunday Morning
Kathleen Brown,kathleen.brown@example.com,2025-12-14,Sunday Morning
Stephen Campbell,stephen.campbell@example.com,2025-12-14,Sunday Morning
Brian Campbell,,2025-12-14,Sunday Morning
Amanda Carter,amanda.carter@example.com,2025-12-14,Sunday Morning
Jeffrey Carter,jeffrey.carter@example.com,2025-12-14,Sunday Morning
Jacob Chen,jacob.chen@example.com,2025-12-14,Sunday Morning
Kevin Chen,kevin.chen@example.com,2025-12-14,Sunday Morning
Daniel Chen,,2025-12-14,Sunday Morning
Nancy Clark,nancy.clark@example.com,2025-12-14,Sunday Morning
Ryan Clark,ryan.clark@example.com,2025-12-14,Sunday Morning
Rebecca Clark,rebecca.clark@example.com,2025-12-14,Sunday Morning
Jonathan Davis,jonathan.davis@example.com,2025-12-14,Sunday Morning
Rebecca Davis,rebecca.davis@example.com,2025-12-14,Sunday Morning
Amy Davis,,2025-12-14,Sunday Morning
Jason Davis,,2025-12-14,Sunday Morning
Brandon Diaz,brandon.diaz@example.com,2025-12-14,Sunday Morning
Thomas Flores,thomas.flores@example.com,2025-12-14,Sunday Morning
Matthew Flores,matthew.flores@example.com,2025-12-14,Sunday Morning
Jason Garcia,jason.garcia@example.com,2025-12-14,Sunday Morning
Pamela Gonzalez,pamela.gonzalez@example.com,2025-12-14,Sunday Morning
Mark Gonzalez,mark.gonzalez@example.com,2025-12-14,Sunday Morning
Sharon Green,,2025-12-14,Sunday Morning
Robert Green,robert.green@example.com,2025-12-14,Sunday Morning
Charles Hall,charles.hall@example.com,2025-12-14,Sunday Morning
Donald Hall,donald.hall@example.com,2025-12-14,Sunday Morning
Kathleen Hall,kathleen.hall@example.com,2025-12-14,Sunday Morning
Jonathan Harris,jonathan.harris@example.com,2025-12-14,Sunday Morning
Linda Hernandez,linda.hernandez@example.com,2025-12-14,Sunday Morning
Lisa Hernandez,lisa.hernandez@example.com,2025-12-14,Sunday Morning
Carol Hernandez,carol.hernandez@example.com,2025-12-14,Sunday Morning
James Hill,,2025-12-14,Sunday Morning
Katherine Hill,katherine.hill@example.com,2025-12-14,Sunday Morning
Linda Jackson,,2025-12-14,Sunday Morning
Elizabeth Jackson,elizabeth.jackson@example.com,2025-12-14,Sunday Morning
Amanda Johnson,amanda.johnson@example.com,2025-12-14,Sunday Morning
Gary Johnson,gary.johnson@example.com,2025-12-14,Sunday Morning
Laura Jones,laura.jones@example.com,2025-12-14,Sunday Morning
Betty Jones,betty.jones@example.com,2025-12-14,Sunday Morning
Samantha Jones,samantha.jones@example.com,2025-12-14,Sunday Morning
Linda Jones,linda.jones@example.com,2025-12-14,Sunday Morning
Richard Kim,richard.kim@example.com,2025-12-14,Sunday Morning
Jacob Kim,jacob.kim@example.com,2025-12-14,Sunday Morning
Richard King,,2025-12-14,Sunday Morning
Katherine King,katherine.king@example.com,2025-12-14,Sunday Morning
Nicole Lee,,2025-12-14,Sunday Morning
William Lee,william.lee@example.com,2025-12-14,Sunday Morning
Charles Lewis,charles.lewis@example.com,2025-12-14,Sunday Morning
Timothy Lewis,,2025-12-14,Sunday Morning
Karen Lewis,karen.lewis@example.com,2025-12-14,Sunday Morning
Jeffrey Lewis,jeffrey.lewis@example.com,2025-12-14,Sunday Morning
Jacob Lewis,,2025-12-14,Sunday Morning
Elizabeth Lopez,elizabeth.lopez@example.com,2025-12-14,Sunday Morning
Amanda Lopez,amanda.lopez@example.com,2025-12-14,Sunday Morning
Justin Martinez,justin.martinez@example.com,2025-12-14,Sunday Morning
Michelle Miller,michelle.miller@example.com,2025-12-14,Sunday Morning
Deborah Miller,deborah.miller@example.com,2025-12-14,Sunday Morning
Kevin Miller,kevin.miller@example.com,2025-12-14,Sunday Morning
Ashley Mitchell,ashley.mitchell@example.com,2025-12-14,Sunday Morning
Linda Mitchell,linda.mitchell@example.com,2025-12-14,Sunday Morning
Jason Mitchell,jason.mitchell@example.com,2025-12-14,Sunday Morning
Barbara Mitchell,barbara.mitchell@example.com,2025-12-14,Sunday Morning
Patricia Mitchell,patricia.mitchell@example.com,2025-12-14,Sunday Morning
Donald Moore,donald.moore@example.com,2025-12-14,Sunday Morning
Rebecca Nelson,rebecca.nelson@example.com,2025-12-14,Sunday Morning
Mary Nelson,mary.nelson@example.com,2025-12-14,Sunday Morning
James Nelson,,2025-12-14,Sunday Morning
Barbara Nelson,barbara.nelson@example.com,2025-12-14,Sunday Morning
Barbara Nguyen,,2025-12-14,Sunday Morning
Lisa O'Brien,lisa.obrien@example.com,2025-12-14,Sunday Morning
Mark Okafor,,2025-12-14,Sunday Morning
Mark Perez,mark.perez@example.com,2025-12-14,Sunday Morning
Karen Perez,,2025-12-14,Sunday Morning
Jason Petrov,jason.petrov@example.com,2025-12-14,Sunday Morning
Anthony Petrov,anthony.petrov@example.com,2025-12-14,Sunday Morning
Kathleen Ramirez,kathleen.ramirez@example.com,2025-12-14,Sunday Morning
Nicole Ramirez,,2025-12-14,Sunday Morning
Rebecca Ramirez,rebecca.ramirez@example.com,2025-12-14,Sunday Morning
Pamela Ramirez,pamela.ramirez@example.com,2025-12-14,Sunday Morning
Karen Rivera,karen.rivera@example.com,2025-12-14,Sunday Morning
Jonathan Roberts,jonathan.roberts@example.com,2025-12-14,Sunday Morning
Emily Roberts,emily.roberts@example.com,2025-12-14,Sunday Morning
Carol Roberts,carol.roberts@example.com,2025-12-14,Sunday Morning
Donald Rodriguez,donald.rodriguez@example.com,2025-12-14,Sunday Morning
Jonathan Rodriguez,jonathan.rodriguez@example.com,2025-12-14,Sunday Morning
Ashley Rodriguez,ashley.rodriguez@example.com,2025-12-14,Sunday Morning
Daniel Rodriguez,daniel.rodriguez@example.com,2025-12-14,Sunday Morning
Ronald Rodriguez,,2025-12-14,Sunday Morning
Emily Rodriguez,,2025-12-14,Sunday Morning
Kimberly Sanchez,kimberly.sanchez@example.com,2025-12-14,Sunday Morning
Matthew Sanchez,,2025-12-14,Sunday Morning
Mark Sanchez,mark.sanchez@example.com,2025-12-14,Sunday Morning
Jeffrey Scott,,2025-12-14,Sunday Morning
Anna Scott,anna.scott@example.com,2025-12-14,Sunday Morning
Thomas Scott,thomas.scott@example.com,2025-12-14,Sunday Morning
Justin Taylor,justin.taylor@example.com,2025-12-14,Sunday Morning
Melissa Thomas,melissa.thomas@example.com,2025-12-14,Sunday Morning
Amy Walker,,2025-12-14,Sunday Morning
Ruth Williams,,2025-12-14,Sunday Morning
Pamela Williams,pamela.williams@example.com,2025-12-14,Sunday Morning
Emily Williams,emily.williams@example.com,2025-12-14,Sunday Morning
Brandon Williams,brandon.williams@example.com,2025-12-14,Sunday Morning
Matthew Wilson,matthew.wilson@example.com,2025-12-14,Sunday Morning
Susan Yamamoto,susan.yamamoto@example.com,2025-12-14,Sunday Morning
Brian Yamamoto,brian.yamamoto@example.com,2025-12-14,Sunday Morning
Karen Young,karen.young@example.com,2025-12-14,Sunday Morning
Ryan Clark,ryan.clark@example.com,2025-12-17,Wednesday Night
Pamela Gonzalez,pamela.gonzalez@example.com,2025-12-17,Wednesday Night
Deborah Hernandez,deborah.hernandez@example.com,2025-12-17,Wednesday Night
Lisa Hernandez,lisa.hernandez@example.com,2025-12-17,Wednesday Night
James Hill,,2025-12-17,Wednesday Night
Amanda Johnson,amanda.johnson@example.com,2025-12-17,Wednesday Night
Samantha Jones,samantha.jones@example.com,2025-12-17,Wednesday Night
Timothy Lewis,,2025-12-17,Wednesday Night
Jacob Lewis,,2025-12-17,Wednesday Night
Amanda Lopez,amanda.lopez@example.com,2025-12-17,Wednesday Night
Barbara Mitchell,barbara.mitchell@example.com,2025-12-17,Wednesday Night
Brenda Nelson,brenda.nelson@example.com,2025-12-17,Wednesday Night
Anthony Petrov,anthony.petrov@example.com,2025-12-17,Wednesday Night
Sarah Ramirez,sarah.ramirez@example.com,2025-12-17,Wednesday Night
Ashley Ramirez,,2025-12-17,Wednesday Night
Karen Rivera,karen.rivera@example.com,2025-12-17,Wednesday Night
Jonathan Roberts,jonathan.roberts@example.com,2025-12-17,Wednesday Night
Brenda Roberts,brenda.roberts@example.com,2025-12-17,Wednesday Night
Jessica Robinson,jessica.robinson@example.com,2025-12-17,Wednesday Night
Ronald Rodriguez,,2025-12-17,Wednesday Night
Matthew Sanchez,,2025-12-17,Wednesday Night
Cynthia Silva,cynthia.silva@example.com,2025-12-17,Wednesday Night
Ronald Yamamoto,ronald.yamamoto@example.com,2025-12-17,Wednesday Night
Jessica Adams,jessica.adams@example.com,2025-12-21,Sunday Evening
Sandra Baker,,2025-12-21,Sunday Evening
Nicole Brown,nicole.brown@example.com,2025-12-21,Sunday Evening
Amanda Carter,amanda.carter@example.com,2025-12-21,Sunday Evening
Ryan Clark,ryan.clark@example.com,2025-12-21,Sunday Evening
Amy Davis,,2025-12-21,Sunday Evening
Andrew Hall,andrew.hall@example.com,2025-12-21,Sunday Evening
Jason Hall,jason.hall@example.com,2025-12-21,Sunday Evening
Amanda Johnson,amanda.johnson@example.com,2025-12-21,Sunday Evening
Paul Jones,paul.jones@example.com,2025-12-21,Sunday Evening
Timothy Lewis,,2025-12-21,Sunday Evening
Laura Miller,laura.miller@example.com,2025-12-21,Sunday Evening
Ronald Moore,ronald.moore@example.com,2025-12-21,Sunday Evening
Joshua Petrov,joshua.petrov@example.com,2025-12-21,Sunday Evening
Karen Rivera,karen.rivera@example.com,2025-12-21,Sunday Evening
Scott Robinson,scott.robinson@example.com,2025-12-21,Sunday Evening
Emily Rodriguez,,2025-12-21,Sunday Evening
Shirley Sanchez,,2025-12-21,Sunday Evening
Jeffrey Scott,,2025-12-21,Sunday Evening
Melissa Thomas,melissa.thomas@example.com,2025-12-21,Sunday Evening
Matthew Wilson,matthew.wilson@example.com,2025-12-21,Sunday Evening
Brian Yamamoto,brian.yamamoto@example.com,2025-12-21,Sunday Evening
Jessica Adams,jessica.adams@example.com,2025-12-21,Sunday Morning
Mark Adams,mark.adams@example.com,2025-12-21,Sunday Morning
Paul Allen,paul.allen@example.com,2025-12-21,Sunday Morning
Edward Allen,edward.allen@example.com,2025-12-21,Sunday Morning
Anthony Baker,anthony.baker@example.com,2025-12-21,Sunday Morning
Sandra Baker,,2025-12-21,Sunday Morning
Paul Baker,paul.baker@example.com,2025-12-21,Sunday Morning
Michael Baker,michael.baker@example.com,2025-12-21,Sunday Morning
Charles Brown,charles.brown@example.com,2025-12-21,Sunday Morning
Nicole Brown,nicole.brown@example.com,2025-12-21,Sunday Morning
Jessica Campbell,jessica.campbell@example.com,2025-12-21,Sunday Morning
Stephen Campbell,stephen.campbell@example.com,2025-12-21,Sunday Morning
Jeffrey Carter,jeffrey.carter@example.com,2025-12-21,Sunday Morning
Jacob Chen,jacob.chen@example.com,2025-12-21,Sunday Morning
Kevin Chen,kevin.chen@example.com,2025-12-21,Sunday Morning
Daniel Chen,,2025-12-21,Sunday Morning
Nancy Clark,nancy.clark@example.com,2025-12-21,Sunday Morning
Ryan Clark,ryan.clark@example.com,2025-12-21,Sunday Morning
Rebecca Clark,rebecca.clark@example.com,2025-12-21,Sunday Morning
Jonathan Davis,jonathan.davis@example.com,2025-12-21,Sunday Morning
Brenda Gonzalez,brenda.gonzalez@example.com,2025-12-21,Sunday Morning
Mark Gonzalez,mark.gonzalez@example.com,2025-12-21,Sunday Morning
Sharon Green,,2025-12-21,Sunday Morning
Charles Hall,charles.hall@example.com,2025-12-21,Sunday Morning
Andrew Hall,andrew.hall@example.com,2025-12-21,Sunday Morning
Kathleen Hall,kathleen.hall@example.com,2025-12-21,Sunday Morning
Jason Hall,jason.hall@example.com,2025-12-21,Sunday Morning
Deborah Hernandez,deborah.hernandez@example.com,2025-12-21,Sunday Morning
Linda Hernandez,linda.hernandez@example.com,2025-12-21,Sunday Morning
Lisa Hernandez,lisa.hernandez@example.com,2025-12-21,Sunday Morning
Carol Hernandez,carol.hernandez@example.com,2025-12-21,Sunday Morning
James Hill,,2025-12-21,Sunday Morning
Katherine Hill,katherine.hill@example.com,2025-12-21,Sunday Morning
Amanda Johnson,amanda.johnson@example.com,2025-12-21,Sunday Morning
Gary Johnson,gary.johnson@example.com,2025-12-21,Sunday Morning
Jacob Johnson,jacob.johnson@example.com,2025-12-21,Sunday Morning
Andrew Johnson,andrew.johnson@example.com,2025-12-21,Sunday Morning
Laura Jones,laura.jones@example.com,2025-12-21,Sunday Morning
Betty Jones,betty.jones@example.com,2025-12-21,Sunday Morning
Samantha Jones,samantha.jones@example.com,2025-12-21,Sunday Morning
Paul Jones,paul.jones@example.com,2025-12-21,Sunday Morning
Jennifer Kim,jennifer.kim@example.com,2025-12-21,Sunday Morning
Richard Kim,richard.kim@example.com,2025-12-21,Sunday Morning
Jacob Kim,jacob.kim@example.com,2025-12-21,Sunday Morning
Richard King,,2025-12-21,Sunday Morning
Gary King,gary.king@example.com,2025-12-21,Sunday Morning
Andrew Kowalski,andrew.kowalski@example.com,2025-12-21,Sunday Morning
Timothy Kowalski,timothy.kowalski@example.com,2025-12-21,Sunday Morning
Jennifer Lee,jennifer.lee@example.com,2025-12-21,Sunday Morning
Karen Lewis,karen.lewis@example.com,2025-12-21,Sunday Morning
Jeffrey Lewis,jeffrey.lewis@example.com,2025-12-21,Sunday Morning
Jacob Lewis,,2025-12-21,Sunday Morning
Michelle Miller,michelle.miller@example.com,2025-12-21,Sunday Morning
Melissa Miller,melissa.miller@example.com,2025-12-21,Sunday Morning
Linda Mitchell,linda.mitchell@example.com,2025-12-21,Sunday Morning
Jason Mitchell,jason.mitchell@example.com,2025-12-21,Sunday Morning
Edward Moore,edward.moore@example.com,2025-12-21,Sunday Morning
Donald Moore,donald.moore@example.com,2025-12-21,Sunday Morning
Emily Nelson,,2025-12-21,Sunday Morning
Brenda Nelson,brenda.nelson@example.com,2025-12-21,Sunday Morning
Thomas Nelson,thomas.nelson@example.com,2025-12-21,Sunday Morning
Lisa O'Brien,lisa.obrien@example.com,2025-12-21,Sunday Morning
Lisa Okafor,lisa.okafor@example.com,2025-12-21,Sunday Morning
Karen Perez,,2025-12-21,Sunday Morning
Joshua Petrov,joshua.petrov@example.com,2025-12-21,Sunday Morning
Anthony Petrov,anthony.petrov@example.com,2025-12-21,Sunday Morning
Rebecca Ramirez,rebecca.ramirez@example.com,2025-12-21,Sunday Morning
Pamela Ramirez,pamela.ramirez@example.com,2025-12-21,Sunday Morning
Ashley Ramirez,,2025-12-21,Sunday Morning
Karen Rivera,karen.rivera@example.com,2025-12-21,Sunday Morning
Brian Rivera,brian.rivera@example.com,2025-12-21,Sunday Morning
Jonathan Roberts,jonathan.roberts@example.com,2025-12-21,Sunday Morning
Brenda Roberts,brenda.roberts@example.com,2025-12-21,Sunday Morning
Carol Roberts,carol.roberts@example.com,2025-12-21,Sunday Morning
Timothy Roberts,,2025-12-21,Sunday Morning
Scott Robinson,scott.robinson@example.com,2025-12-21,Sunday Morning
John Robinson,john.robinson@example.com,2025-12-21,Sunday Morning
Jonathan Rodriguez,jonathan.rodriguez@example.com,2025-12-21,Sunday Morning
Ashley Rodriguez,ashley.rodriguez@example.com,2025-12-21,Sunday Morning
Daniel Rodriguez,daniel.rodriguez@example.com,2025-12-21,Sunday Morning
Emily Rodriguez,,2025-12-21,Sunday Morning
Kimberly Sanchez,kimberly.sanchez@example.com,2025-12-21,Sunday Morning
Shirley Sanchez,,2025-12-21,Sunday Morning
Jeffrey Scott,,2025-12-21,Sunday Morning
Thomas Scott,thomas.scott@example.com,2025-12-21,Sunday Morning
Barbara Silva,barbara.silva@example.com,2025-12-21,Sunday Morning
Cynthia Silva,cynthia.silva@example.com,2025-12-21,Sunday Morning
Stephen Smith,stephen.smith@example.com,2025-12-21,Sunday Morning
Susan Thomas,susan.thomas@example.com,2025-12-21,Sunday Morning
Justin Torres,justin.torres@example.com,2025-12-21,Sunday Morning
Pamela Williams,pamela.williams@example.com,2025-12-21,Sunday Morning
Brandon Williams,brandon.williams@example.com,2025-12-21,Sunday Morning
Matthew Wilson,matthew.wilson@example.com,2025-12-21,Sunday Morning
Cynthia Wilson,cynthia.wilson@example.com,2025-12-21,Sunday Morning
Deborah Wright,deborah.wright@example.com,2025-12-21,Sunday Morning
Susan Yamamoto,susan.yamamoto@example.com,2025-12-21,Sunday Morning
Ronald Yamamoto,ronald.yamamoto@example.com,2025-12-21,Sunday Morning
Brian Yamamoto,brian.yamamoto@example.com,2025-12-21,Sunday Morning
Lisa Young,lisa.young@example.com,2025-12-21,Sunday Morning
Rebecca Davis,rebecca.davis@example.com,2025-12-24,Wednesday Night
Thomas Flores,thomas.flores@example.com,2025-12-24,Wednesday Night
Barbara Harris,barbara.harris@example.com,2025-12-24,Wednesday Night
Andrew Johnson,andrew.johnson@example.com,2025-12-24,Wednesday Night
Jennifer Kim,jennifer.kim@example.com,2025-12-24,Wednesday Night
Elizabeth Lopez,elizabeth.lopez@example.com,2025-12-24,Wednesday Night
Mary Nelson,mary.nelson@example.com,2025-12-24,Wednesday Night
Anthony Petrov,anthony.petrov@example.com,2025-12-24,Wednesday Night
Jonathan Roberts,jonathan.roberts@example.com,2025-12-24,Wednesday Night
Daniel Rodriguez,daniel.rodriguez@example.com,2025-12-24,Wednesday Night
Cynthia Silva,cynthia.silva@example.com,2025-12-24,Wednesday Night
Pamela Williams,pamela.williams@example.com,2025-12-24,Wednesday Night
Matthew Wilson,matthew.wilson@example.com,2025-12-24,Wednesday Night
Karen Young,karen.young@example.com,2025-12-24,Wednesday Night
Jessica Adams,jessica.adams@example.com,2025-12-28,Sunday Evening
Nicole Brown,nicole.brown@example.com,2025-12-28,Sunday Evening
Amanda Diaz,amanda.diaz@example.com,2025-12-28,Sunday Evening
Brenda Gonzalez,brenda.gonzalez@example.com,2025-12-28,Sunday Evening
Andrew Hall,andrew.hall@example.com,2025-12-28,Sunday Evening
Linda Jackson,,2025-12-28,Sunday Evening
Betty Jones,betty.jones@example.com,2025-12-28,Sunday Evening
Paul Jones,paul.jones@example.com,2025-12-28,Sunday Evening
Jennifer Lee,jennifer.lee@example.com,2025-12-28,Sunday Evening
Laura Miller,laura.miller@example.com,2025-12-28,Sunday Evening
Melissa Miller,melissa.miller@example.com,2025-12-28,Sunday Evening
Kevin Miller,kevin.miller@example.com,2025-12-28,Sunday Evening
Brenda Nelson,brenda.nelson@example.com,2025-12-28,Sunday Evening
Mary Nelson,mary.nelson@example.com,2025-12-28,Sunday Evening
Michelle Nelson,michelle.nelson@example.com,2025-12-28,Sunday Evening
Jason Nelson,jason.nelson@example.com,2025-12-28,Sunday Evening
Barbara Nguyen,,2025-12-28,Sunday Evening
Nicole Ramirez,,2025-12-28,Sunday Evening
Karen Rivera,karen.rivera@example.com,2025-12-28,Sunday Evening
Jonathan Roberts,jonathan.roberts@example.com,2025-12-28,Sunday Evening
Anna Scott,anna.scott@example.com,2025-12-28,Sunday Evening
Susan Thomas,susan.thomas@example.com,2025-12-28,Sunday Evening
Lisa Young,lisa.young@example.com,2025-12-28,Sunday Evening
Margaret Adams,margaret.adams@example.com,2025-12-28,Sunday Morning
Edward Allen,edward.allen@example.com,2025-12-28,Sunday Morning
Anthony Baker,anthony.baker@example.com,2025-12-28,Sunday Morning
Edward Baker,edward.baker@example.com,2025-12-28,Sunday Morning
Sandra Baker,,2025-12-28,Sunday Morning
Paul Baker,paul.baker@example.com,2025-12-28,Sunday Morning
Michael Baker,michael.baker@example.com,2025-12-28,Sunday Morning
Kathleen Brown,kathleen.brown@example.com,2025-12-28,Sunday Morning
Nicole Brown,nicole.brown@example.com,2025-12-28,Sunday Morning
Jessica Campbell,jessica.campbell@example.com,2025-12-28,Sunday Morning
Stephen Campbell,stephen.campbell@example.com,2025-12-28,Sunday Morning
Brian Campbell,,2025-12-28,Sunday Morning
Amanda Carter,amanda.carter@example.com,2025-12-28,Sunday Morning
Jacob Chen,jacob.chen@example.com,2025-12-28,Sunday Morning
Daniel Chen,,2025-12-28,Sunday Morning
Nancy Clark,nancy.clark@example.com,2025-12-28,Sunday Morning
Rebecca Clark,rebecca.clark@example.com,2025-12-28,Sunday Morning
Jonathan Davis,jonathan.davis@example.com,2025-12-28,Sunday Morning
Amy Davis,,2025-12-28,Sunday Morning
Jason Davis,,2025-12-28,Sunday Morning
Amanda Diaz,amanda.diaz@example.com,2025-12-28,Sunday Morning
Thomas Flores,thomas.flores@example.com,2025-12-28,Sunday Morning
Brenda Gonzalez,brenda.gonzalez@example.com,2025-12-28,Sunday Morning
Pamela Gonzalez,pamela.gonzalez@example.com,2025-12-28,Sunday Morning
Mark Gonzalez,mark.gonzalez@example.com,2025-12-28,Sunday Morning
Sharon Green,,2025-12-28,Sunday Morning
Robert Green,robert.green@example.com,2025-12-28,Sunday Morning
Andrew Hall,andrew.hall@example.com,2025-12-28,Sunday Morning
Donald Hall,donald.hall@example.com,2025-12-28,Sunday Morning
Jason Hall,jason.hall@example.com,2025-12-28,Sunday Morning
Barbara Harris,barbara.harris@example.com,2025-12-28,Sunday Morning
Jonathan Harris,jonathan.harris@example.com,2025-12-28,Sunday Morning
Linda Hernandez,linda.hernandez@example.com,2025-12-28,Sunday Morning
Lisa Hernandez,lisa.hernandez@example.com,2025-12-28,Sunday Morning
Carol Hernandez,carol.hernandez@example.com,2025-12-28,Sunday Morning
James Hill,,2025-12-28,Sunday Morning
Carol Hill,carol.hill@example.com,2025-12-28,Sunday Morning
Linda Jackson,,2025-12-28,Sunday Morning
Elizabeth Jackson,elizabeth.jackson@example.com,2025-12-28,Sunday Morning
Joseph Johnson,,2025-12-28,Sunday Morning
Gary Johnson,gary.johnson@example.com,2025-12-28,Sunday Morning
Angela Johnson,angela.johnson@example.com,2025-12-28,Sunday Morning
Laura Jones,laura.jones@example.com,2025-12-28,Sunday Morning
Samantha Jones,samantha.jones@example.com,2025-12-28,Sunday Morning
Paul Jones,paul.jones@example.com,2025-12-28,Sunday Morning
Linda Jones,linda.jones@example.com,2025-12-28,Sunday Morning
Jennifer Kim,jennifer.kim@example.com,2025-12-28,Sunday Morning
Richard Kim,richard.kim@example.com,2025-12-28,Sunday Morning
Jacob Kim,jacob.kim@example.com,2025-12-28,Sunday Morning
James King,james.king@example.com,2025-12-28,Sunday Morning
Richard King,,2025-12-28,Sunday Morning
Gary King,gary.king@example.com,2025-12-28,Sunday Morning
Andrew Kowalski,andrew.kowalski@example.com,2025-12-28,Sunday Morning
Jennifer Lee,jennifer.lee@example.com,2025-12-28,Sunday Morning
William Lee,william.lee@example.com,2025-12-28,Sunday Morning
Timothy Lewis,,2025-12-28,Sunday Morning
Jeffrey Lewis,jeffrey.lewis@example.com,2025-12-28,Sunday Morning
Jacob Lewis,,2025-12-28,Sunday Morning
Michelle Lopez,michelle.lopez@example.com,2025-12-28,Sunday Morning
Amanda Lopez,amanda.lopez@example.com,2025-12-28,Sunday Morning
Justin Martinez,justin.martinez@example.com,2025-12-28,Sunday Morning
Laura Miller,laura.miller@example.com,2025-12-28,Sunday Morning
Deborah Miller,deborah.miller@example.com,2025-12-28,Sunday Morning
Melissa Miller,melissa.miller@example.com,2025-12-28,Sunday Morning
Ashley Mitchell,ashley.mitchell@example.com,2025-12-28,Sunday Morning
Jason Mitchell,jason.mitchell@example.com,2025-12-28,Sunday Morning
Patricia Mitchell,patricia.mitchell@example.com,2025-12-28,Sunday Morning
Ronald Moore,ronald.moore@example.com,2025-12-28,Sunday Morning
Rebecca Nelson,rebecca.nelson@example.com,2025-12-28,Sunday Morning
Brenda Nelson,brenda.nelson@example.com,2025-12-28,Sunday Morning
Mary Nelson,mary.nelson@example.com,2025-12-28,Sunday Morning
James Nelson,,2025-12-28,Sunday Morning
Thomas Nelson,thomas.nelson@example.com,2025-12-28,Sunday Morning
Barbara Nguyen,,2025-12-28,Sunday Morning
John Okafor,,2025-12-28,Sunday Morning
Mark Okafor,,2025-12-28,Sunday Morning
Scott Okafor,scott.okafor@example.com,2025-12-28,Sunday Morning
Mark Perez,mark.perez@example.com,2025-12-28,Sunday Morning
Anthony Petrov,anthony.petrov@example.com,2025-12-28,Sunday Morning
Sarah Ramirez,sarah.ramirez@example.com,2025-12-28,Sunday Morning
Kathleen Ramirez,kathleen.ramirez@example.com,2025-12-28,Sunday Morning
Nicole Ramirez,,2025-12-28,Sunday Morning
Rebecca Ramirez,rebecca.ramirez@example.com,2025-12-28,Sunday Morning
Ashley Ramirez,,2025-12-28,Sunday Morning
Brian Rivera,brian.rivera@example.com,2025-12-28,Sunday Morning
Emily Roberts,emily.roberts@example.com,2025-12-28,Sunday Morning
Brenda Roberts,brenda.roberts@example.com,2025-12-28,Sunday Morning
Timothy Roberts,,2025-12-28,Sunday Morning
Scott Robinson,scott.robinson@example.com,2025-12-28,Sunday Morning
Jessica Robinson,jessica.robinson@example.com,2025-12-28,Sunday Morning
Donald Rodriguez,donald.rodriguez@example.com,2025-12-28,Sunday Morning
Jonathan Rodriguez,jonathan.rodriguez@example.com,2025-12-28,Sunday Morning
Daniel Rodriguez,daniel.rodriguez@example.com,2025-12-28,Sunday Morning
Kimberly Sanchez,kimberly.sanchez@example.com,2025-12-28,Sunday Morning
Matthew Sanchez,,2025-12-28,Sunday Morning
Mark Sanchez,mark.sanchez@example.com,2025-12-28,Sunday Morning
Jeffrey Scott,,2025-12-28,Sunday Morning
Anna Scott,anna.scott@example.com,2025-12-28,Sunday Morning
Thomas Scott,thomas.scott@example.com,2025-12-28,Sunday Morning
Barbara Silva,barbara.silva@example.com,2025-12-28,Sunday Morning
Justin Taylor,justin.taylor@example.com,2025-12-28,Sunday Morning
Margaret Taylor,margaret.taylor@example.com,2025-12-28,Sunday Morning
Melissa Thomas,melissa.thomas@example.com,2025-12-28,Sunday Morning
Ruth Williams,,2025-12-28,Sunday Morning
Pamela Williams,pamela.williams@example.com,2025-12-28,Sunday Morning
Brandon Williams,brandon.williams@example.com,2025-12-28,Sunday Morning
Cynthia Wilson,cynthia.wilson@example.com,2025-12-28,Sunday Morning
Deborah Wright,deborah.wright@example.com,2025-12-28,Sunday Morning
Ronald Yamamoto,ronald.yamamoto@example.com,2025-12-28,Sunday Morning
Brian Yamamoto,brian.yamamoto@example.com,2025-12-28,Sunday Morning
Lisa Young,lisa.young@example.com,2025-12-28,Sunday Morning
Karen Young,karen.young@example.com,2025-12-28,Sunday Morning
Edward Allen,edward.allen@example.com,2025-12-31,Wednesday Night
Edward Baker,edward.baker@example.com,2025-12-31,Wednesday Night
Kevin Chen,kevin.chen@example.com,2025-12-31,Wednesday Night
Pamela Gonzalez,pamela.gonzalez@example.com,2025-12-31,Wednesday Night
Jason Hall,jason.hall@example.com,2025-12-31,Wednesday Night
Linda Hernandez,linda.hernandez@example.com,2025-12-31,Wednesday Night
Katherine Hill,katherine.hill@example.com,2025-12-31,Wednesday Night
Andrew Kowalski,andrew.kowalski@example.com,2025-12-31,Wednesday Night
Samantha Lee,,2025-12-31,Wednesday Night
Deborah Miller,deborah.miller@example.com,2025-12-31,Wednesday Night
Ashley Ramirez,,2025-12-31,Wednesday Night
Jason Rodriguez,jason.rodriguez@example.com,2025-12-31,Wednesday Night
Ashley Rodriguez,ashley.rodriguez@example.com,2025-12-31,Wednesday Night
Kimberly Sanchez,kimberly.sanchez@example.com,2025-12-31,Wednesday Night
Elizabeth Sanchez,elizabeth.sanchez@example.com,2025-12-31,Wednesday Night
Ruth Taylor,ruth.taylor@example.com,2025-12-31,Wednesday Night
Justin Torres,justin.torres@example.com,2025-12-31,Wednesday Night
Amy Walker,,2025-12-31,Wednesday Night
Mark Adams,mark.adams@example.com,2026-01-04,Sunday Evening
Sandra Baker,,2026-01-04,Sunday Evening
Matthew Flores,matthew.flores@example.com,2026-01-04,Sunday Evening
Richard Harris,richard.harris@example.com,2026-01-04,Sunday Evening
Carol Hernandez,carol.hernandez@example.com,2026-01-04,Sunday Evening
Linda Jackson,,2026-01-04,Sunday Evening
Jennifer Kim,jennifer.kim@example.com,2026-01-04,Sunday Evening
Richard Kim,richard.kim@example.com,2026-01-04,Sunday Evening
Jennifer Lee,jennifer.lee@example.com,2026-01-04,Sunday Evening
Charles Lewis,charles.lewis@example.com,2026-01-04,Sunday Evening
Kevin Miller,kevin.miller@example.com,2026-01-04,Sunday Evening
Daniel Rodriguez,daniel.rodriguez@example.com,2026-01-04,Sunday Evening
Barbara Silva,barbara.silva@example.com,2026-01-04,Sunday Evening
Margaret Taylor,margaret.taylor@example.com,2026-01-04,Sunday Evening
Elizabeth Torres,elizabeth.torres@example.com,2026-01-04,Sunday Evening
Emily Williams,emily.williams@example.com,2026-01-04,Sunday Evening
Cynthia Wilson,cynthia.wilson@example.com,2026-01-04,Sunday Evening
Margaret Adams,margaret.adams@example.com,2026-01-04,Sunday Morning
George Anderson,,2026-01-04,Sunday Morning
Sandra Baker,,2026-01-04,Sunday Morning
Michael Baker,michael.baker@example.com,2026-01-04,Sunday Morning
Charles Brown,charles.brown@example.com,2026-01-04,Sunday Morning
Kathleen Brown,kathleen.brown@example.com,2026-01-04,Sunday Morning
Nicole Brown,nicole.brown@example.com,2026-01-04,Sunday Morning
Stephen Campbell,stephen.campbell@example.com,2026-01-04,Sunday Morning
Brian Campbell,,2026-01-04,Sunday Morning
Jeffrey Carter,jeffrey.carter@example.com,2026-01-04,Sunday Morning
Jacob Chen,jacob.chen@example.com,2026-01-04,Sunday Morning
Nancy Clark,nancy.clark@example.com,2026-01-04,Sunday Morning
Rebecca Clark,rebecca.clark@example.com,2026-01-04,Sunday Morning
Jonathan Davis,jonathan.davis@example.com,2026-01-04,Sunday Morning
Rebecca Davis,rebecca.davis@example.com,2026-01-04,Sunday Morning
Joseph Diaz,joseph.diaz@example.com,2026-01-04,Sunday Morning
Amanda Diaz,amanda.diaz@example.com,2026-01-04,Sunday Morning
Thomas Flores,thomas.flores@example.com,2026-01-04,Sunday Morning
Matthew Flores,matthew.flores@example.com,2026-01-04,Sunday Morning
Brenda Gonzalez,brenda.gonzalez@example.com,2026-01-04,Sunday Morning
Charles Hall,charles.hall@example.com,2026-01-04,Sunday Morning
Andrew Hall,andrew.hall@example.com,2026-01-04,Sunday Morning
Donald Hall,donald.hall@example.com,2026-01-04,Sunday Morning
Barbara Harris,barbara.harris@example.com,2026-01-04,Sunday Morning
Deborah Hernandez,deborah.hernandez@example.com,2026-01-04,Sunday Morning
Carol Hernandez,carol.hernandez@example.com,2026-01-04,Sunday Morning
James Hill,,2026-01-04,Sunday Morning
Katherine Hill,katherine.hill@example.com,2026-01-04,Sunday Morning
Carol Hill,carol.hill@example.com,2026-01-04,Sunday Morning
Edward Hill,edward.hill@example.com,2026-01-04,Sunday Morning
Linda Jackson,,2026-01-04,Sunday Morning
Joseph Johnson,,2026-01-04,Sunday Morning
Amanda Johnson,amanda.johnson@example.com,2026-01-04,Sunday Morning
Angela Johnson,angela.johnson@example.com,2026-01-04,Sunday Morning
Laura Jones,laura.jones@example.com,2026-01-04,Sunday Morning
Betty Jones,betty.jones@example.com,2026-01-04,Sunday Morning
Paul Jones,paul.jones@example.com,2026-01-04,Sunday Morning
Linda Jones,linda.jones@example.com,2026-01-04,Sunday Morning
Jennifer Kim,jennifer.kim@example.com,2026-01-04,Sunday Morning
Jacob Kim,jacob.kim@example.com,2026-01-04,Sunday Morning
James King,james.king@example.com,2026-01-04,Sunday Morning
Richard King,,2026-01-04,Sunday Morning
Gary King,gary.king@example.com,2026-01-04,Sunday Morning
Katherine King,katherine.king@example.com,2026-01-04,Sunday Morning
Andrew Kowalski,andrew.kowalski@example.com,2026-01-04,Sunday Morning
Timothy Kowalski,timothy.kowalski@example.com,2026-01-04,Sunday Morning
Nicole Lee,,2026-01-04,Sunday Morning
William Lee,william.lee@example.com,2026-01-04,Sunday Morning
Charles Lewis,charles.lewis@example.com,2026-01-04,Sunday Morning
Stephen Lewis,stephen.lewis@example.com,2026-01-04,Sunday Morning
Karen Lewis,karen.lewis@example.com,2026-01-04,Sunday Morning
Jacob Lewis,,2026-01-04,Sunday Morning
Elizabeth Lopez,elizabeth.lopez@example.com,2026-01-04,Sunday Morning
Amanda Lopez,amanda.lopez@example.com,2026-01-04,Sunday Morning
Michelle Miller,michelle.miller@example.com,2026-01-04,Sunday Morning
Laura Miller,laura.miller@example.com,2026-01-04,Sunday Morning
Deborah Miller,deborah.miller@example.com,2026-01-04,Sunday Morning
Melissa Miller,melissa.miller@example.com,2026-01-04,Sunday Morning
Kevin Miller,kevin.miller@example.com,2026-01-04,Sunday Morning
Ashley Mitchell,ashley.mitchell@example.com,2026-01-04,Sunday Morning
Linda Mitchell,linda.mitchell@example.com,2026-01-04,Sunday Morning
Jason Mitchell,jason.mitchell@example.com,2026-01-04,Sunday Morning
Barbara Mitchell,barbara.mitchell@example.com,2026-01-04,Sunday Morning
Patricia Mitchell,patricia.mitchell@example.com,2026-01-04,Sunday Morning
Edward Moore,edward.moore@example.com,2026-01-04,Sunday Morning
Donald Moore,donald.moore@example.com,2026-01-04,Sunday Morning
Ronald Moore,ronald.moore@example.com,2026-01-04,Sunday Morning
Emily Nelson,,2026-01-04,Sunday Morning
Brenda Nelson,brenda.nelson@example.com,2026-01-04,Sunday Morning
Michelle Nelson,michelle.nelson@example.com,2026-01-04,Sunday Morning
James Nelson,,2026-01-04,Sunday Morning
Thomas Nelson,thomas.nelson@example.com,2026-01-04,Sunday Morning
Sarah O'Brien,sarah.obrien@example.com,2026-01-04,Sunday Morning
Lisa O'Brien,lisa.obrien@example.com,2026-01-04,Sunday Morning
Mark Okafor,,2026-01-04,Sunday Morning
Lisa Okafor,lisa.okafor@example.com,2026-01-04,Sunday Morning
Karen Perez,,2026-01-04,Sunday Morning
Joshua Petrov,joshua.petrov@example.com,2026-01-04,Sunday Morning
Jason Petrov,jason.petrov@example.com,2026-01-04,Sunday Morning
Anthony Petrov,anthony.petrov@example.com,2026-01-04,Sunday Morning
Richard Petrov,richard.petrov@example.com,2026-01-04,Sunday Morning
Kathleen Ramirez,kathleen.ramirez@example.com,2026-01-04,Sunday Morning
Nicole Ramirez,,2026-01-04,Sunday Morning
Pamela Ramirez,pamela.ramirez@example.com,2026-01-04,Sunday Morning
Ashley Ramirez,,2026-01-04,Sunday Morning
Karen Rivera,karen.rivera@example.com,2026-01-04,Sunday Morning
Brian Rivera,brian.rivera@example.com,2026-01-04,Sunday Morning
Brenda Roberts,brenda.roberts@example.com,2026-01-04,Sunday Morning
Carol Roberts,carol.roberts@example.com,2026-01-04,Sunday Morning
Timothy Roberts,,2026-01-04,Sunday Morning
Scott Robinson,scott.robinson@example.com,2026-01-04,Sunday Morning
John Robinson,john.robinson@example.com,2026-01-04,Sunday Morning
Jessica Robinson,jessica.robinson@example.com,2026-01-04,Sunday Morning
Jason Rodriguez,jason.rodriguez@example.com,2026-01-04,Sunday Morning
Donald Rodriguez,donald.rodriguez@example.com,2026-01-04,Sunday Morning
Ronald Rodriguez,,2026-01-04,Sunday Morning
Kimberly Sanchez,kimberly.sanchez@example.com,2026-01-04,Sunday Morning
Elizabeth Sanchez,elizabeth.sanchez@example.com,2026-01-04,Sunday Morning
Jeffrey Scott,,2026-01-04,Sunday Morning
Barbara Silva,barbara.silva@example.com,2026-01-04,Sunday Morning
Justin Taylor,justin.taylor@example.com,2026-01-04,Sunday Morning
Margaret Taylor,margaret.taylor@example.com,2026-01-04,Sunday Morning
Ruth Taylor,ruth.taylor@example.com,2026-01-04,Sunday Morning
Mary Torres,mary.torres@example.com,2026-01-04,Sunday Morning
Stephanie Torres,stephanie.torres@example.com,2026-01-04,Sunday Morning
Amy Walker,,2026-01-04,Sunday Morning
Ruth Williams,,2026-01-04,Sunday Morning
Emily Williams,emily.williams@example.com,2026-01-04,Sunday Morning
Brandon Williams,brandon.williams@example.com,2026-01-04,Sunday Morning
Deborah Wright,deborah.wright@example.com,2026-01-04,Sunday Morning
Brian Yamamoto,brian.yamamoto@example.com,2026-01-04,Sunday Morning
Katherine Allen,katherine.allen@example.com,2026-01-07,Wednesday Night
Michael Baker,michael.baker@example.com,2026-01-07,Wednesday Night
Charles Brown,charles.brown@example.com,2026-01-07,Wednesday Night
Sharon Green,,2026-01-07,Wednesday Night
Kathleen Hall,kathleen.hall@example.com,2026-01-07,Wednesday Night
Katherine Hill,katherine.hill@example.com,2026-01-07,Wednesday Night
Carol Hill,carol.hill@example.com,2026-01-07,Wednesday Night
Jacob Johnson,jacob.johnson@example.com,2026-01-07,Wednesday Night
Jacob Kim,jacob.kim@example.com,2026-01-07,Wednesday Night
Barbara Mitchell,barbara.mitchell@example.com,2026-01-07,Wednesday Night
Emily Nelson,,2026-01-07,Wednesday Night
Michelle Nelson,michelle.nelson@example.com,2026-01-07,Wednesday Night
Jason Nelson,jason.nelson@example.com,2026-01-07,Wednesday Night
Mark Okafor,,2026-01-07,Wednesday Night
Jason Petrov,jason.petrov@example.com,2026-01-07,Wednesday Night
Jason Rodriguez,jason.rodriguez@example.com,2026-01-07,Wednesday Night
Elizabeth Sanchez,elizabeth.sanchez@example.com,2026-01-07,Wednesday Night
Barbara Silva,barbara.silva@example.com,2026-01-07,Wednesday Night
Elizabeth Torres,elizabeth.torres@example.com,2026-01-07,Wednesday Night
Margaret Adams,margaret.adams@example.com,2026-01-11,Sunday Evening
Paul Allen,paul.allen@example.com,2026-01-11,Sunday Evening
George Anderson,,2026-01-11,Sunday Evening
Katherine Baker,,2026-01-11,Sunday Evening
Jessica Campbell,jessica.campbell@example.com,2026-01-11,Sunday Evening
Brian Campbell,,2026-01-11,Sunday Evening
Brenda Gonzalez,brenda.gonzalez@example.com,2026-01-11,Sunday Evening
Kathleen Hall,kathleen.hall@example.com,2026-01-11,Sunday Evening
Carol Hernandez,carol.hernandez@example.com,2026-01-11,Sunday Evening
Gary King,gary.king@example.com,2026-01-11,Sunday Evening
Andrew Kowalski,andrew.kowalski@example.com,2026-01-11,Sunday Evening
Nicole Lee,,2026-01-11,Sunday Evening
William Lee,william.lee@example.com,2026-01-11,Sunday Evening
Ronald Moore,ronald.moore@example.com,2026-01-11,Sunday Evening
Michelle Nelson,michelle.nelson@example.com,2026-01-11,Sunday Evening
Jason Nelson,jason.nelson@example.com,2026-01-11,Sunday Evening
Lisa O'Brien,lisa.obrien@example.com,2026-01-11,Sunday Evening
Joshua Petrov,joshua.petrov@example.com,2026-01-11,Sunday Evening
Ashley Rodriguez,ashley.rodriguez@example.com,2026-01-11,Sunday Evening
Margaret Adams,margaret.adams@example.com,2026-01-11,Sunday Morning
Mark Adams,mark.adams@example.com,2026-01-11,Sunday Morning
Katherine Allen,katherine.allen@example.com,2026-01-11,Sunday Morning
Paul Allen,paul.allen@example.com,2026-01-11,Sunday Morning
Edward Allen,edward.allen@example.com,2026-01-11,Sunday Morning
George Anderson,,2026-01-11,Sunday Morning
Anthony Baker,anthony.baker@example.com,2026-01-11,Sunday Morning
Sandra Baker,,2026-01-11,Sunday Morning
Katherine Baker,,2026-01-11,Sunday Morning
Nicole Brown,nicole.brown@example.com,2026-01-11,Sunday Morning
Jessica Campbell,jessica.campbell@example.com,2026-01-11,Sunday Morning
Stephen Campbell,stephen.campbell@example.com,2026-01-11,Sunday Morning
Brian Campbell,,2026-01-11,Sunday Morning
Amanda Carter,amanda.carter@example.com,2026-01-11,Sunday Morning
Jeffrey Carter,jeffrey.carter@example.com,2026-01-11,Sunday Morning
Jacob Chen,jacob.chen@example.com,2026-01-11,Sunday Morning
Nancy Clark,nancy.clark@example.com,2026-01-11,Sunday Morning
Jonathan Davis,jonathan.davis@example.com,2026-01-11,Sunday Morning
Rebecca Davis,rebecca.davis@example.com,2026-01-11,Sunday Morning
Jason Davis,,2026-01-11,Sunday Morning
Amanda Diaz,amanda.diaz@example.com,2026-01-11,Sunday Morning
Brandon Diaz,brandon.diaz@example.com,2026-01-11,Sunday Morning
Thomas Flores,thomas.flores@example.com,2026-01-11,Sunday Morning
Brenda Gonzalez,brenda.gonzalez@example.com,2026-01-11,Sunday Morning
Donald Hall,donald.hall@example.com,2026-01-11,Sunday Morning
Kathleen Hall,kathleen.hall@example.com,2026-01-11,Sunday Morning
Barbara Harris,barbara.harris@example.com,2026-01-11,Sunday Morning
Richard Harris,richard.harris@example.com,2026-01-11,Sunday Morning
Jonathan Harris,jonathan.harris@example.com,2026-01-11,Sunday Morning
Deborah Hernandez,deborah.hernandez@example.com,2026-01-11,Sunday Morning
Lisa Hernandez,lisa.hernandez@example.com,2026-01-11,Sunday Morning
Carol Hernandez,carol.hernandez@example.com,2026-01-11,Sunday Morning
Katherine Hill,katherine.hill@example.com,2026-01-11,Sunday Morning
Carol Hill,carol.hill@example.com,2026-01-11,Sunday Morning
Linda Jackson,,2026-01-11,Sunday Morning
Joseph Johnson,,2026-01-11,Sunday Morning
Amanda Johnson,amanda.johnson@example.com,2026-01-11,Sunday Morning
Gary Johnson,gary.johnson@example.com,2026-01-11,Sunday Morning
Andrew Johnson,andrew.johnson@example.com,2026-01-11,Sunday Morning
Samantha Jones,samantha.jones@example.com,2026-01-11,Sunday Morning
Linda Jones,linda.jones@example.com,2026-01-11,Sunday Morning
Jennifer Kim,jennifer.kim@example.com,2026-01-11,Sunday Morning
Richard Kim,richard.kim@example.com,2026-01-11,Sunday Morning
James King,james.king@example.com,2026-01-11,Sunday Morning
Timothy Kowalski,timothy.kowalski@example.com,2026-01-11,Sunday Morning
Nicole Lee,,2026-01-11,Sunday Morning
Timothy Lewis,,2026-01-11,Sunday Morning
Elizabeth Lopez,elizabeth.lopez@example.com,2026-01-11,Sunday Morning
Michelle Lopez,michelle.lopez@example.com,2026-01-11,Sunday Morning
Laura Miller,laura.miller@example.com,2026-01-11,Sunday Morning
Deborah Miller,deborah.miller@example.com,2026-01-11,Sunday Morning
Melissa Miller,melissa.miller@example.com,2026-01-11,Sunday Morning
Kevin Miller,kevin.miller@example.com,2026-01-11,Sunday Morning
Ashley Mitchell,ashley.mitchell@example.com,2026-01-11,Sunday Morning
Jason Mitchell,jason.mitchell@example.com,2026-01-11,Sunday Morning
Barbara Mitchell,barbara.mitchell@example.com,2026-01-11,Sunday Morning
Patricia Mitchell,patricia.mitchell@example.com,2026-01-11,Sunday Morning
Edward Moore,edward.moore@example.com,2026-01-11,Sunday Morning
Ronald Moore,ronald.moore@example.com,2026-01-11,Sunday Morning
Brenda Nelson,brenda.nelson@example.com,2026-01-11,Sunday Morning
Mary Nelson,mary.nelson@example.com,2026-01-11,Sunday Morning
James Nelson,,2026-01-11,Sunday Morning
Barbara Nelson,barbara.nelson@example.com,2026-01-11,Sunday Morning
Thomas Nelson,thomas.nelson@example.com,2026-01-11,Sunday Morning
Barbara Nguyen,,2026-01-11,Sunday Morning
John Okafor,,2026-01-11,Sunday Morning
Lisa Okafor,lisa.okafor@example.com,2026-01-11,Sunday Morning
Karen Perez,,2026-01-11,Sunday Morning
Joshua Petrov,joshua.petrov@example.com,2026-01-11,Sunday Morning
Jason Petrov,jason.petrov@example.com,2026-01-11,Sunday Morning
Pamela Ramirez,pamela.ramirez@example.com,2026-01-11,Sunday Morning
Ashley Ramirez,,2026-01-11,Sunday Morning
Karen Rivera,karen.rivera@example.com,2026-01-11,Sunday Morning
Emily Roberts,emily.roberts@example.com,2026-01-11,Sunday Morning
Timothy Roberts,,2026-01-11,Sunday Morning
Scott Robinson,scott.robinson@example.com,2026-01-11,Sunday Morning
Jessica Robinson,jessica.robinson@example.com,2026-01-11,Sunday Morning
Jason Rodriguez,jason.rodriguez@example.com,2026-01-11,Sunday Morning
Donald Rodriguez,donald.rodriguez@example.com,2026-01-11,Sunday Morning
Ashley Rodriguez,ashley.rodriguez@example.com,2026-01-11,Sunday Morning
Daniel Rodriguez,daniel.rodriguez@example.com,2026-01-11,Sunday Morning
Ronald Rodriguez,,2026-01-11,Sunday Morning
Matthew Sanchez,,2026-01-11,Sunday Morning
Shirley Sanchez,,2026-01-11,Sunday Morning
Mark Sanchez,mark.sanchez@example.com,2026-01-11,Sunday Morning
Elizabeth Sanchez,elizabeth.sanchez@example.com,2026-01-11,Sunday Morning
Anna Scott,anna.scott@example.com,2026-01-11,Sunday Morning
Thomas Scott,thomas.scott@example.com,2026-01-11,Sunday Morning
Cynthia Silva,cynthia.silva@example.com,2026-01-11,Sunday Morning
Stephen Smith,stephen.smith@example.com,2026-01-11,Sunday Morning
Margaret Taylor,margaret.taylor@example.com,2026-01-11,Sunday Morning
Jacob Thomas,jacob.thomas@example.com,2026-01-11,Sunday Morning
Cynthia Thomas,cynthia.thomas@example.com,2026-01-11,Sunday Morning
Susan Thomas,susan.thomas@example.com,2026-01-11,Sunday Morning
Melissa Thomas,melissa.thomas@example.com,2026-01-11,Sunday Morning
Justin Torres,justin.torres@example.com,2026-01-11,Sunday Morning
Stephanie Torres,stephanie.torres@example.com,2026-01-11,Sunday Morning
Amy Walker,,2026-01-11,Sunday Morning
Pamela Williams,pamela.williams@example.com,2026-01-11,Sunday Morning
Matthew Wilson,matthew.wilson@example.com,2026-01-11,Sunday Morning
Andrew Wilson,andrew.wilson@example.com,2026-01-11,Sunday Morning
Cynthia Wilson,cynthia.wilson@example.com,2026-01-11,Sunday Morning
Brian Yamamoto,brian.yamamoto@example.com,2026-01-11,Sunday Morning
Lisa Young,lisa.young@example.com,2026-01-11,Sunday Morning
Mark Adams,mark.adams@example.com,2026-01-14,Wednesday Night
Katherine Allen,katherine.allen@example.com,2026-01-14,Wednesday Night
Edward Allen,edward.allen@example.com,2026-01-14,Wednesday Night
Andrew Hall,andrew.hall@example.com,2026-01-14,Wednesday Night
Katherine Hill,katherine.hill@example.com,2026-01-14,Wednesday Night
Edward Hill,edward.hill@example.com,2026-01-14,Wednesday Night
Samantha Jones,samantha.jones@example.com,2026-01-14,Wednesday Night
William Lee,william.lee@example.com,2026-01-14,Wednesday Night
Elizabeth Lopez,elizabeth.lopez@example.com,2026-01-14,Wednesday Night
Brenda Nelson,brenda.nelson@example.com,2026-01-14,Wednesday Night
James Nelson,,2026-01-14,Wednesday Night
Lisa O'Brien,lisa.obrien@example.com,2026-01-14,Wednesday Night
Joshua Petrov,joshua.petrov@example.com,2026-01-14,Wednesday Night
Richard Petrov,richard.petrov@example.com,2026-01-14,Wednesday Night
Ashley Rodriguez,ashley.rodriguez@example.com,2026-01-14,Wednesday Night
Ronald Rodriguez,,2026-01-14,Wednesday Night
Thomas Scott,thomas.scott@example.com,2026-01-14,Wednesday Night
Susan Yamamoto,susan.yamamoto@example.com,2026-01-14,Wednesday Night
Katherine Baker,,2026-01-18,Sunday Evening
Jonathan Davis,jonathan.davis@example.com,2026-01-18,Sunday Evening
Sharon Green,,2026-01-18,Sunday Evening
Jason Hall,jason.hall@example.com,2026-01-18,Sunday Evening
Jonathan Harris,jonathan.harris@example.com,2026-01-18,Sunday Evening
Deborah Hernandez,deborah.hernandez@example.com,2026-01-18,Sunday Evening
Jennifer Kim,jennifer.kim@example.com,2026-01-18,Sunday Evening
Andrew Kowalski,andrew.kowalski@example.com,2026-01-18,Sunday Evening
Samantha Lee,,2026-01-18,Sunday Evening
Jacob Lewis,,2026-01-18,Sunday Evening
Michelle Miller,michelle.miller@example.com,2026-01-18,Sunday Evening
Laura Miller,laura.miller@example.com,2026-01-18,Sunday Evening
Barbara Mitchell,barbara.mitchell@example.com,2026-01-18,Sunday Evening
Donald Moore,donald.moore@example.com,2026-01-18,Sunday Evening
Mary Nelson,mary.nelson@example.com,2026-01-18,Sunday Evening
Sarah O'Brien,sarah.obrien@example.com,2026-01-18,Sunday Evening
Ashley Ramirez,,2026-01-18,Sunday Evening
John Robinson,john.robinson@example.com,2026-01-18,Sunday Evening
Jessica Robinson,jessica.robinson@example.com,2026-01-18,Sunday Evening
Ashley Rodriguez,ashley.rodriguez@example.com,2026-01-18,Sunday Evening
Daniel Rodriguez,daniel.rodriguez@example.com,2026-01-18,Sunday Evening
Shirley Sanchez,,2026-01-18,Sunday Evening
Justin Taylor,justin.taylor@example.com,2026-01-18,Sunday Evening
Ruth Taylor,ruth.taylor@example.com,2026-01-18,Sunday Evening
Margaret Adams,margaret.adams@example.com,2026-01-18,Sunday Morning
Jessica Adams,jessica.adams@example.com,2026-01-18,Sunday Morning
Katherine Allen,katherine.allen@example.com,2026-01-18,Sunday Morning
Paul Allen,paul.allen@example.com,2026-01-18,Sunday Morning
Anthony Baker,anthony.baker@example.com,2026-01-18,Sunday Morning
Edward Baker,edward.baker@example.com,2026-01-18,Sunday Morning
Sandra Baker,,2026-01-18,Sunday Morning
Paul Baker,paul.baker@example.com,2026-01-18,Sunday Morning
Michael Baker,michael.baker@example.com,2026-01-18,Sunday Morning
Kathleen Brown,kathleen.brown@example.com,2026-01-18,Sunday Morning
Nicole Brown,nicole.brown@example.com,2026-01-18,Sunday Morning
Jessica Campbell,jessica.campbell@example.com,2026-01-18,Sunday Morning
Stephen Campbell,stephen.campbell@example.com,2026-01-18,Sunday Morning
Brian Campbell,,2026-01-18,Sunday Morning
Jeffrey Carter,jeffrey.carter@example.com,2026-01-18,Sunday Morning
Kevin Chen,kevin.chen@example.com,2026-01-18,Sunday Morning
Daniel Chen,,2026-01-18,Sunday Morning
Nancy Clark,nancy.clark@example.com,2026-01-18,Sunday Morning
Ryan Clark,ryan.clark@example.com,2026-01-18,Sunday Morning
Rebecca Clark,rebecca.clark@example.com,2026-01-18,Sunday Morning
Jonathan Davis,jonathan.davis@example.com,2026-01-18,Sunday Morning
Rebecca Davis,rebecca.davis@example.com,2026-01-18,Sunday Morning
Amy Davis,,2026-01-18,Sunday Morning
Jason Davis,,2026-01-18,Sunday Morning
Amanda Diaz,amanda.diaz@example.com,2026-01-18,Sunday Morning
Jason Garcia,jason.garcia@example.com,2026-01-18,Sunday Morning
Brenda Gonzalez,brenda.gonzalez@example.com,2026-01-18,Sunday Morning
Pamela Gonzalez,pamela.gonzalez@example.com,2026-01-18,Sunday Morning
Mark Gonzalez,mark.gonzalez@example.com,2026-01-18,Sunday Morning
Robert Green,robert.green@example.com,2026-01-18,Sunday Morning
Kathleen Hall,kathleen.hall@example.com,2026-01-18,Sunday Morning
Jason Hall,jason.hall@example.com,2026-01-18,Sunday Morning
Richard Harris,richard.harris@example.com,2026-01-18,Sunday Morning
Jonathan Harris,jonathan.harris@example.com,2026-01-18,Sunday Morning
Deborah Hernandez,deborah.hernandez@example.com,2026-01-18,Sunday Morning
Linda Hernandez,linda.hernandez@example.com,2026-01-18,Sunday Morning
Lisa Hernandez,lisa.hernandez@example.com,2026-01-18,Sunday Morning
Carol Hernandez,carol.hernandez@example.com,2026-01-18,Sunday Morning
James Hill,,2026-01-18,Sunday Morning
Edward Hill,edward.hill@example.com,2026-01-18,Sunday Morning
Linda Jackson,,2026-01-18,Sunday Morning
Elizabeth Jackson,elizabeth.jackson@example.com,2026-01-18,Sunday Morning
Joseph Johnson,,2026-01-18,Sunday Morning
Amanda Johnson,amanda.johnson@example.com,2026-01-18,Sunday Morning
Gary Johnson,gary.johnson@example.com,2026-01-18,Sunday Morning
Andrew Johnson,andrew.johnson@example.com,2026-01-18,Sunday Morning
Laura Jones,laura.jones@example.com,2026-01-18,Sunday Morning
Paul Jones,paul.jones@example.com,2026-01-18,Sunday Morning
Jacob Kim,jacob.kim@example.com,2026-01-18,Sunday Morning
James King,james.king@example.com,2026-01-18,Sunday Morning
Richard King,,2026-01-18,Sunday Morning
Gary King,gary.king@example.com,2026-01-18,Sunday Morning
Andrew Kowalski,andrew.kowalski@example.com,2026-01-18,Sunday Morning
Timothy Kowalski,timothy.kowalski@example.com,2026-01-18,Sunday Morning
Nicole Lee,,2026-01-18,Sunday Morning
Samantha Lee,,2026-01-18,Sunday Morning
Charles Lewis,charles.lewis@example.com,2026-01-18,Sunday Morning
Timothy Lewis,,2026-01-18,Sunday Morning
Karen Lewis,karen.lewis@example.com,2026-01-18,Sunday Morning
Jeffrey Lewis,jeffrey.lewis@example.com,2026-01-18,Sunday Morning
Jacob Lewis,,2026-01-18,Sunday Morning
Michelle Lopez,michelle.lopez@example.com,2026-01-18,Sunday Morning
Amanda Lopez,amanda.lopez@example.com,2026-01-18,Sunday Morning
Justin Martinez,justin.martinez@example.com,2026-01-18,Sunday Morning
Michelle Miller,michelle.miller@example.com,2026-01-18,Sunday Morning
Laura Miller,laura.miller@example.com,2026-01-18,Sunday Morning
Deborah Miller,deborah.miller@example.com,2026-01-18,Sunday Morning
Ashley Mitchell,ashley.mitchell@example.com,2026-01-18,Sunday Morning
Linda Mitchell,linda.mitchell@example.com,2026-01-18,Sunday Morning
Barbara Mitchell,barbara.mitchell@example.com,2026-01-18,Sunday Morning
Edward Moore,edward.moore@example.com,2026-01-18,Sunday Morning
Donald Moore,donald.moore@example.com,2026-01-18,Sunday Morning
Ronald Moore,ronald.moore@example.com,2026-01-18,Sunday Morning
Rebecca Nelson,rebecca.nelson@example.com,2026-01-18,Sunday Morning
Emily Nelson,,2026-01-18,Sunday Morning
Brenda Nelson,brenda.nelson@example.com,2026-01-18,Sunday Morning
Mary Nelson,mary.nelson@example.com,2026-01-18,Sunday Morning
John Okafor,,2026-01-18,Sunday Morning
Mark Okafor,,2026-01-18,Sunday Morning
Scott Okafor,scott.okafor@example.com,2026-01-18,Sunday Morning
Samantha Okafor,,2026-01-18,Sunday Morning
Karen Perez,,2026-01-18,Sunday Morning
Joshua Petrov,joshua.petrov@example.com,2026-01-18,Sunday Morning
Jason Petrov,jason.petrov@example.com,2026-01-18,Sunday Morning
Anthony Petrov,anthony.petrov@example.com,2026-01-18,Sunday Morning
Sarah Ramirez,sarah.ramirez@example.com,2026-01-18,Sunday Morning
Kathleen Ramirez,kathleen.ramirez@example.com,2026-01-18,Sunday Morning
Nicole Ramirez,,2026-01-18,Sunday Morning
Pamela Ramirez,pamela.ramirez@example.com,2026-01-18,Sunday Morning
Ashley Ramirez,,2026-01-18,Sunday Morning
Brian Rivera,brian.rivera@example.com,2026-01-18,Sunday Morning
Emily Roberts,emily.roberts@example.com,2026-01-18,Sunday Morning
Brenda Roberts,brenda.roberts@example.com,2026-01-18,Sunday Morning
Timothy Roberts,,2026-01-18,Sunday Morning
Scott Robinson,scott.robinson@example.com,2026-01-18,Sunday Morning
Jessica Robinson,jessica.robinson@example.com,2026-01-18,Sunday Morning
Daniel Rodriguez,daniel.rodriguez@example.com,2026-01-18,Sunday Morning
Matthew Sanchez,,2026-01-18,Sunday Morning
Elizabeth Sanchez,elizabeth.sanchez@example.com,2026-01-18,Sunday Morning
Jeffrey Scott,,2026-01-18,Sunday Morning
Anna Scott,anna.scott@example.com,2026-01-18,Sunday Morning
Thomas Scott,thomas.scott@example.com,2026-01-18,Sunday Morning
Barbara Silva,barbara.silva@example.com,2026-01-18,Sunday Morning
Justin Taylor,justin.taylor@example.com,2026-01-18,Sunday Morning
Margaret Taylor,margaret.taylor@example.com,2026-01-18,Sunday Morning
Ruth Taylor,ruth.taylor@example.com,2026-01-18,Sunday Morning
Cynthia Thomas,cynthia.thomas@example.com,2026-01-18,Sunday Morning
Melissa Thomas,melissa.thomas@example.com,2026-01-18,Sunday Morning
Justin Torres,justin.torres@example.com,2026-01-18,Sunday Morning
Mary Torres,mary.torres@example.com,2026-01-18,Sunday Morning
Amy Walker,,2026-01-18,Sunday Morning
David Walker,david.walker@example.com,2026-01-18,Sunday Morning
Pamela Williams,pamela.williams@example.com,2026-01-18,Sunday Morning
Emily Williams,emily.williams@example.com,2026-01-18,Sunday Morning
Brandon Williams,brandon.williams@example.com,2026-01-18,Sunday Morning
Matthew Wilson,matthew.wilson@example.com,2026-01-18,Sunday Morning
Ronald Yamamoto,ronald.yamamoto@example.com,2026-01-18,Sunday Morning
Brian Yamamoto,brian.yamamoto@example.com,2026-01-18,Sunday Morning
Lisa Young,lisa.young@example.com,2026-01-18,Sunday Morning
Karen Young,karen.young@example.com,2026-01-18,Sunday Morning
Margaret Adams,margaret.adams@example.com,2026-01-21,Wednesday Night
Katherine Allen,katherine.allen@example.com,2026-01-21,Wednesday Night
Anthony Baker,anthony.baker@example.com,2026-01-21,Wednesday Night
Edward Baker,edward.baker@example.com,2026-01-21,Wednesday Night
Andrew Hall,andrew.hall@example.com,2026-01-21,Wednesday Night
Barbara Harris,barbara.harris@example.com,2026-01-21,Wednesday Night
Carol Hernandez,carol.hernandez@example.com,2026-01-21,Wednesday Night
Katherine Hill,katherine.hill@example.com,2026-01-21,Wednesday Night
Andrew Johnson,andrew.johnson@example.com,2026-01-21,Wednesday Night
Katherine King,katherine.king@example.com,2026-01-21,Wednesday Night
Michelle Miller,michelle.miller@example.com,2026-01-21,Wednesday Night
Barbara Mitchell,barbara.mitchell@example.com,2026-01-21,Wednesday Night
Rebecca Nelson,rebecca.nelson@example.com,2026-01-21,Wednesday Night
Rebecca Ramirez,rebecca.ramirez@example.com,2026-01-21,Wednesday Night
Jason Rodriguez,jason.rodriguez@example.com,2026-01-21,Wednesday Night
Ronald Rodriguez,,2026-01-21,Wednesday Night
Anna Scott,anna.scott@example.com,2026-01-21,Wednesday Night
Margaret Taylor,margaret.taylor@example.com,2026-01-21,Wednesday Night
Ruth Taylor,ruth.taylor@example.com,2026-01-21,Wednesday Night
Cynthia Thomas,cynthia.thomas@example.com,2026-01-21,Wednesday Night
Margaret Adams,margaret.adams@example.com,2026-01-25,Sunday Evening
Kathleen Brown,kathleen.brown@example.com,2026-01-25,Sunday Evening
Kevin Chen,kevin.chen@example.com,2026-01-25,Sunday Evening
Jason Garcia,jason.garcia@example.com,2026-01-25,Sunday Evening
Brenda Gonzalez,brenda.gonzalez@example.com,2026-01-25,Sunday Evening
Mark Gonzalez,mark.gonzalez@example.com,2026-01-25,Sunday Evening
Carol Hernandez,carol.hernandez@example.com,2026-01-25,Sunday Evening
Samantha Jones,samantha.jones@example.com,2026-01-25,Sunday Evening
Karen Lewis,karen.lewis@example.com,2026-01-25,Sunday Evening
Jacob Lewis,,2026-01-25,Sunday Evening
Brenda Nelson,brenda.nelson@example.com,2026-01-25,Sunday Evening
Barbara Nguyen,,2026-01-25,Sunday Evening
Mark Perez,mark.perez@example.com,2026-01-25,Sunday Evening
John Robinson,john.robinson@example.com,2026-01-25,Sunday Evening
Ashley Rodriguez,ashley.rodriguez@example.com,2026-01-25,Sunday Evening
Emily Rodriguez,,2026-01-25,Sunday Evening
Thomas Scott,thomas.scott@example.com,2026-01-25,Sunday Evening
Susan Thomas,susan.thomas@example.com,2026-01-25,Sunday Evening
Justin Torres,justin.torres@example.com,2026-01-25,Sunday Evening
Stephanie Torres,stephanie.torres@example.com,2026-01-25,Sunday Evening
Elizabeth Torres,elizabeth.torres@example.com,2026-01-25,Sunday Evening
Amy Walker,,2026-01-25,Sunday Evening
Brandon Williams,brandon.williams@example.com,2026-01-25,Sunday Evening
Margaret Adams,margaret.adams@example.com,2026-01-25,Sunday Morning
Mark Adams,mark.adams@example.com,2026-01-25,Sunday Morning
Edward Allen,edward.allen@example.com,2026-01-25,Sunday Morning
George Anderson,,2026-01-25,Sunday Morning
Anthony Baker,anthony.baker@example.com,2026-01-25,Sunday Morning
Sandra Baker,,2026-01-25,Sunday Morning
Paul Baker,paul.baker@example.com,2026-01-25,Sunday Morning
Jeffrey Carter,jeffrey.carter@example.com,2026-01-25,Sunday Morning
Jacob Chen,jacob.chen@example.com,2026-01-25,Sunday Morning
Kevin Chen,kevin.chen@example.com,2026-01-25,Sunday Morning
Daniel Chen,,2026-01-25,Sunday Morning
Nancy Clark,nancy.clark@example.com,2026-01-25,Sunday Morning
Rebecca Davis,rebecca.davis@example.com,2026-01-25,Sunday Morning
Jason Davis,,2026-01-25,Sunday Morning
Amanda Diaz,amanda.diaz@example.com,2026-01-25,Sunday Morning
Matthew Flores,matthew.flores@example.com,2026-01-25,Sunday Morning
Jason Garcia,jason.garcia@example.com,2026-01-25,Sunday Morning
Brenda Gonzalez,brenda.gonzalez@example.com,2026-01-25,Sunday Morning
Pamela Gonzalez,pamela.gonzalez@example.com,2026-01-25,Sunday Morning
Donald Hall,donald.hall@example.com,2026-01-25,Sunday Morning
Richard Harris,richard.harris@example.com,2026-01-25,Sunday Morning
Jonathan Harris,jonathan.harris@example.com,2026-01-25,Sunday Morning
Linda Hernandez,linda.hernandez@example.com,2026-01-25,Sunday Morning
Lisa Hernandez,lisa.hernandez@example.com,2026-01-25,Sunday Morning
James Hill,,2026-01-25,Sunday Morning
Katherine Hill,katherine.hill@example.com,2026-01-25,Sunday Morning
Carol Hill,carol.hill@example.com,2026-01-25,Sunday Morning
Linda Jackson,,2026-01-25,Sunday Morning
Elizabeth Jackson,elizabeth.jackson@example.com,2026-01-25,Sunday Morning
Betty Jones,betty.jones@example.com,2026-01-25,Sunday Morning
Paul Jones,paul.jones@example.com,2026-01-25,Sunday Morning
Linda Jones,linda.jones@example.com,2026-01-25,Sunday Morning
Richard Kim,richard.kim@example.com,2026-01-25,Sunday Morning
Jacob Kim,jacob.kim@example.com,2026-01-25,Sunday Morning
James King,james.king@example.com,2026-01-25,Sunday Morning
Gary King,gary.king@example.com,2026-01-25,Sunday Morning
Katherine King,katherine.king@example.com,2026-01-25,Sunday Morning
Andrew Kowalski,andrew.kowalski@example.com,2026-01-25,Sunday Morning
Timothy Kowalski,timothy.kowalski@example.com,2026-01-25,Sunday Morning
Jennifer Lee,jennifer.lee@example.com,2026-01-25,Sunday Morning
Samantha Lee,,2026-01-25,Sunday Morning
William Lee,william.lee@example.com,2026-01-25,Sunday Morning
Charles Lewis,charles.lewis@example.com,2026-01-25,Sunday Morning
Justin Martinez,justin.martinez@example.com,2026-01-25,Sunday Morning
Michelle Miller,michelle.miller@example.com,2026-01-25,Sunday Morning
Laura Miller,laura.miller@example.com,2026-01-25,Sunday Morning
Melissa Miller,melissa.miller@example.com,2026-01-25,Sunday Morning
Ashley Mitchell,ashley.mitchell@example.com,2026-01-25,Sunday Morning
Patricia Mitchell,patricia.mitchell@example.com,2026-01-25,Sunday Morning
Edward Moore,edward.moore@example.com,2026-01-25,Sunday Morning
Brenda Nelson,brenda.nelson@example.com,2026-01-25,Sunday Morning
Jason Nelson,jason.nelson@example.com,2026-01-25,Sunday Morning
James Nelson,,2026-01-25,Sunday Morning
Thomas Nelson,thomas.nelson@example.com,2026-01-25,Sunday Morning
Barbara Nguyen,,2026-01-25,Sunday Morning
Sarah O'Brien,sarah.obrien@example.com,2026-01-25,Sunday Morning
Lisa O'Brien,lisa.obrien@example.com,2026-01-25,Sunday Morning
John Okafor,,2026-01-25,Sunday Morning
Lisa Okafor,lisa.okafor@example.com,2026-01-25,Sunday Morning
Karen Perez,,2026-01-25,Sunday Morning
Richard Petrov,richard.petrov@example.com,2026-01-25,Sunday Morning
Rebecca Ramirez,rebecca.ramirez@example.com,2026-01-25,Sunday Morning
Ashley Ramirez,,2026-01-25,Sunday Morning
Karen Rivera,karen.rivera@example.com,2026-01-25,Sunday Morning
Brian Rivera,brian.rivera@example.com,2026-01-25,Sunday Morning
Jonathan Roberts,jonathan.roberts@example.com,2026-01-25,Sunday Morning
Jessica Robinson,jessica.robinson@example.com,2026-01-25,Sunday Morning
Jason Rodriguez,jason.rodriguez@example.com,2026-01-25,Sunday Morning
Ashley Rodriguez,ashley.rodriguez@example.com,2026-01-25,Sunday Morning
Daniel Rodriguez,daniel.rodriguez@example.com,2026-01-25,Sunday Morning
Ronald Rodriguez,,2026-01-25,Sunday Morning
Kimberly Sanchez,kimberly.sanchez@example.com,2026-01-25,Sunday Morning
Matthew Sanchez,,2026-01-25,Sunday Morning
Shirley Sanchez,,2026-01-25,Sunday Morning
Mark Sanchez,mark.sanchez@example.com,2026-01-25,Sunday Morning
Elizabeth Sanchez,elizabeth.sanchez@example.com,2026-01-25,Sunday Morning
Jeffrey Scott,,2026-01-25,Sunday Morning
Barbara Silva,barbara.silva@example.com,2026-01-25,Sunday Morning
Stephen Smith,stephen.smith@example.com,2026-01-25,Sunday Morning
Justin Taylor,justin.taylor@example.com,2026-01-25,Sunday Morning
Margaret Taylor,margaret.taylor@example.com,2026-01-25,Sunday Morning
Ruth Taylor,ruth.taylor@example.com,2026-01-25,Sunday Morning
Cynthia Thomas,cynthia.thomas@example.com,2026-01-25,Sunday Morning
Mary Torres,mary.torres@example.com,2026-01-25,Sunday Morning
Stephanie Torres,stephanie.torres@example.com,2026-01-25,Sunday Morning
Elizabeth Torres,elizabeth.torres@example.com,2026-01-25,Sunday Morning
Amy Walker,,2026-01-25,Sunday Morning
Ruth Williams,,2026-01-25,Sunday Morning
Emily Williams,emily.williams@example.com,2026-01-25,Sunday Morning
Andrew Wilson,andrew.wilson@example.com,2026-01-25,Sunday Morning
Deborah Wright,deborah.wright@example.com,2026-01-25,Sunday Morning
Ronald Yamamoto,ronald.yamamoto@example.com,2026-01-25,Sunday Morning
Brian Yamamoto,brian.yamamoto@example.com,2026-01-25,Sunday Morning
Lisa Young,lisa.young@example.com,2026-01-25,Sunday Morning
Karen Young,karen.young@example.com,2026-01-25,Sunday Morning
Stephen Campbell,stephen.campbell@example.com,2026-01-28,Wednesday Night
Jason Garcia,jason.garcia@example.com,2026-01-28,Wednesday Night
Brenda Gonzalez,brenda.gonzalez@example.com,2026-01-28,Wednesday Night
Mark Gonzalez,mark.gonzalez@example.com,2026-01-28,Wednesday Night
Barbara Harris,barbara.harris@example.com,2026-01-28,Wednesday Night
Lisa Hernandez,lisa.hernandez@example.com,2026-01-28,Wednesday Night
Linda Jackson,,2026-01-28,Wednesday Night
Angela Johnson,angela.johnson@example.com,2026-01-28,Wednesday Night
Nicole Lee,,2026-01-28,Wednesday Night
Charles Lewis,charles.lewis@example.com,2026-01-28,Wednesday Night
Brenda Nelson,brenda.nelson@example.com,2026-01-28,Wednesday Night
Mary Nelson,mary.nelson@example.com,2026-01-28,Wednesday Night
Barbara Nelson,barbara.nelson@example.com,2026-01-28,Wednesday Night
Joshua Petrov,joshua.petrov@example.com,2026-01-28,Wednesday Night
Jason Petrov,jason.petrov@example.com,2026-01-28,Wednesday Night
Rebecca Ramirez,rebecca.ramirez@example.com,2026-01-28,Wednesday Night
Scott Robinson,scott.robinson@example.com,2026-01-28,Wednesday Night
Daniel Rodriguez,daniel.rodriguez@example.com,2026-01-28,Wednesday Night
Kimberly Sanchez,kimberly.sanchez@example.com,2026-01-28,Wednesday Night
Matthew Sanchez,,2026-01-28,Wednesday Night
Susan Thomas,susan.thomas@example.com,2026-01-28,Wednesday Night
Brian Yamamoto,brian.yamamoto@example.com,2026-01-28,Wednesday Night
Margaret Adams,margaret.adams@example.com,2026-02-01,Sunday Evening
George Anderson,,2026-02-01,Sunday Evening
Kathleen Brown,kathleen.brown@example.com,2026-02-01,Sunday Evening
Amanda Carter,amanda.carter@example.com,2026-02-01,Sunday Evening
Jonathan Davis,jonathan.davis@example.com,2026-02-01,Sunday Evening
Sharon Green,,2026-02-01,Sunday Evening
Katherine Hill,katherine.hill@example.com,2026-02-01,Sunday Evening
Edward Hill,edward.hill@example.com,2026-02-01,Sunday Evening
Andrew Kowalski,andrew.kowalski@example.com,2026-02-01,Sunday Evening
Timothy Kowalski,timothy.kowalski@example.com,2026-02-01,Sunday Evening
William Lee,william.lee@example.com,2026-02-01,Sunday Evening
Ashley Mitchell,ashley.mitchell@example.com,2026-02-01,Sunday Evening
Linda Mitchell,linda.mitchell@example.com,2026-02-01,Sunday Evening
Donald Moore,donald.moore@example.com,2026-02-01,Sunday Evening
Rebecca Nelson,rebecca.nelson@example.com,2026-02-01,Sunday Evening
Jason Nelson,jason.nelson@example.com,2026-02-01,Sunday Evening
Mark Perez,mark.perez@example.com,2026-02-01,Sunday Evening
Karen Perez,,2026-02-01,Sunday Evening
Nicole Ramirez,,2026-02-01,Sunday Evening
Karen Rivera,karen.rivera@example.com,2026-02-01,Sunday Evening
John Robinson,john.robinson@example.com,2026-02-01,Sunday Evening
Emily Williams,emily.williams@example.com,2026-02-01,Sunday Evening
Andrew Wilson,andrew.wilson@example.com,2026-02-01,Sunday Evening
Cynthia Wilson,cynthia.wilson@example.com,2026-02-01,Sunday Evening
Margaret Adams,margaret.adams@example.com,2026-02-01,Sunday Morning
Margaret Allen,margaret.allen@example.com,2026-02-01,Sunday Morning
Paul Allen,paul.allen@example.com,2026-02-01,Sunday Morning
Edward Allen,edward.allen@example.com,2026-02-01,Sunday Morning
George Anderson,,2026-02-01,Sunday Morning
Anthony Baker,anthony.baker@example.com,2026-02-01,Sunday Morning
Sandra Baker,,2026-02-01,Sunday Morning
Richard Brown,richard.brown@example.com,2026-02-01,Sunday Morning
Charles Brown,charles.brown@example.com,2026-02-01,Sunday Morning
Jessica Campbell,jessica.campbell@example.com,2026-02-01,Sunday Morning
Stephen Campbell,stephen.campbell@example.com,2026-02-01,Sunday Morning
Jeffrey Carter,jeffrey.carter@example.com,2026-02-01,Sunday Morning
Daniel Chen,,2026-02-01,Sunday Morning
Nancy Clark,nancy.clark@example.com,2026-02-01,Sunday Morning
Ryan Clark,ryan.clark@example.com,2026-02-01,Sunday Morning
Jonathan Davis,jonathan.davis@example.com,2026-02-01,Sunday Morning
Rebecca Davis,rebecca.davis@example.com,2026-02-01,Sunday Morning
Amy Davis,,2026-02-01,Sunday Morning
Amanda Diaz,amanda.diaz@example.com,2026-02-01,Sunday Morning
Brandon Diaz,brandon.diaz@example.com,2026-02-01,Sunday Morning
Matthew Flores,matthew.flores@example.com,2026-02-01,Sunday Morning
Jason Garcia,jason.garcia@example.com,2026-02-01,Sunday Morning
Brenda Gonzalez,brenda.gonzalez@example.com,2026-02-01,Sunday Morning
Pamela Gonzalez,pamela.gonzalez@example.com,2026-02-01,Sunday Morning
Mark Gonzalez,mark.gonzalez@example.com,2026-02-01,Sunday Morning
Charles Hall,charles.hall@example.com,2026-02-01,Sunday Morning
Donald Hall,donald.hall@example.com,2026-02-01,Sunday Morning
Kathleen Hall,kathleen.hall@example.com,2026-02-01,Sunday Morning
Jason Hall,jason.hall@example.com,2026-02-01,Sunday Morning
Barbara Harris,barbara.harris@example.com,2026-02-01,Sunday Morning
Richard Harris,richard.harris@example.com,2026-02-01,Sunday Morning
Jonathan Harris,jonathan.harris@example.com,2026-02-01,Sunday Morning
Linda Hernandez,linda.hernandez@example.com,2026-02-01,Sunday Morning
Katherine Hill,katherine.hill@example.com,2026-02-01,Sunday Morning
Linda Jackson,,2026-02-01,Sunday Morning
Elizabeth Jackson,elizabeth.jackson@example.com,2026-02-01,Sunday Morning
Amanda Johnson,amanda.johnson@example.com,2026-02-01,Sunday Morning
Jacob Johnson,jacob.johnson@example.com,2026-02-01,Sunday Morning
Angela Johnson,angela.johnson@example.com,2026-02-01,Sunday Morning
Betty Jones,betty.jones@example.com,2026-02-01,Sunday Morning
Samantha Jones,samantha.jones@example.com,2026-02-01,Sunday Morning
Linda Jones,linda.jones@example.com,2026-02-01,Sunday Morning
Jennifer Kim,jennifer.kim@example.com,2026-02-01,Sunday Morning
Jacob Kim,jacob.kim@example.com,2026-02-01,Sunday Morning
James King,james.king@example.com,2026-02-01,Sunday Morning
Richard King,,2026-02-01,Sunday Morning
Katherine King,katherine.king@example.com,2026-02-01,Sunday Morning
Andrew Kowalski,andrew.kowalski@example.com,2026-02-01,Sunday Morning
Timothy Kowalski,timothy.kowalski@example.com,2026-02-01,Sunday Morning
Jennifer Lee,jennifer.lee@example.com,2026-02-01,Sunday Morning
William Lee,william.lee@example.com,2026-02-01,Sunday Morning
Timothy Lewis,,2026-02-01,Sunday Morning
Karen Lewis,karen.lewis@example.com,2026-02-01,Sunday Morning
Jacob Lewis,,2026-02-01,Sunday Morning
Elizabeth Lopez,elizabeth.lopez@example.com,2026-02-01,Sunday Morning
Michelle Lopez,michelle.lopez@example.com,2026-02-01,Sunday Morning
Justin Martinez,justin.martinez@example.com,2026-02-01,Sunday Morning
Michelle Miller,michelle.miller@example.com,2026-02-01,Sunday Morning
Melissa Miller,melissa.miller@example.com,2026-02-01,Sunday Morning
Kevin Miller,kevin.miller@example.com,2026-02-01,Sunday Morning
Nicole Mitchell,nicole.mitchell@example.com,2026-02-01,Sunday Morning
Barbara Mitchell,barbara.mitchell@example.com,2026-02-01,Sunday Morning
Patricia Mitchell,patricia.mitchell@example.com,2026-02-01,Sunday Morning
Edward Moore,edward.moore@example.com,2026-02-01,Sunday Morning
Ronald Moore,ronald.moore@example.com,2026-02-01,Sunday Morning
Rebecca Nelson,rebecca.nelson@example.com,2026-02-01,Sunday Morning
Brenda Nelson,brenda.nelson@example.com,2026-02-01,Sunday Morning
James Nelson,,2026-02-01,Sunday Morning
Barbara Nelson,barbara.nelson@example.com,2026-02-01,Sunday Morning
Thomas Nelson,thomas.nelson@example.com,2026-02-01,Sunday Morning
Barbara Nguyen,,2026-02-01,Sunday Morning
Lisa O'Brien,lisa.obrien@example.com,2026-02-01,Sunday Morning
Mark Okafor,,2026-02-01,Sunday Morning
Lisa Okafor,lisa.okafor@example.com,2026-02-01,Sunday Morning
Mark Perez,mark.perez@example.com,2026-02-01,Sunday Morning
Karen Perez,,2026-02-01,Sunday Morning
Jason Petrov,jason.petrov@example.com,2026-02-01,Sunday Morning
Anthony Petrov,anthony.petrov@example.com,2026-02-01,Sunday Morning
Richard Petrov,richard.petrov@example.com,2026-02-01,Sunday Morning
Nicole Ramirez,,2026-02-01,Sunday Morning
Karen Rivera,karen.rivera@example.com,2026-02-01,Sunday Morning
Brian Rivera,brian.rivera@example.com,2026-02-01,Sunday Morning
Carol Roberts,carol.roberts@example.com,2026-02-01,Sunday Morning
Scott Robinson,scott.robinson@example.com,2026-02-01,Sunday Morning
Jessica Robinson,jessica.robinson@example.com,2026-02-01,Sunday Morning
Jason Rodriguez,jason.rodriguez@example.com,2026-02-01,Sunday Morning
Jonathan Rodriguez,jonathan.rodriguez@example.com,2026-02-01,Sunday Morning
Ashley Rodriguez,ashley.rodriguez@example.com,2026-02-01,Sunday Morning
Ronald Rodriguez,,2026-02-01,Sunday Morning
Emily Rodriguez,,2026-02-01,Sunday Morning
Kimberly Sanchez,kimberly.sanchez@example.com,2026-02-01,Sunday Morning
Shirley Sanchez,,2026-02-01,Sunday Morning
Mark Sanchez,mark.sanchez@example.com,2026-02-01,Sunday Morning
Elizabeth Sanchez,elizabeth.sanchez@example.com,2026-02-01,Sunday Morning
Jeffrey Scott,,2026-02-01,Sunday Morning
Barbara Silva,barbara.silva@example.com,2026-02-01,Sunday Morning
Stephen Smith,stephen.smith@example.com,2026-02-01,Sunday Morning
Ruth Taylor,ruth.taylor@example.com,2026-02-01,Sunday Morning
Susan Thomas,susan.thomas@example.com,2026-02-01,Sunday Morning
Justin Torres,justin.torres@example.com,2026-02-01,Sunday Morning
Stephanie Torres,stephanie.torres@example.com,2026-02-01,Sunday Morning
Elizabeth Torres,elizabeth.torres@example.com,2026-02-01,Sunday Morning
Amy Walker,,2026-02-01,Sunday Morning
Ruth Williams,,2026-02-01,Sunday Morning
Emily Williams,emily.williams@example.com,2026-02-01,Sunday Morning
Brandon Williams,brandon.williams@example.com,2026-02-01,Sunday Morning
Cynthia Wilson,cynthia.wilson@example.com,2026-02-01,Sunday Morning
Deborah Wright,deborah.wright@example.com,2026-02-01,Sunday Morning
Brian Yamamoto,brian.yamamoto@example.com,2026-02-01,Sunday Morning
Katherine Allen,katherine.allen@example.com,2026-02-04,Wednesday Night
Edward Allen,edward.allen@example.com,2026-02-04,Wednesday Night
Jessica Campbell,jessica.campbell@example.com,2026-02-04,Wednesday Night
Brandon Diaz,brandon.diaz@example.com,2026-02-04,Wednesday Night
Mark Gonzalez,mark.gonzalez@example.com,2026-02-04,Wednesday Night
Lisa Hernandez,lisa.hernandez@example.com,2026-02-04,Wednesday Night
Jennifer Kim,jennifer.kim@example.com,2026-02-04,Wednesday Night
Gary King,gary.king@example.com,2026-02-04,Wednesday Night
William Lee,william.lee@example.com,2026-02-04,Wednesday Night
Emily Nelson,,2026-02-04,Wednesday Night
Barbara Nguyen,,2026-02-04,Wednesday Night
Joshua Petrov,joshua.petrov@example.com,2026-02-04,Wednesday Night
Anthony Petrov,anthony.petrov@example.com,2026-02-04,Wednesday Night
Sarah Ramirez,sarah.ramirez@example.com,2026-02-04,Wednesday Night
Karen Rivera,karen.rivera@example.com,2026-02-04,Wednesday Night
John Robinson,john.robinson@example.com,2026-02-04,Wednesday Night
Jessica Robinson,jessica.robinson@example.com,2026-02-04,Wednesday Night
Barbara Silva,barbara.silva@example.com,2026-02-04,Wednesday Night
Ruth Williams,,2026-02-04,Wednesday Night
Sandra Baker,,2026-02-08,Sunday Evening
Michael Baker,michael.baker@example.com,2026-02-08,Sunday Evening
Jessica Campbell,jessica.campbell@example.com,2026-02-08,Sunday Evening
Brian Campbell,,2026-02-08,Sunday Evening
Jason Davis,,2026-02-08,Sunday Evening
Lisa Hernandez,lisa.hernandez@example.com,2026-02-08,Sunday Evening
Joseph Johnson,,2026-02-08,Sunday Evening
Jacob Johnson,jacob.johnson@example.com,2026-02-08,Sunday Evening
Andrew Kowalski,andrew.kowalski@example.com,2026-02-08,Sunday Evening
Karen Lewis,karen.lewis@example.com,2026-02-08,Sunday Evening
Elizabeth Lopez,elizabeth.lopez@example.com,2026-02-08,Sunday Evening
Jason Mitchell,jason.mitchell@example.com,2026-02-08,Sunday Evening
Sarah O'Brien,sarah.obrien@example.com,2026-02-08,Sunday Evening
John Okafor,,2026-02-08,Sunday Evening
Matthew Sanchez,,2026-02-08,Sunday Evening
Elizabeth Sanchez,elizabeth.sanchez@example.com,2026-02-08,Sunday Evening
Barbara Silva,barbara.silva@example.com,2026-02-08,Sunday Evening
Ruth Taylor,ruth.taylor@example.com,2026-02-08,Sunday Evening
Susan Thomas,susan.thomas@example.com,2026-02-08,Sunday Evening
Melissa Thomas,melissa.thomas@example.com,2026-02-08,Sunday Evening
Mary Torres,mary.torres@example.com,2026-02-08,Sunday Evening
Emily Williams,emily.williams@example.com,2026-02-08,Sunday Evening
Matthew Wilson,matthew.wilson@example.com,2026-02-08,Sunday Evening
Brian Yamamoto,brian.yamamoto@example.com,2026-02-08,Sunday Evening
Margaret Adams,margaret.adams@example.com,2026-02-08,Sunday Morning
Mark Adams,mark.adams@example.com,2026-02-08,Sunday Morning
Katherine Allen,katherine.allen@example.com,2026-02-08,Sunday Morning
Paul Allen,paul.allen@example.com,2026-02-08,Sunday Morning
Edward Allen,edward.allen@example.com,2026-02-08,Sunday Morning
George Anderson,,2026-02-08,Sunday Morning
Edward Baker,edward.baker@example.com,2026-02-08,Sunday Morning
Sandra Baker,,2026-02-08,Sunday Morning
Michael Baker,michael.baker@example.com,2026-02-08,Sunday Morning
Katherine Baker,,2026-02-08,Sunday Morning
Donald Brown,donald.brown@example.com,2026-02-08,Sunday Morning
Richard Brown,richard.brown@example.com,2026-02-08,Sunday Morning
Charles Brown,charles.brown@example.com,2026-02-08,Sunday Morning
Kathleen Brown,kathleen.brown@example.com,2026-02-08,Sunday Morning
Brian Campbell,,2026-02-08,Sunday Morning
Amanda Carter,amanda.carter@example.com,2026-02-08,Sunday Morning
Kevin Chen,kevin.chen@example.com,2026-02-08,Sunday Morning
Ryan Clark,ryan.clark@example.com,2026-02-08,Sunday Morning
Rebecca Clark,rebecca.clark@example.com,2026-02-08,Sunday Morning
Rebecca Davis,rebecca.davis@example.com,2026-02-08,Sunday Morning
Jason Davis,,2026-02-08,Sunday Morning
Amanda Diaz,amanda.diaz@example.com,2026-02-08,Sunday Morning
Matthew Flores,matthew.flores@example.com,2026-02-08,Sunday Morning
Jason Garcia,jason.garcia@example.com,2026-02-08,Sunday Morning
Brenda Gonzalez,brenda.gonzalez@example.com,2026-02-08,Sunday Morning
Pamela Gonzalez,pamela.gonzalez@example.com,2026-02-08,Sunday Morning
Charles Hall,charles.hall@example.com,2026-02-08,Sunday Morning
Andrew Hall,andrew.hall@example.com,2026-02-08,Sunday Morning
Kathleen Hall,kathleen.hall@example.com,2026-02-08,Sunday Morning
Jason Hall,jason.hall@example.com,2026-02-08,Sunday Morning
Barbara Harris,barbara.harris@example.com,2026-02-08,Sunday Morning
Jonathan Harris,jonathan.harris@example.com,2026-02-08,Sunday Morning
Deborah Hernandez,deborah.hernandez@example.com,2026-02-08,Sunday Morning
Lisa Hernandez,lisa.hernandez@example.com,2026-02-08,Sunday Morning
Carol Hernandez,carol.hernandez@example.com,2026-02-08,Sunday Morning
James Hill,,2026-02-08,Sunday Morning
Joseph Johnson,,2026-02-08,Sunday Morning
Gary Johnson,gary.johnson@example.com,2026-02-08,Sunday Morning
Andrew Johnson,andrew.johnson@example.com,2026-02-08,Sunday Morning
Angela Johnson,angela.johnson@example.com,2026-02-08,Sunday Morning
Betty Jones,betty.jones@example.com,2026-02-08,Sunday Morning
Paul Jones,paul.jones@example.com,2026-02-08,Sunday Morning
Linda Jones,linda.jones@example.com,2026-02-08,Sunday Morning
Jennifer Kim,jennifer.kim@example.com,2026-02-08,Sunday Morning
Richard Kim,richard.kim@example.com,2026-02-08,Sunday Morning
Jacob Kim,jacob.kim@example.com,2026-02-08,Sunday Morning
Gary King,gary.king@example.com,2026-02-08,Sunday Morning
Andrew Kowalski,andrew.kowalski@example.com,2026-02-08,Sunday Morning
Timothy Kowalski,timothy.kowalski@example.com,2026-02-08,Sunday Morning
Jennifer Lee,jennifer.lee@example.com,2026-02-08,Sunday Morning
Nicole Lee,,2026-02-08,Sunday Morning
William Lee,william.lee@example.com,2026-02-08,Sunday Morning
Charles Lewis,charles.lewis@example.com,2026-02-08,Sunday Morning
Timothy Lewis,,2026-02-08,Sunday Morning
Karen Lewis,karen.lewis@example.com,2026-02-08,Sunday Morning
Jacob Lewis,,2026-02-08,Sunday Morning
Elizabeth Lewis,elizabeth.lewis@example.com,2026-02-08,Sunday Morning
Michelle Lopez,michelle.lopez@example.com,2026-02-08,Sunday Morning
Amanda Lopez,amanda.lopez@example.com,2026-02-08,Sunday Morning
Justin Martinez,justin.martinez@example.com,2026-02-08,Sunday Morning
Deborah Miller,deborah.miller@example.com,2026-02-08,Sunday Morning
Ashley Mitchell,ashley.mitchell@example.com,2026-02-08,Sunday Morning
Linda Mitchell,linda.mitchell@example.com,2026-02-08,Sunday Morning
Barbara Mitchell,barbara.mitchell@example.com,2026-02-08,Sunday Morning
Edward Moore,edward.moore@example.com,2026-02-08,Sunday Morning
Donald Moore,donald.moore@example.com,2026-02-08,Sunday Morning
Ronald Moore,ronald.moore@example.com,2026-02-08,Sunday Morning
Rebecca Nelson,rebecca.nelson@example.com,2026-02-08,Sunday Morning
Emily Nelson,,2026-02-08,Sunday Morning
Mary Nelson,mary.nelson@example.com,2026-02-08,Sunday Morning
Michelle Nelson,michelle.nelson@example.com,2026-02-08,Sunday Morning
Jason Nelson,jason.nelson@example.com,2026-02-08,Sunday Morning
James Nelson,,2026-02-08,Sunday Morning
Barbara Nelson,barbara.nelson@example.com,2026-02-08,Sunday Morning
Barbara Nguyen,,2026-02-08,Sunday Morning
Lisa O'Brien,lisa.obrien@example.com,2026-02-08,Sunday Morning
John Okafor,,2026-02-08,Sunday Morning
Lisa Okafor,lisa.okafor@example.com,2026-02-08,Sunday Morning
Mark Perez,mark.perez@example.com,2026-02-08,Sunday Morning
Karen Perez,,2026-02-08,Sunday Morning
Ruth Perez,ruth.perez@example.com,2026-02-08,Sunday Morning
Kathleen Ramirez,kathleen.ramirez@example.com,2026-02-08,Sunday Morning
Ashley Ramirez,,2026-02-08,Sunday Morning
Brian Rivera,brian.rivera@example.com,2026-02-08,Sunday Morning
Jonathan Roberts,jonathan.roberts@example.com,2026-02-08,Sunday Morning
Donald Rodriguez,donald.rodriguez@example.com,2026-02-08,Sunday Morning
Jonathan Rodriguez,jonathan.rodriguez@example.com,2026-02-08,Sunday Morning
Ashley Rodriguez,ashley.rodriguez@example.com,2026-02-08,Sunday Morning
Kimberly Sanchez,kimberly.sanchez@example.com,2026-02-08,Sunday Morning
Shirley Sanchez,,2026-02-08,Sunday Morning
Elizabeth Sanchez,elizabeth.sanchez@example.com,2026-02-08,Sunday Morning
Jeffrey Scott,,2026-02-08,Sunday Morning
Anna Scott,anna.scott@example.com,2026-02-08,Sunday Morning
Thomas Scott,thomas.scott@example.com,2026-02-08,Sunday Morning
Justin Taylor,justin.taylor@example.com,2026-02-08,Sunday Morning
Ruth Taylor,ruth.taylor@example.com,2026-02-08,Sunday Morning
Jacob Thomas,jacob.thomas@example.com,2026-02-08,Sunday Morning
Cynthia Thomas,cynthia.thomas@example.com,2026-02-08,Sunday Morning
Susan Thomas,susan.thomas@example.com,2026-02-08,Sunday Morning
Pamela Williams,pamela.williams@example.com,2026-02-08,Sunday Morning
Emily Williams,emily.williams@example.com,2026-02-08,Sunday Morning
Brandon Williams,brandon.williams@example.com,2026-02-08,Sunday Morning
Matthew Wilson,matthew.wilson@example.com,2026-02-08,Sunday Morning
Andrew Wilson,andrew.wilson@example.com,2026-02-08,Sunday Morning
Deborah Wright,deborah.wright@example.com,2026-02-08,Sunday Morning
Susan Yamamoto,susan.yamamoto@example.com,2026-02-08,Sunday Morning
Ronald Yamamoto,ronald.yamamoto@example.com,2026-02-08,Sunday Morning
Brian Yamamoto,brian.yamamoto@example.com,2026-02-08,Sunday Morning
Karen Young,karen.young@example.com,2026-02-08,Sunday Morning
Jessica Adams,jessica.adams@example.com,2026-02-11,Wednesday Night
George Anderson,,2026-02-11,Wednesday Night
Sandra Baker,,2026-02-11,Wednesday Night
Michael Baker,michael.baker@example.com,2026-02-11,Wednesday Night
Jason Garcia,jason.garcia@example.com,2026-02-11,Wednesday Night
Barbara Harris,barbara.harris@example.com,2026-02-11,Wednesday Night
James Hill,,2026-02-11,Wednesday Night
Betty Jones,betty.jones@example.com,2026-02-11,Wednesday Night
Timothy Lewis,,2026-02-11,Wednesday Night
Amanda Lopez,amanda.lopez@example.com,2026-02-11,Wednesday Night
Laura Miller,laura.miller@example.com,2026-02-11,Wednesday Night
Linda Mitchell,linda.mitchell@example.com,2026-02-11,Wednesday Night
Patricia Mitchell,patricia.mitchell@example.com,2026-02-11,Wednesday Night
Brenda Nelson,brenda.nelson@example.com,2026-02-11,Wednesday Night
Lisa O'Brien,lisa.obrien@example.com,2026-02-11,Wednesday Night
Kimberly Sanchez,kimberly.sanchez@example.com,2026-02-11,Wednesday Night
Barbara Silva,barbara.silva@example.com,2026-02-11,Wednesday Night
Pamela Williams,pamela.williams@example.com,2026-02-11,Wednesday Night
Michael Baker,michael.baker@example.com,2026-02-15,Sunday Evening
Katherine Baker,,2026-02-15,Sunday Evening
Jason Davis,,2026-02-15,Sunday Evening
Pamela Gonzalez,pamela.gonzalez@example.com,2026-02-15,Sunday Evening
Deborah Hernandez,deborah.hernandez@example.com,2026-02-15,Sunday Evening
Linda Hernandez,linda.hernandez@example.com,2026-02-15,Sunday Evening
James Hill,,2026-02-15,Sunday Evening
Jeffrey Lewis,jeffrey.lewis@example.com,2026-02-15,Sunday Evening
Ronald Moore,ronald.moore@example.com,2026-02-15,Sunday Evening
John Okafor,,2026-02-15,Sunday Evening
Jessica Robinson,jessica.robinson@example.com,2026-02-15,Sunday Evening
Ronald Rodriguez,,2026-02-15,Sunday Evening
Emily Rodriguez,,2026-02-15,Sunday Evening
Kimberly Sanchez,kimberly.sanchez@example.com,2026-02-15,Sunday Evening
Margaret Taylor,margaret.taylor@example.com,2026-02-15,Sunday Evening
Emily Williams,emily.williams@example.com,2026-02-15,Sunday Evening
Cynthia Wilson,cynthia.wilson@example.com,2026-02-15,Sunday Evening
Deborah Wright,deborah.wright@example.com,2026-02-15,Sunday Evening
Margaret Adams,margaret.adams@example.com,2026-02-15,Sunday Morning
Mark Adams,mark.adams@example.com,2026-02-15,Sunday Morning
Katherine Allen,katherine.allen@example.com,2026-02-15,Sunday Morning
Paul Allen,paul.allen@example.com,2026-02-15,Sunday Morning
Edward Allen,edward.allen@example.com,2026-02-15,Sunday Morning
Edward Baker,edward.baker@example.com,2026-02-15,Sunday Morning
Sandra Baker,,2026-02-15,Sunday Morning
Michael Baker,michael.baker@example.com,2026-02-15,Sunday Morning
Katherine Baker,,2026-02-15,Sunday Morning
Charles Brown,charles.brown@example.com,2026-02-15,Sunday Morning
Nicole Brown,nicole.brown@example.com,2026-02-15,Sunday Morning
Stephen Campbell,stephen.campbell@example.com,2026-02-15,Sunday Morning
Brian Campbell,,2026-02-15,Sunday Morning
Jacob Chen,jacob.chen@example.com,2026-02-15,Sunday Morning
Nancy Clark,nancy.clark@example.com,2026-02-15,Sunday Morning
Jonathan Davis,jonathan.davis@example.com,2026-02-15,Sunday Morning
Amy Davis,,2026-02-15,Sunday Morning
Jason Davis,,2026-02-15,Sunday Morning
Amanda Diaz,amanda.diaz@example.com,2026-02-15,Sunday Morning
Thomas Flores,thomas.flores@example.com,2026-02-15,Sunday Morning
Jeffrey Flores,jeffrey.flores@example.com,2026-02-15,Sunday Morning
Jason Garcia,jason.garcia@example.com,2026-02-15,Sunday Morning
Brenda Gonzalez,brenda.gonzalez@example.com,2026-02-15,Sunday Morning
Pamela Gonzalez,pamela.gonzalez@example.com,2026-02-15,Sunday Morning
Sharon Green,,2026-02-15,Sunday Morning
Robert Green,robert.green@example.com,2026-02-15,Sunday Morning
Charles Hall,charles.hall@example.com,2026-02-15,Sunday Morning
Andrew Hall,andrew.hall@example.com,2026-02-15,Sunday Morning
Jason Hall,jason.hall@example.com,2026-02-15,Sunday Morning
Barbara Harris,barbara.harris@example.com,2026-02-15,Sunday Morning
Richard Harris,richard.harris@example.com,2026-02-15,Sunday Morning
Jonathan Harris,jonathan.harris@example.com,2026-02-15,Sunday Morning
Deborah Hernandez,deborah.hernandez@example.com,2026-02-15,Sunday Morning
Linda Hernandez,linda.hernandez@example.com,2026-02-15,Sunday Morning
Lisa Hernandez,lisa.hernandez@example.com,2026-02-15,Sunday Morning
Carol Hernandez,carol.hernandez@example.com,2026-02-15,Sunday Morning
Karen Hernandez,karen.hernandez@example.com,2026-02-15,Sunday Morning
James Hill,,2026-02-15,Sunday Morning
Carol Hill,carol.hill@example.com,2026-02-15,Sunday Morning
Edward Hill,edward.hill@example.com,2026-02-15,Sunday Morning
Gary Johnson,gary.johnson@example.com,2026-02-15,Sunday Morning
Jacob Johnson,jacob.johnson@example.com,2026-02-15,Sunday Morning
Andrew Johnson,andrew.johnson@example.com,2026-02-15,Sunday Morning
Angela Johnson,angela.johnson@example.com,2026-02-15,Sunday Morning
Betty Jones,betty.jones@example.com,2026-02-15,Sunday Morning
Samantha Jones,samantha.jones@example.com,2026-02-15,Sunday Morning
Paul Jones,paul.jones@example.com,2026-02-15,Sunday Morning
Richard Kim,richard.kim@example.com,2026-02-15,Sunday Morning
Jacob Kim,jacob.kim@example.com,2026-02-15,Sunday Morning
James King,james.king@example.com,2026-02-15,Sunday Morning
Richard King,,2026-02-15,Sunday Morning
Gary King,gary.king@example.com,2026-02-15,Sunday Morning
Katherine King,katherine.king@example.com,2026-02-15,Sunday Morning
Andrew Kowalski,andrew.kowalski@example.com,2026-02-15,Sunday Morning
Jennifer Lee,jennifer.lee@example.com,2026-02-15,Sunday Morning
Samantha Lee,,2026-02-15,Sunday Morning
William Lee,william.lee@example.com,2026-02-15,Sunday Morning
Charles Lewis,charles.lewis@example.com,2026-02-15,Sunday Morning
Karen Lewis,karen.lewis@example.com,2026-02-15,Sunday Morning
Jacob Lewis,,2026-02-15,Sunday Morning
Michelle Lopez,michelle.lopez@example.com,2026-02-15,Sunday Morning
Amanda Lopez,amanda.lopez@example.com,2026-02-15,Sunday Morning
Michelle Miller,michelle.miller@example.com,2026-02-15,Sunday Morning
Laura Miller,laura.miller@example.com,2026-02-15,Sunday Morning
Deborah Miller,deborah.miller@example.com,2026-02-15,Sunday Morning
Melissa Miller,melissa.miller@example.com,2026-02-15,Sunday Morning
Kevin Miller,kevin.miller@example.com,2026-02-15,Sunday Morning
Linda Mitchell,linda.mitchell@example.com,2026-02-15,Sunday Morning
Jason Mitchell,jason.mitchell@example.com,2026-02-15,Sunday Morning
Nicole Mitchell,nicole.mitchell@example.com,2026-02-15,Sunday Morning
Barbara Mitchell,barbara.mitchell@example.com,2026-02-15,Sunday Morning
Edward Moore,edward.moore@example.com,2026-02-15,Sunday Morning
Kevin Moore,kevin.moore@example.com,2026-02-15,Sunday Morning
Rebecca Nelson,rebecca.nelson@example.com,2026-02-15,Sunday Morning
Brenda Nelson,brenda.nelson@example.com,2026-02-15,Sunday Morning
Jason Nelson,jason.nelson@example.com,2026-02-15,Sunday Morning
Barbara Nelson,barbara.nelson@example.com,2026-02-15,Sunday Morning
Thomas Nelson,thomas.nelson@example.com,2026-02-15,Sunday Morning
Sarah O'Brien,sarah.obrien@example.com,2026-02-15,Sunday Morning
Mark Okafor,,2026-02-15,Sunday Morning
Lisa Okafor,lisa.okafor@example.com,2026-02-15,Sunday Morning
Karen Perez,,2026-02-15,Sunday Morning
Ruth Perez,ruth.perez@example.com,2026-02-15,Sunday Morning
Joshua Petrov,joshua.petrov@example.com,2026-02-15,Sunday Morning
Anthony Petrov,anthony.petrov@example.com,2026-02-15,Sunday Morning
Richard Petrov,richard.petrov@example.com,2026-02-15,Sunday Morning
Pamela Ramirez,pamela.ramirez@example.com,2026-02-15,Sunday Morning
Brian Rivera,brian.rivera@example.com,2026-02-15,Sunday Morning
Jonathan Roberts,jonathan.roberts@example.com,2026-02-15,Sunday Morning
Carol Roberts,carol.roberts@example.com,2026-02-15,Sunday Morning
Timothy Roberts,,2026-02-15,Sunday Morning
Scott Robinson,scott.robinson@example.com,2026-02-15,Sunday Morning
Jessica Robinson,jessica.robinson@example.com,2026-02-15,Sunday Morning
Jason Rodriguez,jason.rodriguez@example.com,2026-02-15,Sunday Morning
Jonathan Rodriguez,jonathan.rodriguez@example.com,2026-02-15,Sunday Morning
Daniel Rodriguez,daniel.rodriguez@example.com,2026-02-15,Sunday Morning
Ronald Rodriguez,,2026-02-15,Sunday Morning
Emily Rodriguez,,2026-02-15,Sunday Morning
Shirley Sanchez,,2026-02-15,Sunday Morning
Mark Sanchez,mark.sanchez@example.com,2026-02-15,Sunday Morning
Jeffrey Scott,,2026-02-15,Sunday Morning
Anna Scott,anna.scott@example.com,2026-02-15,Sunday Morning
Cynthia Silva,cynthia.silva@example.com,2026-02-15,Sunday Morning
Stephen Smith,stephen.smith@example.com,2026-02-15,Sunday Morning
Justin Taylor,justin.taylor@example.com,2026-02-15,Sunday Morning
Margaret Taylor,margaret.taylor@example.com,2026-02-15,Sunday Morning
Cynthia Thomas,cynthia.thomas@example.com,2026-02-15,Sunday Morning
Melissa Thomas,melissa.thomas@example.com,2026-02-15,Sunday Morning
Elizabeth Torres,elizabeth.torres@example.com,2026-02-15,Sunday Morning
Ruth Williams,,2026-02-15,Sunday Morning
Pamela Williams,pamela.williams@example.com,2026-02-15,Sunday Morning
Emily Williams,emily.williams@example.com,2026-02-15,Sunday Morning
Andrew Wilson,andrew.wilson@example.com,2026-02-15,Sunday Morning
Cynthia Wilson,cynthia.wilson@example.com,2026-02-15,Sunday Morning
Brian Yamamoto,brian.yamamoto@example.com,2026-02-15,Sunday Morning
Karen Young,karen.young@example.com,2026-02-15,Sunday Morning
Margaret Adams,margaret.adams@example.com,2026-02-18,Wednesday Night
Jessica Adams,jessica.adams@example.com,2026-02-18,Wednesday Night
Katherine Allen,katherine.allen@example.com,2026-02-18,Wednesday Night
Ryan Clark,ryan.clark@example.com,2026-02-18,Wednesday Night
Charles Hall,charles.hall@example.com,2026-02-18,Wednesday Night
Andrew Hall,andrew.hall@example.com,2026-02-18,Wednesday Night
Deborah Hernandez,deborah.hernandez@example.com,2026-02-18,Wednesday Night
Lisa Hernandez,lisa.hernandez@example.com,2026-02-18,Wednesday Night
Jacob Kim,jacob.kim@example.com,2026-02-18,Wednesday Night
Gary King,gary.king@example.com,2026-02-18,Wednesday Night
Michelle Lopez,michelle.lopez@example.com,2026-02-18,Wednesday Night
Michelle Nelson,michelle.nelson@example.com,2026-02-18,Wednesday Night
Kathleen Ramirez,kathleen.ramirez@example.com,2026-02-18,Wednesday Night
Nicole Ramirez,,2026-02-18,Wednesday Night
Emily Roberts,emily.roberts@example.com,2026-02-18,Wednesday Night
Ashley Rodriguez,ashley.rodriguez@example.com,2026-02-18,Wednesday Night
Daniel Rodriguez,daniel.rodriguez@example.com,2026-02-18,Wednesday Night
Barbara Silva,barbara.silva@example.com,2026-02-18,Wednesday Night
Ruth Williams,,2026-02-18,Wednesday Night
Margaret Adams,margaret.adams@example.com,2026-02-22,Sunday Evening
Anthony Baker,anthony.baker@example.com,2026-02-22,Sunday Evening
Michael Baker,michael.baker@example.com,2026-02-22,Sunday Evening
Jacob Chen,jacob.chen@example.com,2026-02-22,Sunday Evening
Rebecca Clark,rebecca.clark@example.com,2026-02-22,Sunday Evening
Sharon Green,,2026-02-22,Sunday Evening
Charles Hall,charles.hall@example.com,2026-02-22,Sunday Evening
Donald Hall,donald.hall@example.com,2026-02-22,Sunday Evening
Deborah Hernandez,deborah.hernandez@example.com,2026-02-22,Sunday Evening
Laura Jones,laura.jones@example.com,2026-02-22,Sunday Evening
Karen Lewis,karen.lewis@example.com,2026-02-22,Sunday Evening
Elizabeth Lopez,elizabeth.lopez@example.com,2026-02-22,Sunday Evening
Justin Martinez,justin.martinez@example.com,2026-02-22,Sunday Evening
Kevin Miller,kevin.miller@example.com,2026-02-22,Sunday Evening
Linda Mitchell,linda.mitchell@example.com,2026-02-22,Sunday Evening
Mary Nelson,mary.nelson@example.com,2026-02-22,Sunday Evening
Lisa O'Brien,lisa.obrien@example.com,2026-02-22,Sunday Evening
Sarah Ramirez,sarah.ramirez@example.com,2026-02-22,Sunday Evening
Mark Sanchez,mark.sanchez@example.com,2026-02-22,Sunday Evening
Susan Thomas,susan.thomas@example.com,2026-02-22,Sunday Evening
Lisa Young,lisa.young@example.com,2026-02-22,Sunday Evening
Karen Young,karen.young@example.com,2026-02-22,Sunday Evening
Jessica Adams,jessica.adams@example.com,2026-02-22,Sunday Morning
Mark Adams,mark.adams@example.com,2026-02-22,Sunday Morning
Paul Allen,paul.allen@example.com,2026-02-22,Sunday Morning
George Anderson,,2026-02-22,Sunday Morning
Paul Baker,paul.baker@example.com,2026-02-22,Sunday Morning
Michael Baker,michael.baker@example.com,2026-02-22,Sunday Morning
Charles Brown,charles.brown@example.com,2026-02-22,Sunday Morning
Kathleen Brown,kathleen.brown@example.com,2026-02-22,Sunday Morning
Nicole Brown,nicole.brown@example.com,2026-02-22,Sunday Morning
Jessica Campbell,jessica.campbell@example.com,2026-02-22,Sunday Morning
Stephen Campbell,stephen.campbell@example.com,2026-02-22,Sunday Morning
Jeffrey Carter,jeffrey.carter@example.com,2026-02-22,Sunday Morning
Jacob Chen,jacob.chen@example.com,2026-02-22,Sunday Morning
Kevin Chen,kevin.chen@example.com,2026-02-22,Sunday Morning
Rebecca Clark,rebecca.clark@example.com,2026-02-22,Sunday Morning
Amy Davis,,2026-02-22,Sunday Morning
Amanda Diaz,amanda.diaz@example.com,2026-02-22,Sunday Morning
Brandon Diaz,brandon.diaz@example.com,2026-02-22,Sunday Morning
Thomas Flores,thomas.flores@example.com,2026-02-22,Sunday Morning
Brenda Gonzalez,brenda.gonzalez@example.com,2026-02-22,Sunday Morning
Pamela Gonzalez,pamela.gonzalez@example.com,2026-02-22,Sunday Morning
Mark Gonzalez,mark.gonzalez@example.com,2026-02-22,Sunday Morning
Sharon Green,,2026-02-22,Sunday Morning
Robert Green,robert.green@example.com,2026-02-22,Sunday Morning
Charles Hall,charles.hall@example.com,2026-02-22,Sunday Morning
Richard Harris,richard.harris@example.com,2026-02-22,Sunday Morning
Deborah Hernandez,deborah.hernandez@example.com,2026-02-22,Sunday Morning
Lisa Hernandez,lisa.hernandez@example.com,2026-02-22,Sunday Morning
Carol Hernandez,carol.hernandez@example.com,2026-02-22,Sunday Morning
James Hill,,2026-02-22,Sunday Morning
Carol Hill,carol.hill@example.com,2026-02-22,Sunday Morning
Edward Hill,edward.hill@example.com,2026-02-22,Sunday Morning
Elizabeth Jackson,elizabeth.jackson@example.com,2026-02-22,Sunday Morning
Joseph Johnson,,2026-02-22,Sunday Morning
Amanda Johnson,amanda.johnson@example.com,2026-02-22,Sunday Morning
Gary Johnson,gary.johnson@example.com,2026-02-22,Sunday Morning
Jacob Johnson,jacob.johnson@example.com,2026-02-22,Sunday Morning
Andrew Johnson,andrew.johnson@example.com,2026-02-22,Sunday Morning
Betty Jones,betty.jones@example.com,2026-02-22,Sunday Morning
Samantha Jones,samantha.jones@example.com,2026-02-22,Sunday Morning
Linda Jones,linda.jones@example.com,2026-02-22,Sunday Morning
Jennifer Kim,jennifer.kim@example.com,2026-02-22,Sunday Morning
Jacob Kim,jacob.kim@example.com,2026-02-22,Sunday Morning
James King,james.king@example.com,2026-02-22,Sunday Morning
Richard King,,2026-02-22,Sunday Morning
Timothy Lewis,,2026-02-22,Sunday Morning
Karen Lewis,karen.lewis@example.com,2026-02-22,Sunday Morning
Jeffrey Lewis,jeffrey.lewis@example.com,2026-02-22,Sunday Morning
Michelle Lopez,michelle.lopez@example.com,2026-02-22,Sunday Morning
Amanda Lopez,amanda.lopez@example.com,2026-02-22,Sunday Morning
Michelle Miller,michelle.miller@example.com,2026-02-22,Sunday Morning
Laura Miller,laura.miller@example.com,2026-02-22,Sunday Morning
Deborah Miller,deborah.miller@example.com,2026-02-22,Sunday Morning
Melissa Miller,melissa.miller@example.com,2026-02-22,Sunday Morning
Kevin Miller,kevin.miller@example.com,2026-02-22,Sunday Morning
Jason Mitchell,jason.mitchell@example.com,2026-02-22,Sunday Morning
Barbara Mitchell,barbara.mitchell@example.com,2026-02-22,Sunday Morning
Edward Moore,edward.moore@example.com,2026-02-22,Sunday Morning
Donald Moore,donald.moore@example.com,2026-02-22,Sunday Morning
Brenda Nelson,brenda.nelson@example.com,2026-02-22,Sunday Morning
Michelle Nelson,michelle.nelson@example.com,2026-02-22,Sunday Morning
Barbara Nelson,barbara.nelson@example.com,2026-02-22,Sunday Morning
Barbara Nguyen,,2026-02-22,Sunday Morning
Mark Perez,mark.perez@example.com,2026-02-22,Sunday Morning
Karen Perez,,2026-02-22,Sunday Morning
Joshua Petrov,joshua.petrov@example.com,2026-02-22,Sunday Morning
Jason Petrov,jason.petrov@example.com,2026-02-22,Sunday Morning
Anthony Petrov,anthony.petrov@example.com,2026-02-22,Sunday Morning
Rebecca Ramirez,rebecca.ramirez@example.com,2026-02-22,Sunday Morning
Pamela Ramirez,pamela.ramirez@example.com,2026-02-22,Sunday Morning
Ashley Ramirez,,2026-02-22,Sunday Morning
Karen Rivera,karen.rivera@example.com,2026-02-22,Sunday Morning
Brian Rivera,brian.rivera@example.com,2026-02-22,Sunday Morning
Brenda Roberts,brenda.roberts@example.com,2026-02-22,Sunday Morning
Scott Robinson,scott.robinson@example.com,2026-02-22,Sunday Morning
Jessica Robinson,jessica.robinson@example.com,2026-02-22,Sunday Morning
Jason Rodriguez,jason.rodriguez@example.com,2026-02-22,Sunday Morning
Donald Rodriguez,donald.rodriguez@example.com,2026-02-22,Sunday Morning
Ashley Rodriguez,ashley.rodriguez@example.com,2026-02-22,Sunday Morning
Emily Rodriguez,,2026-02-22,Sunday Morning
Kimberly Sanchez,kimberly.sanchez@example.com,2026-02-22,Sunday Morning
Matthew Sanchez,,2026-02-22,Sunday Morning
Shirley Sanchez,,2026-02-22,Sunday Morning
Elizabeth Sanchez,elizabeth.sanchez@example.com,2026-02-22,Sunday Morning
Anna Scott,anna.scott@example.com,2026-02-22,Sunday Morning
Thomas Scott,thomas.scott@example.com,2026-02-22,Sunday Morning
Cynthia Silva,cynthia.silva@example.com,2026-02-22,Sunday Morning
Justin Taylor,justin.taylor@example.com,2026-02-22,Sunday Morning
Margaret Taylor,margaret.taylor@example.com,2026-02-22,Sunday Morning
Ruth Taylor,ruth.taylor@example.com,2026-02-22,Sunday Morning
Cynthia Thomas,cynthia.thomas@example.com,2026-02-22,Sunday Morning
Susan Thomas,susan.thomas@example.com,2026-02-22,Sunday Morning
Melissa Thomas,melissa.thomas@example.com,2026-02-22,Sunday Morning
Mary Torres,mary.torres@example.com,2026-02-22,Sunday Morning
Stephanie Torres,stephanie.torres@example.com,2026-02-22,Sunday Morning
Elizabeth Torres,elizabeth.torres@example.com,2026-02-22,Sunday Morning
Amy Walker,,2026-02-22,Sunday Morning
Pamela Williams,pamela.williams@example.com,2026-02-22,Sunday Morning
Emily Williams,emily.williams@example.com,2026-02-22,Sunday Morning
Brandon Williams,brandon.williams@example.com,2026-02-22,Sunday Morning
Matthew Wilson,matthew.wilson@example.com,2026-02-22,Sunday Morning
Andrew Wilson,andrew.wilson@example.com,2026-02-22,Sunday Morning
Cynthia Wilson,cynthia.wilson@example.com,2026-02-22,Sunday Morning
Deborah Wright,deborah.wright@example.com,2026-02-22,Sunday Morning
Susan Yamamoto,susan.yamamoto@example.com,2026-02-22,Sunday Morning
Brian Yamamoto,brian.yamamoto@example.com,2026-02-22,Sunday Morning
Karen Young,karen.young@example.com,2026-02-22,Sunday Morning
Jessica Adams,jessica.adams@example.com,2026-02-25,Wednesday Night
Paul Allen,paul.allen@example.com,2026-02-25,Wednesday Night
Nancy Clark,nancy.clark@example.com,2026-02-25,Wednesday Night
Robert Green,robert.green@example.com,2026-02-25,Wednesday Night
Jonathan Harris,jonathan.harris@example.com,2026-02-25,Wednesday Night
Elizabeth Jackson,elizabeth.jackson@example.com,2026-02-25,Wednesday Night
Katherine King,katherine.king@example.com,2026-02-25,Wednesday Night
Jason Mitchell,jason.mitchell@example.com,2026-02-25,Wednesday Night
Barbara Mitchell,barbara.mitchell@example.com,2026-02-25,Wednesday Night
Barbara Nelson,barbara.nelson@example.com,2026-02-25,Wednesday Night
Sarah O'Brien,sarah.obrien@example.com,2026-02-25,Wednesday Night
Timothy Roberts,,2026-02-25,Wednesday Night
Kimberly Sanchez,kimberly.sanchez@example.com,2026-02-25,Wednesday Night
Elizabeth Sanchez,elizabeth.sanchez@example.com,2026-02-25,Wednesday Night
Cynthia Silva,cynthia.silva@example.com,2026-02-25,Wednesday Night
Stephen Smith,stephen.smith@example.com,2026-02-25,Wednesday Night
Elizabeth Torres,elizabeth.torres@example.com,2026-02-25,Wednesday Night
Susan Yamamoto,susan.yamamoto@example.com,2026-02-25,Wednesday Night
Ronald Yamamoto,ronald.yamamoto@example.com,2026-02-25,Wednesday Night
Jessica Adams,jessica.adams@example.com,2026-03-01,Sunday Evening
Anthony Baker,anthony.baker@example.com,2026-03-01,Sunday Evening
Stephen Campbell,stephen.campbell@example.com,2026-03-01,Sunday Evening
Kevin Chen,kevin.chen@example.com,2026-03-01,Sunday Evening
Thomas Flores,thomas.flores@example.com,2026-03-01,Sunday Evening
Jason Garcia,jason.garcia@example.com,2026-03-01,Sunday Evening
Charles Hall,charles.hall@example.com,2026-03-01,Sunday Evening
Deborah Hernandez,deborah.hernandez@example.com,2026-03-01,Sunday Evening
Laura Jones,laura.jones@example.com,2026-03-01,Sunday Evening
Betty Jones,betty.jones@example.com,2026-03-01,Sunday Evening
Richard Kim,richard.kim@example.com,2026-03-01,Sunday Evening
Nicole Lee,,2026-03-01,Sunday Evening
Laura Miller,laura.miller@example.com,2026-03-01,Sunday Evening
John Okafor,,2026-03-01,Sunday Evening
Karen Perez,,2026-03-01,Sunday Evening
Joshua Petrov,joshua.petrov@example.com,2026-03-01,Sunday Evening
Karen Rivera,karen.rivera@example.com,2026-03-01,Sunday Evening
Jonathan Roberts,jonathan.roberts@example.com,2026-03-01,Sunday Evening
Ronald Rodriguez,,2026-03-01,Sunday Evening
Kimberly Sanchez,kimberly.sanchez@example.com,2026-03-01,Sunday Evening
Elizabeth Sanchez,elizabeth.sanchez@example.com,2026-03-01,Sunday Evening
Jessica Adams,jessica.adams@example.com,2026-03-01,Sunday Morning
Katherine Allen,katherine.allen@example.com,2026-03-01,Sunday Morning
Margaret Allen,margaret.allen@example.com,2026-03-01,Sunday Morning
Edward Allen,edward.allen@example.com,2026-03-01,Sunday Morning
George Anderson,,2026-03-01,Sunday Morning
Edward Baker,edward.baker@example.com,2026-03-01,Sunday Morning
Paul Baker,paul.baker@example.com,2026-03-01,Sunday Morning
Michael Baker,michael.baker@example.com,2026-03-01,Sunday Morning
Katherine Baker,,2026-03-01,Sunday Morning
Richard Brown,richard.brown@example.com,2026-03-01,Sunday Morning
Charles Brown,charles.brown@example.com,2026-03-01,Sunday Morning
Jessica Campbell,jessica.campbell@example.com,2026-03-01,Sunday Morning
Stephen Campbell,stephen.campbell@example.com,2026-03-01,Sunday Morning
Brian Campbell,,2026-03-01,Sunday Morning
Jeffrey Carter,jeffrey.carter@example.com,2026-03-01,Sunday Morning
Jacob Chen,jacob.chen@example.com,2026-03-01,Sunday Morning
Kevin Chen,kevin.chen@example.com,2026-03-01,Sunday Morning
Nancy Clark,nancy.clark@example.com,2026-03-01,Sunday Morning
Ryan Clark,ryan.clark@example.com,2026-03-01,Sunday Morning
Rebecca Clark,rebecca.clark@example.com,2026-03-01,Sunday Morning
Brandon Diaz,brandon.diaz@example.com,2026-03-01,Sunday Morning
Brenda Gonzalez,brenda.gonzalez@example.com,2026-03-01,Sunday Morning
Mark Gonzalez,mark.gonzalez@example.com,2026-03-01,Sunday Morning
Robert Green,robert.green@example.com,2026-03-01,Sunday Morning
Charles Hall,charles.hall@example.com,2026-03-01,Sunday Morning
Kathleen Hall,kathleen.hall@example.com,2026-03-01,Sunday Morning
Richard Harris,richard.harris@example.com,2026-03-01,Sunday Morning
Jonathan Harris,jonathan.harris@example.com,2026-03-01,Sunday Morning
Deborah Hernandez,deborah.hernandez@example.com,2026-03-01,Sunday Morning
Linda Hernandez,linda.hernandez@example.com,2026-03-01,Sunday Morning
Carol Hernandez,carol.hernandez@example.com,2026-03-01,Sunday Morning
Katherine Hill,katherine.hill@example.com,2026-03-01,Sunday Morning
Joseph Johnson,,2026-03-01,Sunday Morning
Amanda Johnson,amanda.johnson@example.com,2026-03-01,Sunday Morning
Gary Johnson,gary.johnson@example.com,2026-03-01,Sunday Morning
Andrew Johnson,andrew.johnson@example.com,2026-03-01,Sunday Morning
Angela Johnson,angela.johnson@example.com,2026-03-01,Sunday Morning
Betty Jones,betty.jones@example.com,2026-03-01,Sunday Morning
Linda Jones,linda.jones@example.com,2026-03-01,Sunday Morning
Jennifer Kim,jennifer.kim@example.com,2026-03-01,Sunday Morning
Jacob Kim,jacob.kim@example.com,2026-03-01,Sunday Morning
Katherine King,katherine.king@example.com,2026-03-01,Sunday Morning
Timothy Kowalski,timothy.kowalski@example.com,2026-03-01,Sunday Morning
Nicole Lee,,2026-03-01,Sunday Morning
Charles Lewis,charles.lewis@example.com,2026-03-01,Sunday Morning
Timothy Lewis,,2026-03-01,Sunday Morning
Michelle Lopez,michelle.lopez@example.com,2026-03-01,Sunday Morning
Justin Martinez,justin.martinez@example.com,2026-03-01,Sunday Morning
Laura Miller,laura.miller@example.com,2026-03-01,Sunday Morning
Deborah Miller,deborah.miller@example.com,2026-03-01,Sunday Morning
Melissa Miller,melissa.miller@example.com,2026-03-01,Sunday Morning
Linda Mitchell,linda.mitchell@example.com,2026-03-01,Sunday Morning
Jason Mitchell,jason.mitchell@example.com,2026-03-01,Sunday Morning
Barbara Mitchell,barbara.mitchell@example.com,2026-03-01,Sunday Morning
Edward Moore,edward.moore@example.com,2026-03-01,Sunday Morning
Ronald Moore,ronald.moore@example.com,2026-03-01,Sunday Morning
Emily Nelson,,2026-03-01,Sunday Morning
Michelle Nelson,michelle.nelson@example.com,2026-03-01,Sunday Morning
Jason Nelson,jason.nelson@example.com,2026-03-01,Sunday Morning
James Nelson,,2026-03-01,Sunday Morning
Barbara Nelson,barbara.nelson@example.com,2026-03-01,Sunday Morning
Thomas Nelson,thomas.nelson@example.com,2026-03-01,Sunday Morning
Sarah O'Brien,sarah.obrien@example.com,2026-03-01,Sunday Morning
Lisa O'Brien,lisa.obrien@example.com,2026-03-01,Sunday Morning
John Okafor,,2026-03-01,Sunday Morning
Mark Okafor,,2026-03-01,Sunday Morning
Mark Perez,mark.perez@example.com,2026-03-01,Sunday Morning
Richard Petrov,richard.petrov@example.com,2026-03-01,Sunday Morning
Sarah Ramirez,sarah.ramirez@example.com,2026-03-01,Sunday Morning
Nicole Ramirez,,2026-03-01,Sunday Morning
Rebecca Ramirez,rebecca.ramirez@example.com,2026-03-01,Sunday Morning
Karen Rivera,karen.rivera@example.com,2026-03-01,Sunday Morning
Brian Rivera,brian.rivera@example.com,2026-03-01,Sunday Morning
Jonathan Roberts,jonathan.roberts@example.com,2026-03-01,Sunday Morning
Emily Roberts,emily.roberts@example.com,2026-03-01,Sunday Morning
Brenda Roberts,brenda.roberts@example.com,2026-03-01,Sunday Morning
Carol Roberts,carol.roberts@example.com,2026-03-01,Sunday Morning
Scott Robinson,scott.robinson@example.com,2026-03-01,Sunday Morning
John Robinson,john.robinson@example.com,2026-03-01,Sunday Morning
Ashley Rodriguez,ashley.rodriguez@example.com,2026-03-01,Sunday Morning
Daniel Rodriguez,daniel.rodriguez@example.com,2026-03-01,Sunday Morning
Ronald Rodriguez,,2026-03-01,Sunday Morning
Emily Rodriguez,,2026-03-01,Sunday Morning
Matthew Sanchez,,2026-03-01,Sunday Morning
Shirley Sanchez,,2026-03-01,Sunday Morning
Mark Sanchez,mark.sanchez@example.com,2026-03-01,Sunday Morning
Elizabeth Sanchez,elizabeth.sanchez@example.com,2026-03-01,Sunday Morning
Barbara Silva,barbara.silva@example.com,2026-03-01,Sunday Morning
Jacob Thomas,jacob.thomas@example.com,2026-03-01,Sunday Morning
Susan Thomas,susan.thomas@example.com,2026-03-01,Sunday Morning
Melissa Thomas,melissa.thomas@example.com,2026-03-01,Sunday Morning
Justin Torres,justin.torres@example.com,2026-03-01,Sunday Morning
Mary Torres,mary.torres@example.com,2026-03-01,Sunday Morning
Stephanie Torres,stephanie.torres@example.com,2026-03-01,Sunday Morning
Ruth Williams,,2026-03-01,Sunday Morning
Emily Williams,emily.williams@example.com,2026-03-01,Sunday Morning
Brandon Williams,brandon.williams@example.com,2026-03-01,Sunday Morning
Andrew Wilson,andrew.wilson@example.com,2026-03-01,Sunday Morning
Cynthia Wilson,cynthia.wilson@example.com,2026-03-01,Sunday Morning
Deborah Wright,deborah.wright@example.com,2026-03-01,Sunday Morning
Susan Yamamoto,susan.yamamoto@example.com,2026-03-01,Sunday Morning
Lisa Young,lisa.young@example.com,2026-03-01,Sunday Morning
Karen Young,karen.young@example.com,2026-03-01,Sunday Morning
Mark Adams,mark.adams@example.com,2026-03-04,Wednesday Night
Amanda Carter,amanda.carter@example.com,2026-03-04,Wednesday Night
Kevin Chen,kevin.chen@example.com,2026-03-04,Wednesday Night
Nancy Clark,nancy.clark@example.com,2026-03-04,Wednesday Night
Sharon Green,,2026-03-04,Wednesday Night
Andrew Hall,andrew.hall@example.com,2026-03-04,Wednesday Night
Andrew Johnson,andrew.johnson@example.com,2026-03-04,Wednesday Night
Samantha Jones,samantha.jones@example.com,2026-03-04,Wednesday Night
Gary King,gary.king@example.com,2026-03-04,Wednesday Night
Samantha Lee,,2026-03-04,Wednesday Night
Charles Lewis,charles.lewis@example.com,2026-03-04,Wednesday Night
Jacob Lewis,,2026-03-04,Wednesday Night
Michelle Lopez,michelle.lopez@example.com,2026-03-04,Wednesday Night
Barbara Nguyen,,2026-03-04,Wednesday Night
Sarah O'Brien,sarah.obrien@example.com,2026-03-04,Wednesday Night
Jonathan Roberts,jonathan.roberts@example.com,2026-03-04,Wednesday Night
John Robinson,john.robinson@example.com,2026-03-04,Wednesday Night
Donald Rodriguez,donald.rodriguez@example.com,2026-03-04,Wednesday Night
Barbara Silva,barbara.silva@example.com,2026-03-04,Wednesday Night
Matthew Wilson,matthew.wilson@example.com,2026-03-04,Wednesday Night
Katherine Allen,katherine.allen@example.com,2026-03-08,Sunday Evening
Michael Baker,michael.baker@example.com,2026-03-08,Sunday Evening
Nicole Brown,nicole.brown@example.com,2026-03-08,Sunday Evening
Amanda Carter,amanda.carter@example.com,2026-03-08,Sunday Evening
Jeffrey Carter,jeffrey.carter@example.com,2026-03-08,Sunday Evening
Nancy Clark,nancy.clark@example.com,2026-03-08,Sunday Evening
Jonathan Davis,jonathan.davis@example.com,2026-03-08,Sunday Evening
Amanda Diaz,amanda.diaz@example.com,2026-03-08,Sunday Evening
Andrew Hall,andrew.hall@example.com,2026-03-08,Sunday Evening
Katherine Hill,katherine.hill@example.com,2026-03-08,Sunday Evening
Andrew Kowalski,andrew.kowalski@example.com,2026-03-08,Sunday Evening
Michelle Miller,michelle.miller@example.com,2026-03-08,Sunday Evening
Barbara Mitchell,barbara.mitchell@example.com,2026-03-08,Sunday Evening
James Nelson,,2026-03-08,Sunday Evening
Nicole Ramirez,,2026-03-08,Sunday Evening
Shirley Sanchez,,2026-03-08,Sunday Evening
Anna Scott,anna.scott@example.com,2026-03-08,Sunday Evening
Barbara Silva,barbara.silva@example.com,2026-03-08,Sunday Evening
Cynthia Thomas,cynthia.thomas@example.com,2026-03-08,Sunday Evening
Katherine Allen,katherine.allen@example.com,2026-03-08,Sunday Morning
Paul Allen,paul.allen@example.com,2026-03-08,Sunday Morning
Edward Allen,edward.allen@example.com,2026-03-08,Sunday Morning
George Anderson,,2026-03-08,Sunday Morning
Edward Baker,edward.baker@example.com,2026-03-08,Sunday Morning
Katherine Baker,,2026-03-08,Sunday Morning
Jessica Campbell,jessica.campbell@example.com,2026-03-08,Sunday Morning
Jennifer Chen,jennifer.chen@example.com,2026-03-08,Sunday Morning
Daniel Chen,,2026-03-08,Sunday Morning
Nancy Clark,nancy.clark@example.com,2026-03-08,Sunday Morning
Ryan Clark,ryan.clark@example.com,2026-03-08,Sunday Morning
Jonathan Davis,jonathan.davis@example.com,2026-03-08,Sunday Morning
Rebecca Davis,rebecca.davis@example.com,2026-03-08,Sunday Morning
Amy Davis,,2026-03-08,Sunday Morning
Jason Davis,,2026-03-08,Sunday Morning
Brandon Diaz,brandon.diaz@example.com,2026-03-08,Sunday Morning
Thomas Flores,thomas.flores@example.com,2026-03-08,Sunday Morning
Jason Garcia,jason.garcia@example.com,2026-03-08,Sunday Morning
Mark Gonzalez,mark.gonzalez@example.com,2026-03-08,Sunday Morning
Robert Green,robert.green@example.com,2026-03-08,Sunday Morning
Jason Hall,jason.hall@example.com,2026-03-08,Sunday Morning
Richard Harris,richard.harris@example.com,2026-03-08,Sunday Morning
Jonathan Harris,jonathan.harris@example.com,2026-03-08,Sunday Morning
Deborah Hernandez,deborah.hernandez@example.com,2026-03-08,Sunday Morning
Lisa Hernandez,lisa.hernandez@example.com,2026-03-08,Sunday Morning
Karen Hernandez,karen.hernandez@example.com,2026-03-08,Sunday Morning
James Hill,,2026-03-08,Sunday Morning
Carol Hill,carol.hill@example.com,2026-03-08,Sunday Morning
Edward Hill,edward.hill@example.com,2026-03-08,Sunday Morning
Jessica Jackson,jessica.jackson@example.com,2026-03-08,Sunday Morning
Joseph Johnson,,2026-03-08,Sunday Morning
Amanda Johnson,amanda.johnson@example.com,2026-03-08,Sunday Morning
Jacob Johnson,jacob.johnson@example.com,2026-03-08,Sunday Morning
Angela Johnson,angela.johnson@example.com,2026-03-08,Sunday Morning
Laura Jones,laura.jones@example.com,2026-03-08,Sunday Morning
Betty Jones,betty.jones@example.com,2026-03-08,Sunday Morning
Jennifer Kim,jennifer.kim@example.com,2026-03-08,Sunday Morning
James King,james.king@example.com,2026-03-08,Sunday Morning
Richard King,,2026-03-08,Sunday Morning
Katherine King,katherine.king@example.com,2026-03-08,Sunday Morning
Timothy Kowalski,timothy.kowalski@example.com,2026-03-08,Sunday Morning
Jennifer Lee,jennifer.lee@example.com,2026-03-08,Sunday Morning
William Lee,william.lee@example.com,2026-03-08,Sunday Morning
Charles Lewis,charles.lewis@example.com,2026-03-08,Sunday Morning
Jeffrey Lewis,jeffrey.lewis@example.com,2026-03-08,Sunday Morning
Michelle Lopez,michelle.lopez@example.com,2026-03-08,Sunday Morning
Amanda Lopez,amanda.lopez@example.com,2026-03-08,Sunday Morning
Justin Martinez,justin.martinez@example.com,2026-03-08,Sunday Morning
Laura Miller,laura.miller@example.com,2026-03-08,Sunday Morning
Deborah Miller,deborah.miller@example.com,2026-03-08,Sunday Morning
Melissa Miller,melissa.miller@example.com,2026-03-08,Sunday Morning
Linda Mitchell,linda.mitchell@example.com,2026-03-08,Sunday Morning
Donald Moore,donald.moore@example.com,2026-03-08,Sunday Morning
Rebecca Nelson,rebecca.nelson@example.com,2026-03-08,Sunday Morning
Emily Nelson,,2026-03-08,Sunday Morning
Brenda Nelson,brenda.nelson@example.com,2026-03-08,Sunday Morning
Thomas Nelson,thomas.nelson@example.com,2026-03-08,Sunday Morning
Sarah O'Brien,sarah.obrien@example.com,2026-03-08,Sunday Morning
Mark Perez,mark.perez@example.com,2026-03-08,Sunday Morning
Joshua Petrov,joshua.petrov@example.com,2026-03-08,Sunday Morning
Jason Petrov,jason.petrov@example.com,2026-03-08,Sunday Morning
Anthony Petrov,anthony.petrov@example.com,2026-03-08,Sunday Morning
Sarah Ramirez,sarah.ramirez@example.com,2026-03-08,Sunday Morning
Kathleen Ramirez,kathleen.ramirez@example.com,2026-03-08,Sunday Morning
Nicole Ramirez,,2026-03-08,Sunday Morning
Rebecca Ramirez,rebecca.ramirez@example.com,2026-03-08,Sunday Morning
Pamela Ramirez,pamela.ramirez@example.com,2026-03-08,Sunday Morning
Karen Rivera,karen.rivera@example.com,2026-03-08,Sunday Morning
Jonathan Roberts,jonathan.roberts@example.com,2026-03-08,Sunday Morning
Emily Roberts,emily.roberts@example.com,2026-03-08,Sunday Morning
Brenda Roberts,brenda.roberts@example.com,2026-03-08,Sunday Morning
Carol Roberts,carol.roberts@example.com,2026-03-08,Sunday Morning
John Robinson,john.robinson@example.com,2026-03-08,Sunday Morning
Jessica Robinson,jessica.robinson@example.com,2026-03-08,Sunday Morning
Jonathan Rodriguez,jonathan.rodriguez@example.com,2026-03-08,Sunday Morning
Ronald Rodriguez,,2026-03-08,Sunday Morning
Emily Rodriguez,,2026-03-08,Sunday Morning
Matthew Sanchez,,2026-03-08,Sunday Morning
Jeffrey Scott,,2026-03-08,Sunday Morning
Stephen Smith,stephen.smith@example.com,2026-03-08,Sunday Morning
Ruth Taylor,ruth.taylor@example.com,2026-03-08,Sunday Morning
Mary Torres,mary.torres@example.com,2026-03-08,Sunday Morning
Elizabeth Torres,elizabeth.torres@example.com,2026-03-08,Sunday Morning
Emily Williams,emily.williams@example.com,2026-03-08,Sunday Morning
Brandon Williams,brandon.williams@example.com,2026-03-08,Sunday Morning
Joshua Wilson,joshua.wilson@example.com,2026-03-08,Sunday Morning
Deborah Wright,deborah.wright@example.com,2026-03-08,Sunday Morning
Ronald Yamamoto,ronald.yamamoto@example.com,2026-03-08,Sunday Morning
Lisa Young,lisa.young@example.com,2026-03-08,Sunday Morning
Karen Young,karen.young@example.com,2026-03-08,Sunday Morning
Paul Allen,paul.allen@example.com,2026-03-11,Wednesday Night
Edward Baker,edward.baker@example.com,2026-03-11,Wednesday Night
Kathleen Brown,kathleen.brown@example.com,2026-03-11,Wednesday Night
Nancy Clark,nancy.clark@example.com,2026-03-11,Wednesday Night
Ryan Clark,ryan.clark@example.com,2026-03-11,Wednesday Night
Mark Gonzalez,mark.gonzalez@example.com,2026-03-11,Wednesday Night
Deborah Hernandez,deborah.hernandez@example.com,2026-03-11,Wednesday Night
Linda Jackson,,2026-03-11,Wednesday Night
Joseph Johnson,,2026-03-11,Wednesday Night
Jacob Johnson,jacob.johnson@example.com,2026-03-11,Wednesday Night
Betty Jones,betty.jones@example.com,2026-03-11,Wednesday Night
Paul Jones,paul.jones@example.com,2026-03-11,Wednesday Night
James King,james.king@example.com,2026-03-11,Wednesday Night
Timothy Kowalski,timothy.kowalski@example.com,2026-03-11,Wednesday Night
Karen Lewis,karen.lewis@example.com,2026-03-11,Wednesday Night
Patricia Mitchell,patricia.mitchell@example.com,2026-03-11,Wednesday Night
Rebecca Nelson,rebecca.nelson@example.com,2026-03-11,Wednesday Night
Sarah O'Brien,sarah.obrien@example.com,2026-03-11,Wednesday Night
Rebecca Ramirez,rebecca.ramirez@example.com,2026-03-11,Wednesday Night
Brian Rivera,brian.rivera@example.com,2026-03-11,Wednesday Night
Emily Roberts,emily.roberts@example.com,2026-03-11,Wednesday Night
Daniel Rodriguez,daniel.rodriguez@example.com,2026-03-11,Wednesday Night
Kimberly Sanchez,kimberly.sanchez@example.com,2026-03-11,Wednesday Night
Thomas Scott,thomas.scott@example.com,2026-03-11,Wednesday Night
Stephen Smith,stephen.smith@example.com,2026-03-11,Wednesday Night
Susan Thomas,susan.thomas@example.com,2026-03-11,Wednesday Night
Karen Young,karen.young@example.com,2026-03-11,Wednesday Night
Michael Baker,michael.baker@example.com,2026-03-15,Sunday Evening
Rebecca Clark,rebecca.clark@example.com,2026-03-15,Sunday Evening
Matthew Flores,matthew.flores@example.com,2026-03-15,Sunday Evening
Andrew Hall,andrew.hall@example.com,2026-03-15,Sunday Evening
Edward Hill,edward.hill@example.com,2026-03-15,Sunday Evening
Richard Kim,richard.kim@example.com,2026-03-15,Sunday Evening
Michelle Lopez,michelle.lopez@example.com,2026-03-15,Sunday Evening
Justin Martinez,justin.martinez@example.com,2026-03-15,Sunday Evening
Deborah Miller,deborah.miller@example.com,2026-03-15,Sunday Evening
Barbara Mitchell,barbara.mitchell@example.com,2026-03-15,Sunday Evening
Ronald Moore,ronald.moore@example.com,2026-03-15,Sunday Evening
Sarah Ramirez,sarah.ramirez@example.com,2026-03-15,Sunday Evening
Pamela Ramirez,pamela.ramirez@example.com,2026-03-15,Sunday Evening
Mark Sanchez,mark.sanchez@example.com,2026-03-15,Sunday Evening
Elizabeth Sanchez,elizabeth.sanchez@example.com,2026-03-15,Sunday Evening
Margaret Taylor,margaret.taylor@example.com,2026-03-15,Sunday Evening
Cynthia Wilson,cynthia.wilson@example.com,2026-03-15,Sunday Evening
Margaret Adams,margaret.adams@example.com,2026-03-15,Sunday Morning
Jessica Adams,jessica.adams@example.com,2026-03-15,Sunday Morning
Katherine Allen,katherine.allen@example.com,2026-03-15,Sunday Morning
Paul Allen,paul.allen@example.com,2026-03-15,Sunday Morning
Edward Allen,edward.allen@example.com,2026-03-15,Sunday Morning
George Anderson,,2026-03-15,Sunday Morning
Edward Baker,edward.baker@example.com,2026-03-15,Sunday Morning
Sandra Baker,,2026-03-15,Sunday Morning
Paul Baker,paul.baker@example.com,2026-03-15,Sunday Morning
Michael Baker,michael.baker@example.com,2026-03-15,Sunday Morning
Katherine Baker,,2026-03-15,Sunday Morning
Charles Brown,charles.brown@example.com,2026-03-15,Sunday Morning
Kathleen Brown,kathleen.brown@example.com,2026-03-15,Sunday Morning
Nicole Brown,nicole.brown@example.com,2026-03-15,Sunday Morning
Brian Campbell,,2026-03-15,Sunday Morning
Amanda Carter,amanda.carter@example.com,2026-03-15,Sunday Morning
Jeffrey Carter,jeffrey.carter@example.com,2026-03-15,Sunday Morning
Daniel Chen,,2026-03-15,Sunday Morning
Nancy Clark,nancy.clark@example.com,2026-03-15,Sunday Morning
Ryan Clark,ryan.clark@example.com,2026-03-15,Sunday Morning
Rebecca Clark,rebecca.clark@example.com,2026-03-15,Sunday Morning
Jonathan Davis,jonathan.davis@example.com,2026-03-15,Sunday Morning
Rebecca Davis,rebecca.davis@example.com,2026-03-15,Sunday Morning
Amanda Diaz,amanda.diaz@example.com,2026-03-15,Sunday Morning
Thomas Flores,thomas.flores@example.com,2026-03-15,Sunday Morning
Matthew Flores,matthew.flores@example.com,2026-03-15,Sunday Morning
Pamela Gonzalez,pamela.gonzalez@example.com,2026-03-15,Sunday Morning
Sharon Green,,2026-03-15,Sunday Morning
Robert Green,robert.green@example.com,2026-03-15,Sunday Morning
Charles Hall,charles.hall@example.com,2026-03-15,Sunday Morning
Kathleen Hall,kathleen.hall@example.com,2026-03-15,Sunday Morning
Jason Hall,jason.hall@example.com,2026-03-15,Sunday Morning
Richard Harris,richard.harris@example.com,2026-03-15,Sunday Morning
Deborah Hernandez,deborah.hernandez@example.com,2026-03-15,Sunday Morning
Carol Hernandez,carol.hernandez@example.com,2026-03-15,Sunday Morning
James Hill,,2026-03-15,Sunday Morning
Katherine Hill,katherine.hill@example.com,2026-03-15,Sunday Morning
Carol Hill,carol.hill@example.com,2026-03-15,Sunday Morning
Elizabeth Jackson,elizabeth.jackson@example.com,2026-03-15,Sunday Morning
Joseph Johnson,,2026-03-15,Sunday Morning
Gary Johnson,gary.johnson@example.com,2026-03-15,Sunday Morning
Jacob Johnson,jacob.johnson@example.com,2026-03-15,Sunday Morning
Andrew Johnson,andrew.johnson@example.com,2026-03-15,Sunday Morning
Angela Johnson,angela.johnson@example.com,2026-03-15,Sunday Morning
Betty Jones,betty.jones@example.com,2026-03-15,Sunday Morning
Samantha Jones,samantha.jones@example.com,2026-03-15,Sunday Morning
Paul Jones,paul.jones@example.com,2026-03-15,Sunday Morning
Linda Jones,linda.jones@example.com,2026-03-15,Sunday Morning
Richard Kim,richard.kim@example.com,2026-03-15,Sunday Morning
James King,james.king@example.com,2026-03-15,Sunday Morning
Richard King,,2026-03-15,Sunday Morning
Timothy Kowalski,timothy.kowalski@example.com,2026-03-15,Sunday Morning
Nicole Lee,,2026-03-15,Sunday Morning
Samantha Lee,,2026-03-15,Sunday Morning
Karen Lewis,karen.lewis@example.com,2026-03-15,Sunday Morning
Jeffrey Lewis,jeffrey.lewis@example.com,2026-03-15,Sunday Morning
Elizabeth Lopez,elizabeth.lopez@example.com,2026-03-15,Sunday Morning
Michelle Lopez,michelle.lopez@example.com,2026-03-15,Sunday Morning
Michelle Miller,michelle.miller@example.com,2026-03-15,Sunday Morning
Laura Miller,laura.miller@example.com,2026-03-15,Sunday Morning
Melissa Miller,melissa.miller@example.com,2026-03-15,Sunday Morning
Kevin Miller,kevin.miller@example.com,2026-03-15,Sunday Morning
Linda Mitchell,linda.mitchell@example.com,2026-03-15,Sunday Morning
Jason Mitchell,jason.mitchell@example.com,2026-03-15,Sunday Morning
Patricia Mitchell,patricia.mitchell@example.com,2026-03-15,Sunday Morning
Donald Moore,donald.moore@example.com,2026-03-15,Sunday Morning
Ronald Moore,ronald.moore@example.com,2026-03-15,Sunday Morning
Rebecca Nelson,rebecca.nelson@example.com,2026-03-15,Sunday Morning
Emily Nelson,,2026-03-15,Sunday Morning
Mary Nelson,mary.nelson@example.com,2026-03-15,Sunday Morning
Jason Nelson,jason.nelson@example.com,2026-03-15,Sunday Morning
James Nelson,,2026-03-15,Sunday Morning
Barbara Nelson,barbara.nelson@example.com,2026-03-15,Sunday Morning
Barbara Nguyen,,2026-03-15,Sunday Morning
Lisa O'Brien,lisa.obrien@example.com,2026-03-15,Sunday Morning
Lisa Okafor,lisa.okafor@example.com,2026-03-15,Sunday Morning
Karen Perez,,2026-03-15,Sunday Morning
Jason Petrov,jason.petrov@example.com,2026-03-15,Sunday Morning
Nicole Ramirez,,2026-03-15,Sunday Morning
Rebecca Ramirez,rebecca.ramirez@example.com,2026-03-15,Sunday Morning
Pamela Ramirez,pamela.ramirez@example.com,2026-03-15,Sunday Morning
Brian Rivera,brian.rivera@example.com,2026-03-15,Sunday Morning
Emily Roberts,emily.roberts@example.com,2026-03-15,Sunday Morning
Carol Roberts,carol.roberts@example.com,2026-03-15,Sunday Morning
Scott Robinson,scott.robinson@example.com,2026-03-15,Sunday Morning
John Robinson,john.robinson@example.com,2026-03-15,Sunday Morning
Jessica Robinson,jessica.robinson@example.com,2026-03-15,Sunday Morning
Jason Rodriguez,jason.rodriguez@example.com,2026-03-15,Sunday Morning
Daniel Rodriguez,daniel.rodriguez@example.com,2026-03-15,Sunday Morning
Emily Rodriguez,,2026-03-15,Sunday Morning
Kimberly Sanchez,kimberly.sanchez@example.com,2026-03-15,Sunday Morning
Jeffrey Scott,,2026-03-15,Sunday Morning
Stephen Smith,stephen.smith@example.com,2026-03-15,Sunday Morning
Margaret Taylor,margaret.taylor@example.com,2026-03-15,Sunday Morning
Cynthia Thomas,cynthia.thomas@example.com,2026-03-15,Sunday Morning
Susan Thomas,susan.thomas@example.com,2026-03-15,Sunday Morning
Justin Torres,justin.torres@example.com,2026-03-15,Sunday Morning
Mary Torres,mary.torres@example.com,2026-03-15,Sunday Morning
Elizabeth Torres,elizabeth.torres@example.com,2026-03-15,Sunday Morning
Amy Walker,,2026-03-15,Sunday Morning
Pamela Williams,pamela.williams@example.com,2026-03-15,Sunday Morning
Andrew Wilson,andrew.wilson@example.com,2026-03-15,Sunday Morning
Cynthia Wilson,cynthia.wilson@example.com,2026-03-15,Sunday Morning
Ronald Yamamoto,ronald.yamamoto@example.com,2026-03-15,Sunday Morning
Brian Yamamoto,brian.yamamoto@example.com,2026-03-15,Sunday Morning
Lisa Young,lisa.young@example.com,2026-03-15,Sunday Morning
Mark Adams,mark.adams@example.com,2026-03-18,Wednesday Night
Amanda Carter,amanda.carter@example.com,2026-03-18,Wednesday Night
James King,james.king@example.com,2026-03-18,Wednesday Night
Richard King,,2026-03-18,Wednesday Night
William Lee,william.lee@example.com,2026-03-18,Wednesday Night
Michelle Lopez,michelle.lopez@example.com,2026-03-18,Wednesday Night
Laura Miller,laura.miller@example.com,2026-03-18,Wednesday Night
Barbara Nguyen,,2026-03-18,Wednesday Night
Mark Okafor,,2026-03-18,Wednesday Night
Jonathan Roberts,jonathan.roberts@example.com,2026-03-18,Wednesday Night
Donald Rodriguez,donald.rodriguez@example.com,2026-03-18,Wednesday Night
Ronald Rodriguez,,2026-03-18,Wednesday Night
Shirley Sanchez,,2026-03-18,Wednesday Night
Stephen Smith,stephen.smith@example.com,2026-03-18,Wednesday Night
Margaret Taylor,margaret.taylor@example.com,2026-03-18,Wednesday Night
Melissa Thomas,melissa.thomas@example.com,2026-03-18,Wednesday Night
Brandon Williams,brandon.williams@example.com,2026-03-18,Wednesday Night
Brian Yamamoto,brian.yamamoto@example.com,2026-03-18,Wednesday Night
Katherine Allen,katherine.allen@example.com,2026-03-22,Sunday Evening
Ryan Clark,ryan.clark@example.com,2026-03-22,Sunday Evening
Rebecca Davis,rebecca.davis@example.com,2026-03-22,Sunday Evening
Amanda Diaz,amanda.diaz@example.com,2026-03-22,Sunday Evening
Richard Harris,richard.harris@example.com,2026-03-22,Sunday Evening
Edward Hill,edward.hill@example.com,2026-03-22,Sunday Evening
Jennifer Kim,jennifer.kim@example.com,2026-03-22,Sunday Evening
William Lee,william.lee@example.com,2026-03-22,Sunday Evening
Justin Martinez,justin.martinez@example.com,2026-03-22,Sunday Evening
Laura Miller,laura.miller@example.com,2026-03-22,Sunday Evening
Ashley Mitchell,ashley.mitchell@example.com,2026-03-22,Sunday Evening
Donald Moore,donald.moore@example.com,2026-03-22,Sunday Evening
Ronald Moore,ronald.moore@example.com,2026-03-22,Sunday Evening
Brenda Nelson,brenda.nelson@example.com,2026-03-22,Sunday Evening
John Okafor,,2026-03-22,Sunday Evening
Mark Okafor,,2026-03-22,Sunday Evening
Timothy Roberts,,2026-03-22,Sunday Evening
Kimberly Sanchez,kimberly.sanchez@example.com,2026-03-22,Sunday Evening
Barbara Silva,barbara.silva@example.com,2026-03-22,Sunday Evening
Melissa Thomas,melissa.thomas@example.com,2026-03-22,Sunday Evening
Brandon Williams,brandon.williams@example.com,2026-03-22,Sunday Evening
Jessica Adams,jessica.adams@example.com,2026-03-22,Sunday Morning
Mark Adams,mark.adams@example.com,2026-03-22,Sunday Morning
Katherine Allen,katherine.allen@example.com,2026-03-22,Sunday Morning
Paul Allen,paul.allen@example.com,2026-03-22,Sunday Morning
Edward Allen,edward.allen@example.com,2026-03-22,Sunday Morning
Anthony Baker,anthony.baker@example.com,2026-03-22,Sunday Morning
Edward Baker,edward.baker@example.com,2026-03-22,Sunday Morning
Sandra Baker,,2026-03-22,Sunday Morning
Michael Baker,michael.baker@example.com,2026-03-22,Sunday Morning
Katherine Baker,,2026-03-22,Sunday Morning
Charles Brown,charles.brown@example.com,2026-03-22,Sunday Morning
Brian Campbell,,2026-03-22,Sunday Morning
Jonathan Carter,jonathan.carter@example.com,2026-03-22,Sunday Morning
Jacob Chen,jacob.chen@example.com,2026-03-22,Sunday Morning
Kevin Chen,kevin.chen@example.com,2026-03-22,Sunday Morning
Ryan Clark,ryan.clark@example.com,2026-03-22,Sunday Morning
Rebecca Clark,rebecca.clark@example.com,2026-03-22,Sunday Morning
Jonathan Davis,jonathan.davis@example.com,2026-03-22,Sunday Morning
Amy Davis,,2026-03-22,Sunday Morning
Brandon Diaz,brandon.diaz@example.com,2026-03-22,Sunday Morning
Matthew Flores,matthew.flores@example.com,2026-03-22,Sunday Morning
Jeffrey Flores,jeffrey.flores@example.com,2026-03-22,Sunday Morning
Jason Garcia,jason.garcia@example.com,2026-03-22,Sunday Morning
Charles Hall,charles.hall@example.com,2026-03-22,Sunday Morning
Jonathan Harris,jonathan.harris@example.com,2026-03-22,Sunday Morning
Deborah Hernandez,deborah.hernandez@example.com,2026-03-22,Sunday Morning
Lisa Hernandez,lisa.hernandez@example.com,2026-03-22,Sunday Morning
Edward Hill,edward.hill@example.com,2026-03-22,Sunday Morning
Elizabeth Jackson,elizabeth.jackson@example.com,2026-03-22,Sunday Morning
Joseph Johnson,,2026-03-22,Sunday Morning
Amanda Johnson,amanda.johnson@example.com,2026-03-22,Sunday Morning
Gary Johnson,gary.johnson@example.com,2026-03-22,Sunday Morning
Andrew Johnson,andrew.johnson@example.com,2026-03-22,Sunday Morning
Angela Johnson,angela.johnson@example.com,2026-03-22,Sunday Morning
Betty Jones,betty.jones@example.com,2026-03-22,Sunday Morning
Samantha Jones,samantha.jones@example.com,2026-03-22,Sunday Morning
Paul Jones,paul.jones@example.com,2026-03-22,Sunday Morning
Jennifer Kim,jennifer.kim@example.com,2026-03-22,Sunday Morning
Richard Kim,richard.kim@example.com,2026-03-22,Sunday Morning
Jacob Kim,jacob.kim@example.com,2026-03-22,Sunday Morning
James King,james.king@example.com,2026-03-22,Sunday Morning
Richard King,,2026-03-22,Sunday Morning
Andrew Kowalski,andrew.kowalski@example.com,2026-03-22,Sunday Morning
Timothy Kowalski,timothy.kowalski@example.com,2026-03-22,Sunday Morning
Nicole Lee,,2026-03-22,Sunday Morning
Jeffrey Lewis,jeffrey.lewis@example.com,2026-03-22,Sunday Morning
Elizabeth Lopez,elizabeth.lopez@example.com,2026-03-22,Sunday Morning
Michelle Lopez,michelle.lopez@example.com,2026-03-22,Sunday Morning
Amanda Lopez,amanda.lopez@example.com,2026-03-22,Sunday Morning
Deborah Miller,deborah.miller@example.com,2026-03-22,Sunday Morning
Melissa Miller,melissa.miller@example.com,2026-03-22,Sunday Morning
Kevin Miller,kevin.miller@example.com,2026-03-22,Sunday Morning
Nicole Mitchell,nicole.mitchell@example.com,2026-03-22,Sunday Morning
Barbara Mitchell,barbara.mitchell@example.com,2026-03-22,Sunday Morning
Patricia Mitchell,patricia.mitchell@example.com,2026-03-22,Sunday Morning
Donald Moore,donald.moore@example.com,2026-03-22,Sunday Morning
Ronald Moore,ronald.moore@example.com,2026-03-22,Sunday Morning
Emily Nelson,,2026-03-22,Sunday Morning
Mary Nelson,mary.nelson@example.com,2026-03-22,Sunday Morning
Michelle Nelson,michelle.nelson@example.com,2026-03-22,Sunday Morning
James Nelson,,2026-03-22,Sunday Morning
Barbara Nelson,barbara.nelson@example.com,2026-03-22,Sunday Morning
Barbara Nguyen,,2026-03-22,Sunday Morning
Sarah O'Brien,sarah.obrien@example.com,2026-03-22,Sunday Morning
Melissa O'Brien,melissa.obrien@example.com,2026-03-22,Sunday Morning
John Okafor,,2026-03-22,Sunday Morning
Mark Okafor,,2026-03-22,Sunday Morning
Karen Perez,,2026-03-22,Sunday Morning
Joshua Petrov,joshua.petrov@example.com,2026-03-22,Sunday Morning
Richard Petrov,richard.petrov@example.com,2026-03-22,Sunday Morning
Kathleen Ramirez,kathleen.ramirez@example.com,2026-03-22,Sunday Morning
Rebecca Ramirez,rebecca.ramirez@example.com,2026-03-22,Sunday Morning
Ashley Ramirez,,2026-03-22,Sunday Morning
Karen Rivera,karen.rivera@example.com,2026-03-22,Sunday Morning
Brian Rivera,brian.rivera@example.com,2026-03-22,Sunday Morning
Jonathan Roberts,jonathan.roberts@example.com,2026-03-22,Sunday Morning
Emily Roberts,emily.roberts@example.com,2026-03-22,Sunday Morning
Timothy Roberts,,2026-03-22,Sunday Morning
Scott Robinson,scott.robinson@example.com,2026-03-22,Sunday Morning
John Robinson,john.robinson@example.com,2026-03-22,Sunday Morning
Jason Rodriguez,jason.rodriguez@example.com,2026-03-22,Sunday Morning
Ashley Rodriguez,ashley.rodriguez@example.com,2026-03-22,Sunday Morning
Daniel Rodriguez,daniel.rodriguez@example.com,2026-03-22,Sunday Morning
Ronald Rodriguez,,2026-03-22,Sunday Morning
Emily Rodriguez,,2026-03-22,Sunday Morning
Kimberly Sanchez,kimberly.sanchez@example.com,2026-03-22,Sunday Morning
Matthew Sanchez,,2026-03-22,Sunday Morning
Shirley Sanchez,,2026-03-22,Sunday Morning
Mark Sanchez,mark.sanchez@example.com,2026-03-22,Sunday Morning
Anna Scott,anna.scott@example.com,2026-03-22,Sunday Morning
Cynthia Silva,cynthia.silva@example.com,2026-03-22,Sunday Morning
Margaret Taylor,margaret.taylor@example.com,2026-03-22,Sunday Morning
Cynthia Thomas,cynthia.thomas@example.com,2026-03-22,Sunday Morning
Susan Thomas,susan.thomas@example.com,2026-03-22,Sunday Morning
Mark Thompson,mark.thompson@example.com,2026-03-22,Sunday Morning
Justin Torres,justin.torres@example.com,2026-03-22,Sunday Morning
Stephanie Torres,stephanie.torres@example.com,2026-03-22,Sunday Morning
Amy Walker,,2026-03-22,Sunday Morning
Pamela Williams,pamela.williams@example.com,2026-03-22,Sunday Morning
Emily Williams,emily.williams@example.com,2026-03-22,Sunday Morning
Brandon Williams,brandon.williams@example.com,2026-03-22,Sunday Morning
Matthew Wilson,matthew.wilson@example.com,2026-03-22,Sunday Morning
Deborah Wright,deborah.wright@example.com,2026-03-22,Sunday Morning
Margaret Adams,margaret.adams@example.com,2026-03-25,Wednesday Night
Brian Campbell,,2026-03-25,Wednesday Night
Daniel Chen,,2026-03-25,Wednesday Night
Donald Hall,donald.hall@example.com,2026-03-25,Wednesday Night
Jason Hall,jason.hall@example.com,2026-03-25,Wednesday Night
Barbara Harris,barbara.harris@example.com,2026-03-25,Wednesday Night
Deborah Hernandez,deborah.hernandez@example.com,2026-03-25,Wednesday Night
James Hill,,2026-03-25,Wednesday Night
Katherine Hill,katherine.hill@example.com,2026-03-25,Wednesday Night
Linda Jackson,,2026-03-25,Wednesday Night
Jacob Johnson,jacob.johnson@example.com,2026-03-25,Wednesday Night
Paul Jones,paul.jones@example.com,2026-03-25,Wednesday Night
Linda Mitchell,linda.mitchell@example.com,2026-03-25,Wednesday Night
Donald Moore,donald.moore@example.com,2026-03-25,Wednesday Night
Ronald Moore,ronald.moore@example.com,2026-03-25,Wednesday Night
Brenda Nelson,brenda.nelson@example.com,2026-03-25,Wednesday Night
Sarah O'Brien,sarah.obrien@example.com,2026-03-25,Wednesday Night
Karen Perez,,2026-03-25,Wednesday Night
Pamela Ramirez,pamela.ramirez@example.com,2026-03-25,Wednesday Night
Carol Roberts,carol.roberts@example.com,2026-03-25,Wednesday Night
Matthew Sanchez,,2026-03-25,Wednesday Night
Margaret Taylor,margaret.taylor@example.com,2026-03-25,Wednesday Night
Andrew Wilson,andrew.wilson@example.com,2026-03-25,Wednesday Night
Edward Allen,edward.allen@example.com,2026-03-29,Sunday Evening
Anthony Baker,anthony.baker@example.com,2026-03-29,Sunday Evening
Brian Campbell,,2026-03-29,Sunday Evening
Daniel Chen,,2026-03-29,Sunday Evening
Rebecca Clark,rebecca.clark@example.com,2026-03-29,Sunday Evening
Jonathan Davis,jonathan.davis@example.com,2026-03-29,Sunday Evening
Jason Garcia,jason.garcia@example.com,2026-03-29,Sunday Evening
Robert Green,robert.green@example.com,2026-03-29,Sunday Evening
Linda Hernandez,linda.hernandez@example.com,2026-03-29,Sunday Evening
James Hill,,2026-03-29,Sunday Evening
Gary Johnson,gary.johnson@example.com,2026-03-29,Sunday Evening
Linda Jones,linda.jones@example.com,2026-03-29,Sunday Evening
Richard Kim,richard.kim@example.com,2026-03-29,Sunday Evening
Timothy Kowalski,timothy.kowalski@example.com,2026-03-29,Sunday Evening
Elizabeth Lopez,elizabeth.lopez@example.com,2026-03-29,Sunday Evening
Laura Miller,laura.miller@example.com,2026-03-29,Sunday Evening
Jason Mitchell,jason.mitchell@example.com,2026-03-29,Sunday Evening
Mark Okafor,,2026-03-29,Sunday Evening
Jason Petrov,jason.petrov@example.com,2026-03-29,Sunday Evening
Jonathan Roberts,jonathan.roberts@example.com,2026-03-29,Sunday Evening
Carol Roberts,carol.roberts@example.com,2026-03-29,Sunday Evening
Jessica Robinson,jessica.robinson@example.com,2026-03-29,Sunday Evening
Jonathan Rodriguez,jonathan.rodriguez@example.com,2026-03-29,Sunday Evening
Kimberly Sanchez,kimberly.sanchez@example.com,2026-03-29,Sunday Evening
Thomas Scott,thomas.scott@example.com,2026-03-29,Sunday Evening
Ruth Taylor,ruth.taylor@example.com,2026-03-29,Sunday Evening
Andrew Wilson,andrew.wilson@example.com,2026-03-29,Sunday Evening
Deborah Wright,deborah.wright@example.com,2026-03-29,Sunday Evening
Jessica Adams,jessica.adams@example.com,2026-03-29,Sunday Morning
Anthony Baker,anthony.baker@example.com,2026-03-29,Sunday Morning
Edward Baker,edward.baker@example.com,2026-03-29,Sunday Morning
Michael Baker,michael.baker@example.com,2026-03-29,Sunday Morning
Charles Brown,charles.brown@example.com,2026-03-29,Sunday Morning
Jessica Campbell,jessica.campbell@example.com,2026-03-29,Sunday Morning
Brian Campbell,,2026-03-29,Sunday Morning
Jeffrey Carter,jeffrey.carter@example.com,2026-03-29,Sunday Morning
Jacob Chen,jacob.chen@example.com,2026-03-29,Sunday Morning
Ryan Clark,ryan.clark@example.com,2026-03-29,Sunday Morning
Jonathan Davis,jonathan.davis@example.com,2026-03-29,Sunday Morning
Rebecca Davis,rebecca.davis@example.com,2026-03-29,Sunday Morning
Thomas Flores,thomas.flores@example.com,2026-03-29,Sunday Morning
Jason Garcia,jason.garcia@example.com,2026-03-29,Sunday Morning
Mark Gonzalez,mark.gonzalez@example.com,2026-03-29,Sunday Morning
Jonathan Harris,jonathan.harris@example.com,2026-03-29,Sunday Morning
Deborah Hernandez,deborah.hernandez@example.com,2026-03-29,Sunday Morning
Lisa Hernandez,lisa.hernandez@example.com,2026-03-29,Sunday Morning
Carol Hernandez,carol.hernandez@example.com,2026-03-29,Sunday Morning
James Hill,,2026-03-29,Sunday Morning
Katherine Hill,katherine.hill@example.com,2026-03-29,Sunday Morning
Carol Hill,carol.hill@example.com,2026-03-29,Sunday Morning
Edward Hill,edward.hill@example.com,2026-03-29,Sunday Morning
Amanda Johnson,amanda.johnson@example.com,2026-03-29,Sunday Morning
Gary Johnson,gary.johnson@example.com,2026-03-29,Sunday Morning
Andrew Johnson,andrew.johnson@example.com,2026-03-29,Sunday Morning
Jennifer Kim,jennifer.kim@example.com,2026-03-29,Sunday Morning
Jacob Kim,jacob.kim@example.com,2026-03-29,Sunday Morning
Gary King,gary.king@example.com,2026-03-29,Sunday Morning
Andrew Kowalski,andrew.kowalski@example.com,2026-03-29,Sunday Morning
Mark Kowalski,mark.kowalski@example.com,2026-03-29,Sunday Morning
Jennifer Lee,jennifer.lee@example.com,2026-03-29,Sunday Morning
Timothy Lewis,,2026-03-29,Sunday Morning
Karen Lewis,karen.lewis@example.com,2026-03-29,Sunday Morning
Jeffrey Lewis,jeffrey.lewis@example.com,2026-03-29,Sunday Morning
Michelle Lopez,michelle.lopez@example.com,2026-03-29,Sunday Morning
Amanda Lopez,amanda.lopez@example.com,2026-03-29,Sunday Morning
Laura Miller,laura.miller@example.com,2026-03-29,Sunday Morning
Linda Mitchell,linda.mitchell@example.com,2026-03-29,Sunday Morning
Jason Mitchell,jason.mitchell@example.com,2026-03-29,Sunday Morning
Barbara Mitchell,barbara.mitchell@example.com,2026-03-29,Sunday Morning
Patricia Mitchell,patricia.mitchell@example.com,2026-03-29,Sunday Morning
Edward Moore,edward.moore@example.com,2026-03-29,Sunday Morning
Donald Moore,donald.moore@example.com,2026-03-29,Sunday Morning
Ronald Moore,ronald.moore@example.com,2026-03-29,Sunday Morning
Rebecca Nelson,rebecca.nelson@example.com,2026-03-29,Sunday Morning
Brenda Nelson,brenda.nelson@example.com,2026-03-29,Sunday Morning
Mary Nelson,mary.nelson@example.com,2026-03-29,Sunday Morning
Michelle Nelson,michelle.nelson@example.com,2026-03-29,Sunday Morning
Jason Nelson,jason.nelson@example.com,2026-03-29,Sunday Morning
James Nelson,,2026-03-29,Sunday Morning
Barbara Nelson,barbara.nelson@example.com,2026-03-29,Sunday Morning
Barbara Nguyen,,2026-03-29,Sunday Morning
Sarah O'Brien,sarah.obrien@example.com,2026-03-29,Sunday Morning
John Okafor,,2026-03-29,Sunday Morning
Mark Okafor,,2026-03-29,Sunday Morning
Karen Perez,,2026-03-29,Sunday Morning
Jason Petrov,jason.petrov@example.com,2026-03-29,Sunday Morning
Richard Petrov,richard.petrov@example.com,2026-03-29,Sunday Morning
Sarah Ramirez,sarah.ramirez@example.com,2026-03-29,Sunday Morning
Nicole Ramirez,,2026-03-29,Sunday Morning
Rebecca Ramirez,rebecca.ramirez@example.com,2026-03-29,Sunday Morning
Ashley Ramirez,,2026-03-29,Sunday Morning
Jonathan Roberts,jonathan.roberts@example.com,2026-03-29,Sunday Morning
Brenda Roberts,brenda.roberts@example.com,2026-03-29,Sunday Morning
Carol Roberts,carol.roberts@example.com,2026-03-29,Sunday Morning
Timothy Roberts,,2026-03-29,Sunday Morning
Scott Robinson,scott.robinson@example.com,2026-03-29,Sunday Morning
John Robinson,john.robinson@example.com,2026-03-29,Sunday Morning
Jason Rodriguez,jason.rodriguez@example.com,2026-03-29,Sunday Morning
Ashley Rodriguez,ashley.rodriguez@example.com,2026-03-29,Sunday Morning
Daniel Rodriguez,daniel.rodriguez@example.com,2026-03-29,Sunday Morning
Ronald Rodriguez,,2026-03-29,Sunday Morning
Emily Rodriguez,,2026-03-29,Sunday Morning
Kimberly Sanchez,kimberly.sanchez@example.com,2026-03-29,Sunday Morning
Matthew Sanchez,,2026-03-29,Sunday Morning
Anna Scott,anna.scott@example.com,2026-03-29,Sunday Morning
Justin Taylor,justin.taylor@example.com,2026-03-29,Sunday Morning
Margaret Taylor,margaret.taylor@example.com,2026-03-29,Sunday Morning
Ruth Taylor,ruth.taylor@example.com,2026-03-29,Sunday Morning
Susan Thomas,susan.thomas@example.com,2026-03-29,Sunday Morning
Melissa Thomas,melissa.thomas@example.com,2026-03-29,Sunday Morning
Justin Torres,justin.torres@example.com,2026-03-29,Sunday Morning
Elizabeth Torres,elizabeth.torres@example.com,2026-03-29,Sunday Morning
Pamela Williams,pamela.williams@example.com,2026-03-29,Sunday Morning
Emily Williams,emily.williams@example.com,2026-03-29,Sunday Morning
Matthew Wilson,matthew.wilson@example.com,2026-03-29,Sunday Morning
Andrew Wilson,andrew.wilson@example.com,2026-03-29,Sunday Morning
Cynthia Wilson,cynthia.wilson@example.com,2026-03-29,Sunday Morning
Susan Yamamoto,susan.yamamoto@example.com,2026-03-29,Sunday Morning
Lisa Young,lisa.young@example.com,2026-03-29,Sunday Morning
Rebecca Davis,rebecca.davis@example.com,2026-04-01,Wednesday Night
Sharon Green,,2026-04-01,Wednesday Night
Jason Hall,jason.hall@example.com,2026-04-01,Wednesday Night
Barbara Harris,barbara.harris@example.com,2026-04-01,Wednesday Night
Linda Jones,linda.jones@example.com,2026-04-01,Wednesday Night
Jennifer Lee,jennifer.lee@example.com,2026-04-01,Wednesday Night
Thomas Nelson,thomas.nelson@example.com,2026-04-01,Wednesday Night
John Okafor,,2026-04-01,Wednesday Night
Lisa Okafor,lisa.okafor@example.com,2026-04-01,Wednesday Night
Joshua Petrov,joshua.petrov@example.com,2026-04-01,Wednesday Night
Pamela Ramirez,pamela.ramirez@example.com,2026-04-01,Wednesday Night
Scott Robinson,scott.robinson@example.com,2026-04-01,Wednesday Night
Kimberly Sanchez,kimberly.sanchez@example.com,2026-04-01,Wednesday Night
Barbara Silva,barbara.silva@example.com,2026-04-01,Wednesday Night
Margaret Taylor,margaret.taylor@example.com,2026-04-01,Wednesday Night
Stephanie Torres,stephanie.torres@example.com,2026-04-01,Wednesday Night
Edward Allen,edward.allen@example.com,2026-04-05,Sunday Evening
Sandra Baker,,2026-04-05,Sunday Evening
Jonathan Davis,jonathan.davis@example.com,2026-04-05,Sunday Evening
Brandon Diaz,brandon.diaz@example.com,2026-04-05,Sunday Evening
Thomas Flores,thomas.flores@example.com,2026-04-05,Sunday Evening
Barbara Harris,barbara.harris@example.com,2026-04-05,Sunday Evening
Carol Hernandez,carol.hernandez@example.com,2026-04-05,Sunday Evening
Samantha Jones,samantha.jones@example.com,2026-04-05,Sunday Evening
Jennifer Lee,jennifer.lee@example.com,2026-04-05,Sunday Evening
Jason Mitchell,jason.mitchell@example.com,2026-04-05,Sunday Evening
Patricia Mitchell,patricia.mitchell@example.com,2026-04-05,Sunday Evening
Donald Moore,donald.moore@example.com,2026-04-05,Sunday Evening
Barbara Nguyen,,2026-04-05,Sunday Evening
Richard Petrov,richard.petrov@example.com,2026-04-05,Sunday Evening
Sarah Ramirez,sarah.ramirez@example.com,2026-04-05,Sunday Evening
Emily Roberts,emily.roberts@example.com,2026-04-05,Sunday Evening
Justin Taylor,justin.taylor@example.com,2026-04-05,Sunday Evening
Melissa Thomas,melissa.thomas@example.com,2026-04-05,Sunday Evening
Margaret Adams,margaret.adams@example.com,2026-04-05,Sunday Morning
Jessica Adams,jessica.adams@example.com,2026-04-05,Sunday Morning
Mark Adams,mark.adams@example.com,2026-04-05,Sunday Morning
Katherine Allen,katherine.allen@example.com,2026-04-05,Sunday Morning
Paul Allen,paul.allen@example.com,2026-04-05,Sunday Morning
Edward Allen,edward.allen@example.com,2026-04-05,Sunday Morning
George Anderson,,2026-04-05,Sunday Morning
Anthony Baker,anthony.baker@example.com,2026-04-05,Sunday Morning
Elizabeth Baker,elizabeth.baker@example.com,2026-04-05,Sunday Morning
Sandra Baker,,2026-04-05,Sunday Morning
Paul Baker,paul.baker@example.com,2026-04-05,Sunday Morning
Michael Baker,michael.baker@example.com,2026-04-05,Sunday Morning
Katherine Baker,,2026-04-05,Sunday Morning
Charles Brown,charles.brown@example.com,2026-04-05,Sunday Morning
Kathleen Brown,kathleen.brown@example.com,2026-04-05,Sunday Morning
Jessica Campbell,jessica.campbell@example.com,2026-04-05,Sunday Morning
Jennifer Carter,jennifer.carter@example.com,2026-04-05,Sunday Morning
Jeffrey Carter,jeffrey.carter@example.com,2026-04-05,Sunday Morning
Kevin Chen,kevin.chen@example.com,2026-04-05,Sunday Morning
Rebecca Clark,rebecca.clark@example.com,2026-04-05,Sunday Morning
Rebecca Davis,rebecca.davis@example.com,2026-04-05,Sunday Morning
Amy Davis,,2026-04-05,Sunday Morning
Jason Davis,,2026-04-05,Sunday Morning
Gary Davis,gary.davis@example.com,2026-04-05,Sunday Morning
Matthew Flores,matthew.flores@example.com,2026-04-05,Sunday Morning
Jason Garcia,jason.garcia@example.com,2026-04-05,Sunday Morning
Pamela Gonzalez,pamela.gonzalez@example.com,2026-04-05,Sunday Morning
Mark Gonzalez,mark.gonzalez@example.com,2026-04-05,Sunday Morning
Robert Green,robert.green@example.com,2026-04-05,Sunday Morning
Kathleen Hall,kathleen.hall@example.com,2026-04-05,Sunday Morning
Jason Hall,jason.hall@example.com,2026-04-05,Sunday Morning
Barbara Harris,barbara.harris@example.com,2026-04-05,Sunday Morning
Richard Harris,richard.harris@example.com,2026-04-05,Sunday Morning
James Harris,james.harris@example.com,2026-04-05,Sunday Morning
Carol Hernandez,carol.hernandez@example.com,2026-04-05,Sunday Morning
Katherine Hill,katherine.hill@example.com,2026-04-05,Sunday Morning
Linda Jackson,,2026-04-05,Sunday Morning
Jessica Jackson,jessica.jackson@example.com,2026-04-05,Sunday Morning
Gary Johnson,gary.johnson@example.com,2026-04-05,Sunday Morning
Jacob Johnson,jacob.johnson@example.com,2026-04-05,Sunday Morning
Andrew Johnson,andrew.johnson@example.com,2026-04-05,Sunday Morning
Angela Johnson,angela.johnson@example.com,2026-04-05,Sunday Morning
Laura Jones,laura.jones@example.com,2026-04-05,Sunday Morning
Betty Jones,betty.jones@example.com,2026-04-05,Sunday Morning
Samantha Jones,samantha.jones@example.com,2026-04-05,Sunday Morning
Richard Kim,richard.kim@example.com,2026-04-05,Sunday Morning
Jacob Kim,jacob.kim@example.com,2026-04-05,Sunday Morning
Richard King,,2026-04-05,Sunday Morning
George King,george.king@example.com,2026-04-05,Sunday Morning
Gary King,gary.king@example.com,2026-04-05,Sunday Morning
Mark Kowalski,mark.kowalski@example.com,2026-04-05,Sunday Morning
Timothy Kowalski,timothy.kowalski@example.com,2026-04-05,Sunday Morning
Nicole Lee,,2026-04-05,Sunday Morning
Samantha Lee,,2026-04-05,Sunday Morning
William Lee,william.lee@example.com,2026-04-05,Sunday Morning
Timothy Lewis,,2026-04-05,Sunday Morning
Jeffrey Lewis,jeffrey.lewis@example.com,2026-04-05,Sunday Morning
Elizabeth Lewis,elizabeth.lewis@example.com,2026-04-05,Sunday Morning
Elizabeth Lopez,elizabeth.lopez@example.com,2026-04-05,Sunday Morning
Michelle Miller,michelle.miller@example.com,2026-04-05,Sunday Morning
Laura Miller,laura.miller@example.com,2026-04-05,Sunday Morning
Melissa Miller,melissa.miller@example.com,2026-04-05,Sunday Morning
Kevin Miller,kevin.miller@example.com,2026-04-05,Sunday Morning
Jason Mitchell,jason.mitchell@example.com,2026-04-05,Sunday Morning
Barbara Mitchell,barbara.mitchell@example.com,2026-04-05,Sunday Morning
Edward Moore,edward.moore@example.com,2026-04-05,Sunday Morning
Emily Nelson,,2026-04-05,Sunday Morning
Michelle Nelson,michelle.nelson@example.com,2026-04-05,Sunday Morning
Jason Nelson,jason.nelson@example.com,2026-04-05,Sunday Morning
Barbara Nelson,barbara.nelson@example.com,2026-04-05,Sunday Morning
Sarah O'Brien,sarah.obrien@example.com,2026-04-05,Sunday Morning
Lisa O'Brien,lisa.obrien@example.com,2026-04-05,Sunday Morning
John Okafor,,2026-04-05,Sunday Morning
Karen Okafor,,2026-04-05,Sunday Morning
Mark Perez,mark.perez@example.com,2026-04-05,Sunday Morning
Karen Perez,,2026-04-05,Sunday Morning
Jason Petrov,jason.petrov@example.com,2026-04-05,Sunday Morning
Katherine Ramirez,katherine.ramirez@example.com,2026-04-05,Sunday Morning
Nicole Ramirez,,2026-04-05,Sunday Morning
Pamela Ramirez,pamela.ramirez@example.com,2026-04-05,Sunday Morning
Karen Rivera,karen.rivera@example.com,2026-04-05,Sunday Morning
Emily Roberts,emily.roberts@example.com,2026-04-05,Sunday Morning
Brenda Roberts,brenda.roberts@example.com,2026-04-05,Sunday Morning
Carol Roberts,carol.roberts@example.com,2026-04-05,Sunday Morning
Timothy Roberts,,2026-04-05,Sunday Morning
Jessica Robinson,jessica.robinson@example.com,2026-04-05,Sunday Morning
Jason Rodriguez,jason.rodriguez@example.com,2026-04-05,Sunday Morning
Jonathan Rodriguez,jonathan.rodriguez@example.com,2026-04-05,Sunday Morning
Ashley Rodriguez,ashley.rodriguez@example.com,2026-04-05,Sunday Morning
Ronald Rodriguez,,2026-04-05,Sunday Morning
Emily Rodriguez,,2026-04-05,Sunday Morning
Matthew Sanchez,,2026-04-05,Sunday Morning
Shirley Sanchez,,2026-04-05,Sunday Morning
Mark Sanchez,mark.sanchez@example.com,2026-04-05,Sunday Morning
Elizabeth Sanchez,elizabeth.sanchez@example.com,2026-04-05,Sunday Morning
Barbara Silva,barbara.silva@example.com,2026-04-05,Sunday Morning
Cynthia Silva,cynthia.silva@example.com,2026-04-05,Sunday Morning
Justin Taylor,justin.taylor@example.com,2026-04-05,Sunday Morning
Margaret Taylor,margaret.taylor@example.com,2026-04-05,Sunday Morning
Ruth Taylor,ruth.taylor@example.com,2026-04-05,Sunday Morning
Jacob Taylor,jacob.taylor@example.com,2026-04-05,Sunday Morning
Susan Thomas,susan.thomas@example.com,2026-04-05,Sunday Morning
Justin Torres,justin.torres@example.com,2026-04-05,Sunday Morning
Mary Torres,mary.torres@example.com,2026-04-05,Sunday Morning
Stephanie Torres,stephanie.torres@example.com,2026-04-05,Sunday Morning
Elizabeth Torres,elizabeth.torres@example.com,2026-04-05,Sunday Morning
Ruth Williams,,2026-04-05,Sunday Morning
Pamela Williams,pamela.williams@example.com,2026-04-05,Sunday Morning
Matthew Wilson,matthew.wilson@example.com,2026-04-05,Sunday Morning
Andrew Wilson,andrew.wilson@example.com,2026-04-05,Sunday Morning
Cynthia Wilson,cynthia.wilson@example.com,2026-04-05,Sunday Morning
Deborah Wright,deborah.wright@example.com,2026-04-05,Sunday Morning
Susan Yamamoto,susan.yamamoto@example.com,2026-04-05,Sunday Morning
Ronald Yamamoto,ronald.yamamoto@example.com,2026-04-05,Sunday Morning
Brian Yamamoto,brian.yamamoto@example.com,2026-04-05,Sunday Morning
Lisa Young,lisa.young@example.com,2026-04-05,Sunday Morning
Karen Young,karen.young@example.com,2026-04-05,Sunday Morning
Katherine Baker,,2026-04-08,Wednesday Night
Matthew Flores,matthew.flores@example.com,2026-04-08,Wednesday Night
Andrew Hall,andrew.hall@example.com,2026-04-08,Wednesday Night
Richard Harris,richard.harris@example.com,2026-04-08,Wednesday Night
Andrew Kowalski,andrew.kowalski@example.com,2026-04-08,Wednesday Night
Samantha Lee,,2026-04-08,Wednesday Night
Deborah Miller,deborah.miller@example.com,2026-04-08,Wednesday Night
Ashley Mitchell,ashley.mitchell@example.com,2026-04-08,Wednesday Night
Patricia Mitchell,patricia.mitchell@example.com,2026-04-08,Wednesday Night
Emily Nelson,,2026-04-08,Wednesday Night
Emily Roberts,emily.roberts@example.com,2026-04-08,Wednesday Night
Ronald Rodriguez,,2026-04-08,Wednesday Night
Mark Sanchez,mark.sanchez@example.com,2026-04-08,Wednesday Night
Kathleen Brown,kathleen.brown@example.com,2026-04-12,Sunday Evening
Kevin Chen,kevin.chen@example.com,2026-04-12,Sunday Evening
Rebecca Davis,rebecca.davis@example.com,2026-04-12,Sunday Evening
Amanda Diaz,amanda.diaz@example.com,2026-04-12,Sunday Evening
Mark Gonzalez,mark.gonzalez@example.com,2026-04-12,Sunday Evening
Robert Green,robert.green@example.com,2026-04-12,Sunday Evening
Linda Jackson,,2026-04-12,Sunday Evening
Andrew Johnson,andrew.johnson@example.com,2026-04-12,Sunday Evening
Laura Jones,laura.jones@example.com,2026-04-12,Sunday Evening
Paul Jones,paul.jones@example.com,2026-04-12,Sunday Evening
Andrew Kowalski,andrew.kowalski@example.com,2026-04-12,Sunday Evening
Timothy Kowalski,timothy.kowalski@example.com,2026-04-12,Sunday Evening
Jacob Lewis,,2026-04-12,Sunday Evening
Emily Nelson,,2026-04-12,Sunday Evening
Thomas Nelson,thomas.nelson@example.com,2026-04-12,Sunday Evening
John Okafor,,2026-04-12,Sunday Evening
Jonathan Roberts,jonathan.roberts@example.com,2026-04-12,Sunday Evening
Stephen Smith,stephen.smith@example.com,2026-04-12,Sunday Evening
Margaret Taylor,margaret.taylor@example.com,2026-04-12,Sunday Evening
Mary Torres,mary.torres@example.com,2026-04-12,Sunday Evening
Ruth Williams,,2026-04-12,Sunday Evening
Emily Williams,emily.williams@example.com,2026-04-12,Sunday Evening
Brian Yamamoto,brian.yamamoto@example.com,2026-04-12,Sunday Evening
Mark Adams,mark.adams@example.com,2026-04-12,Sunday Morning
Katherine Allen,katherine.allen@example.com,2026-04-12,Sunday Morning
Paul Allen,paul.allen@example.com,2026-04-12,Sunday Morning
Laura Allen,laura.allen@example.com,2026-04-12,Sunday Morning
George Anderson,,2026-04-12,Sunday Morning
Linda Anderson,linda.anderson@example.com,2026-04-12,Sunday Morning
Anthony Baker,anthony.baker@example.com,2026-04-12,Sunday Morning
Edward Baker,edward.baker@example.com,2026-04-12,Sunday Morning
Katherine Baker,,2026-04-12,Sunday Morning
Charles Brown,charles.brown@example.com,2026-04-12,Sunday Morning
Nicole Brown,nicole.brown@example.com,2026-04-12,Sunday Morning
Jessica Campbell,jessica.campbell@example.com,2026-04-12,Sunday Morning
Stephen Campbell,stephen.campbell@example.com,2026-04-12,Sunday Morning
Brian Campbell,,2026-04-12,Sunday Morning
Amanda Carter,amanda.carter@example.com,2026-04-12,Sunday Morning
Jeffrey Carter,jeffrey.carter@example.com,2026-04-12,Sunday Morning
Jacob Chen,jacob.chen@example.com,2026-04-12,Sunday Morning
Kevin Chen,kevin.chen@example.com,2026-04-12,Sunday Morning
Nancy Clark,nancy.clark@example.com,2026-04-12,Sunday Morning
Ryan Clark,ryan.clark@example.com,2026-04-12,Sunday Morning
Rebecca Clark,rebecca.clark@example.com,2026-04-12,Sunday Morning
Jonathan Davis,jonathan.davis@example.com,2026-04-12,Sunday Morning
Rebecca Davis,rebecca.davis@example.com,2026-04-12,Sunday Morning
Amy Davis,,2026-04-12,Sunday Morning
Amanda Diaz,amanda.diaz@example.com,2026-04-12,Sunday Morning
Jason Garcia,jason.garcia@example.com,2026-04-12,Sunday Morning
Patricia Garcia,patricia.garcia@example.com,2026-04-12,Sunday Morning
Brenda Gonzalez,brenda.gonzalez@example.com,2026-04-12,Sunday Morning
Pamela Gonzalez,pamela.gonzalez@example.com,2026-04-12,Sunday Morning
Donald Hall,donald.hall@example.com,2026-04-12,Sunday Morning
Jason Hall,jason.hall@example.com,2026-04-12,Sunday Morning
Barbara Harris,barbara.harris@example.com,2026-04-12,Sunday Morning
Lisa Hernandez,lisa.hernandez@example.com,2026-04-12,Sunday Morning
Carol Hill,carol.hill@example.com,2026-04-12,Sunday Morning
Elizabeth Jackson,elizabeth.jackson@example.com,2026-04-12,Sunday Morning
Jessica Jackson,jessica.jackson@example.com,2026-04-12,Sunday Morning
Amanda Johnson,amanda.johnson@example.com,2026-04-12,Sunday Morning
Andrew Johnson,andrew.johnson@example.com,2026-04-12,Sunday Morning
Laura Jones,laura.jones@example.com,2026-04-12,Sunday Morning
Linda Jones,linda.jones@example.com,2026-04-12,Sunday Morning
Richard Kim,richard.kim@example.com,2026-04-12,Sunday Morning
Jacob Kim,jacob.kim@example.com,2026-04-12,Sunday Morning
James King,james.king@example.com,2026-04-12,Sunday Morning
Katherine King,katherine.king@example.com,2026-04-12,Sunday Morning
Timothy Kowalski,timothy.kowalski@example.com,2026-04-12,Sunday Morning
Jennifer Lee,jennifer.lee@example.com,2026-04-12,Sunday Morning
William Lee,william.lee@example.com,2026-04-12,Sunday Morning
Jeffrey Lewis,jeffrey.lewis@example.com,2026-04-12,Sunday Morning
Brian Lewis,brian.lewis@example.com,2026-04-12,Sunday Morning
Elizabeth Lopez,elizabeth.lopez@example.com,2026-04-12,Sunday Morning
Michelle Lopez,michelle.lopez@example.com,2026-04-12,Sunday Morning
Amanda Lopez,amanda.lopez@example.com,2026-04-12,Sunday Morning
Gary Miller,gary.miller@example.com,2026-04-12,Sunday Morning
Laura Miller,laura.miller@example.com,2026-04-12,Sunday Morning
Ashley Mitchell,ashley.mitchell@example.com,2026-04-12,Sunday Morning
Barbara Mitchell,barbara.mitchell@example.com,2026-04-12,Sunday Morning
Patricia Mitchell,patricia.mitchell@example.com,2026-04-12,Sunday Morning
Edward Moore,edward.moore@example.com,2026-04-12,Sunday Morning
Ronald Moore,ronald.moore@example.com,2026-04-12,Sunday Morning
Brenda Nelson,brenda.nelson@example.com,2026-04-12,Sunday Morning
Jason Nelson,jason.nelson@example.com,2026-04-12,Sunday Morning
Barbara Nelson,barbara.nelson@example.com,2026-04-12,Sunday Morning
Thomas Nelson,thomas.nelson@example.com,2026-04-12,Sunday Morning
Sarah O'Brien,sarah.obrien@example.com,2026-04-12,Sunday Morning
Mark Okafor,,2026-04-12,Sunday Morning
Joshua Petrov,joshua.petrov@example.com,2026-04-12,Sunday Morning
Jason Petrov,jason.petrov@example.com,2026-04-12,Sunday Morning
Anthony Petrov,anthony.petrov@example.com,2026-04-12,Sunday Morning
Richard Petrov,richard.petrov@example.com,2026-04-12,Sunday Morning
Katherine Ramirez,katherine.ramirez@example.com,2026-04-12,Sunday Morning
Nicole Ramirez,,2026-04-12,Sunday Morning
Rebecca Ramirez,rebecca.ramirez@example.com,2026-04-12,Sunday Morning
Pamela Ramirez,pamela.ramirez@example.com,2026-04-12,Sunday Morning
Ashley Ramirez,,2026-04-12,Sunday Morning
Brian Rivera,brian.rivera@example.com,2026-04-12,Sunday Morning
Emily Roberts,emily.roberts@example.com,2026-04-12,Sunday Morning
Timothy Roberts,,2026-04-12,Sunday Morning
Jason Rodriguez,jason.rodriguez@example.com,2026-04-12,Sunday Morning
Donald Rodriguez,donald.rodriguez@example.com,2026-04-12,Sunday Morning
Joseph Rodriguez,joseph.rodriguez@example.com,2026-04-12,Sunday Morning
Daniel Rodriguez,daniel.rodriguez@example.com,2026-04-12,Sunday Morning
Kimberly Sanchez,kimberly.sanchez@example.com,2026-04-12,Sunday Morning
Matthew Sanchez,,2026-04-12,Sunday Morning
Shirley Sanchez,,2026-04-12,Sunday Morning
Elizabeth Sanchez,elizabeth.sanchez@example.com,2026-04-12,Sunday Morning
Anna Scott,anna.scott@example.com,2026-04-12,Sunday Morning
Barbara Silva,barbara.silva@example.com,2026-04-12,Sunday Morning
Stephen Smith,stephen.smith@example.com,2026-04-12,Sunday Morning
Margaret Taylor,margaret.taylor@example.com,2026-04-12,Sunday Morning
Ruth Taylor,ruth.taylor@example.com,2026-04-12,Sunday Morning
Susan Thomas,susan.thomas@example.com,2026-04-12,Sunday Morning
Mary Torres,mary.torres@example.com,2026-04-12,Sunday Morning
Stephanie Torres,stephanie.torres@example.com,2026-04-12,Sunday Morning
Edward Walker,edward.walker@example.com,2026-04-12,Sunday Morning
Amy Walker,,2026-04-12,Sunday Morning
Pamela Williams,pamela.williams@example.com,2026-04-12,Sunday Morning
Cynthia Wilson,cynthia.wilson@example.com,2026-04-12,Sunday Morning
Deborah Wright,deborah.wright@example.com,2026-04-12,Sunday Morning
Lisa Young,lisa.young@example.com,2026-04-12,Sunday Morning
Sandra Baker,,2026-04-15,Wednesday Night
Paul Baker,paul.baker@example.com,2026-04-15,Wednesday Night
Charles Brown,charles.brown@example.com,2026-04-15,Wednesday Night
Daniel Chen,,2026-04-15,Wednesday Night
Amy Davis,,2026-04-15,Wednesday Night
Donald Hall,donald.hall@example.com,2026-04-15,Wednesday Night
James Hill,,2026-04-15,Wednesday Night
Jacob Kim,jacob.kim@example.com,2026-04-15,Wednesday Night
Richard King,,2026-04-15,Wednesday Night
Laura Miller,laura.miller@example.com,2026-04-15,Wednesday Night
Mark Perez,mark.perez@example.com,2026-04-15,Wednesday Night
Anthony Petrov,anthony.petrov@example.com,2026-04-15,Wednesday Night
Rebecca Ramirez,rebecca.ramirez@example.com,2026-04-15,Wednesday Night
Scott Robinson,scott.robinson@example.com,2026-04-15,Wednesday Night
Donald Rodriguez,donald.rodriguez@example.com,2026-04-15,Wednesday Night
Kimberly Sanchez,kimberly.sanchez@example.com,2026-04-15,Wednesday Night
Elizabeth Sanchez,elizabeth.sanchez@example.com,2026-04-15,Wednesday Night
Thomas Scott,thomas.scott@example.com,2026-04-15,Wednesday Night
Justin Torres,justin.torres@example.com,2026-04-15,Wednesday Night
Brandon Williams,brandon.williams@example.com,2026-04-15,Wednesday Night
Brian Yamamoto,brian.yamamoto@example.com,2026-04-15,Wednesday Night
Sandra Baker,,2026-04-19,Sunday Evening
Stephen Campbell,stephen.campbell@example.com,2026-04-19,Sunday Evening
Brenda Gonzalez,brenda.gonzalez@example.com,2026-04-19,Sunday Evening
Pamela Gonzalez,pamela.gonzalez@example.com,2026-04-19,Sunday Evening
Carol Hill,carol.hill@example.com,2026-04-19,Sunday Evening
Michelle Miller,michelle.miller@example.com,2026-04-19,Sunday Evening
Melissa Miller,melissa.miller@example.com,2026-04-19,Sunday Evening
Linda Mitchell,linda.mitchell@example.com,2026-04-19,Sunday Evening
Jason Mitchell,jason.mitchell@example.com,2026-04-19,Sunday Evening
John Okafor,,2026-04-19,Sunday Evening
Mark Perez,mark.perez@example.com,2026-04-19,Sunday Evening
Karen Perez,,2026-04-19,Sunday Evening
Kathleen Ramirez,kathleen.ramirez@example.com,2026-04-19,Sunday Evening
Brenda Roberts,brenda.roberts@example.com,2026-04-19,Sunday Evening
Carol Roberts,carol.roberts@example.com,2026-04-19,Sunday Evening
Shirley Sanchez,,2026-04-19,Sunday Evening
Anna Scott,anna.scott@example.com,2026-04-19,Sunday Evening
Melissa Thomas,melissa.thomas@example.com,2026-04-19,Sunday Evening
Mary Torres,mary.torres@example.com,2026-04-19,Sunday Evening
Ruth Williams,,2026-04-19,Sunday Evening
Margaret Adams,margaret.adams@example.com,2026-04-19,Sunday Morning
Katherine Allen,katherine.allen@example.com,2026-04-19,Sunday Morning
Edward Allen,edward.allen@example.com,2026-04-19,Sunday Morning
George Anderson,,2026-04-19,Sunday Morning
Anthony Baker,anthony.baker@example.com,2026-04-19,Sunday Morning
Edward Baker,edward.baker@example.com,2026-04-19,Sunday Morning
Sandra Baker,,2026-04-19,Sunday Morning
Paul Baker,paul.baker@example.com,2026-04-19,Sunday Morning
Charles Brown,charles.brown@example.com,2026-04-19,Sunday Morning
James Campbell,james.campbell@example.com,2026-04-19,Sunday Morning
Jessica Campbell,jessica.campbell@example.com,2026-04-19,Sunday Morning
Stephen Campbell,stephen.campbell@example.com,2026-04-19,Sunday Morning
Amanda Carter,amanda.carter@example.com,2026-04-19,Sunday Morning
Jennifer Carter,jennifer.carter@example.com,2026-04-19,Sunday Morning
Jeffrey Carter,jeffrey.carter@example.com,2026-04-19,Sunday Morning
Jacob Chen,jacob.chen@example.com,2026-04-19,Sunday Morning
Nancy Clark,nancy.clark@example.com,2026-04-19,Sunday Morning
Ryan Clark,ryan.clark@example.com,2026-04-19,Sunday Morning
Amy Davis,,2026-04-19,Sunday Morning
Jason Davis,,2026-04-19,Sunday Morning
Amanda Diaz,amanda.diaz@example.com,2026-04-19,Sunday Morning
Thomas Flores,thomas.flores@example.com,2026-04-19,Sunday Morning
Matthew Flores,matthew.flores@example.com,2026-04-19,Sunday Morning
Jason Garcia,jason.garcia@example.com,2026-04-19,Sunday Morning
Mark Gonzalez,mark.gonzalez@example.com,2026-04-19,Sunday Morning
Karen Green,karen.green@example.com,2026-04-19,Sunday Morning
Robert Green,robert.green@example.com,2026-04-19,Sunday Morning
Andrew Hall,andrew.hall@example.com,2026-04-19,Sunday Morning
Donald Hall,donald.hall@example.com,2026-04-19,Sunday Morning
Jason Hall,jason.hall@example.com,2026-04-19,Sunday Morning
Richard Harris,richard.harris@example.com,2026-04-19,Sunday Morning
Deborah Hernandez,deborah.hernandez@example.com,2026-04-19,Sunday Morning
Linda Hernandez,linda.hernandez@example.com,2026-04-19,Sunday Morning
Lisa Hernandez,lisa.hernandez@example.com,2026-04-19,Sunday Morning
Carol Hernandez,carol.hernandez@example.com,2026-04-19,Sunday Morning
Katherine Hill,katherine.hill@example.com,2026-04-19,Sunday Morning
Carol Hill,carol.hill@example.com,2026-04-19,Sunday Morning
Linda Jackson,,2026-04-19,Sunday Morning
Elizabeth Jackson,elizabeth.jackson@example.com,2026-04-19,Sunday Morning
Joseph Johnson,,2026-04-19,Sunday Morning
Jacob Johnson,jacob.johnson@example.com,2026-04-19,Sunday Morning
Laura Jones,laura.jones@example.com,2026-04-19,Sunday Morning
Linda Jones,linda.jones@example.com,2026-04-19,Sunday Morning
Jennifer Kim,jennifer.kim@example.com,2026-04-19,Sunday Morning
Jacob Kim,jacob.kim@example.com,2026-04-19,Sunday Morning
Richard King,,2026-04-19,Sunday Morning
Gary King,gary.king@example.com,2026-04-19,Sunday Morning
Mark Kowalski,mark.kowalski@example.com,2026-04-19,Sunday Morning
Timothy Kowalski,timothy.kowalski@example.com,2026-04-19,Sunday Morning
Jennifer Lee,jennifer.lee@example.com,2026-04-19,Sunday Morning
Samantha Lee,,2026-04-19,Sunday Morning
William Lee,william.lee@example.com,2026-04-19,Sunday Morning
Charles Lewis,charles.lewis@example.com,2026-04-19,Sunday Morning
Timothy Lewis,,2026-04-19,Sunday Morning
Brian Lewis,brian.lewis@example.com,2026-04-19,Sunday Morning
Elizabeth Lopez,elizabeth.lopez@example.com,2026-04-19,Sunday Morning
Amanda Lopez,amanda.lopez@example.com,2026-04-19,Sunday Morning
Michelle Miller,michelle.miller@example.com,2026-04-19,Sunday Morning
Deborah Miller,deborah.miller@example.com,2026-04-19,Sunday Morning
Melissa Miller,melissa.miller@example.com,2026-04-19,Sunday Morning
Cynthia Miller,,2026-04-19,Sunday Morning
Kevin Miller,kevin.miller@example.com,2026-04-19,Sunday Morning
Jason Mitchell,jason.mitchell@example.com,2026-04-19,Sunday Morning
Barbara Mitchell,barbara.mitchell@example.com,2026-04-19,Sunday Morning
Rebecca Nelson,rebecca.nelson@example.com,2026-04-19,Sunday Morning
Emily Nelson,,2026-04-19,Sunday Morning
Mary Nelson,mary.nelson@example.com,2026-04-19,Sunday Morning
Thomas Nelson,thomas.nelson@example.com,2026-04-19,Sunday Morning
Barbara Nguyen,,2026-04-19,Sunday Morning
John Okafor,,2026-04-19,Sunday Morning
Mark Okafor,,2026-04-19,Sunday Morning
Karen Okafor,,2026-04-19,Sunday Morning
Lisa Okafor,lisa.okafor@example.com,2026-04-19,Sunday Morning
Mark Perez,mark.perez@example.com,2026-04-19,Sunday Morning
Jason Petrov,jason.petrov@example.com,2026-04-19,Sunday Morning
Anthony Petrov,anthony.petrov@example.com,2026-04-19,Sunday Morning
Katherine Ramirez,katherine.ramirez@example.com,2026-04-19,Sunday Morning
Nicole Ramirez,,2026-04-19,Sunday Morning
Pamela Ramirez,pamela.ramirez@example.com,2026-04-19,Sunday Morning
Ashley Ramirez,,2026-04-19,Sunday Morning
Brian Rivera,brian.rivera@example.com,2026-04-19,Sunday Morning
Brenda Roberts,brenda.roberts@example.com,2026-04-19,Sunday Morning
Scott Robinson,scott.robinson@example.com,2026-04-19,Sunday Morning
Mary Robinson,mary.robinson@example.com,2026-04-19,Sunday Morning
Jason Rodriguez,jason.rodriguez@example.com,2026-04-19,Sunday Morning
Donald Rodriguez,donald.rodriguez@example.com,2026-04-19,Sunday Morning
Jonathan Rodriguez,jonathan.rodriguez@example.com,2026-04-19,Sunday Morning
Ashley Rodriguez,ashley.rodriguez@example.com,2026-04-19,Sunday Morning
Daniel Rodriguez,daniel.rodriguez@example.com,2026-04-19,Sunday Morning
Matthew Sanchez,,2026-04-19,Sunday Morning
Mark Sanchez,mark.sanchez@example.com,2026-04-19,Sunday Morning
Thomas Scott,thomas.scott@example.com,2026-04-19,Sunday Morning
Barbara Silva,barbara.silva@example.com,2026-04-19,Sunday Morning
Cynthia Silva,cynthia.silva@example.com,2026-04-19,Sunday Morning
Stephen Smith,stephen.smith@example.com,2026-04-19,Sunday Morning
Ruth Taylor,ruth.taylor@example.com,2026-04-19,Sunday Morning
Susan Thomas,susan.thomas@example.com,2026-04-19,Sunday Morning
Melissa Thomas,melissa.thomas@example.com,2026-04-19,Sunday Morning
Mary Torres,mary.torres@example.com,2026-04-19,Sunday Morning
Elizabeth Torres,elizabeth.torres@example.com,2026-04-19,Sunday Morning
Amy Walker,,2026-04-19,Sunday Morning
David Walker,david.walker@example.com,2026-04-19,Sunday Morning
Ruth Williams,,2026-04-19,Sunday Morning
Pamela Williams,pamela.williams@example.com,2026-04-19,Sunday Morning
Brandon Williams,brandon.williams@example.com,2026-04-19,Sunday Morning
Cynthia Wilson,cynthia.wilson@example.com,2026-04-19,Sunday Morning
Deborah Wright,deborah.wright@example.com,2026-04-19,Sunday Morning
Lisa Young,lisa.young@example.com,2026-04-19,Sunday Morning
Nancy Clark,nancy.clark@example.com,2026-04-22,Wednesday Night
Amanda Diaz,amanda.diaz@example.com,2026-04-22,Wednesday Night
Pamela Gonzalez,pamela.gonzalez@example.com,2026-04-22,Wednesday Night
Richard Harris,richard.harris@example.com,2026-04-22,Wednesday Night
Linda Jackson,,2026-04-22,Wednesday Night
Jacob Johnson,jacob.johnson@example.com,2026-04-22,Wednesday Night
Paul Jones,paul.jones@example.com,2026-04-22,Wednesday Night
Andrew Kowalski,andrew.kowalski@example.com,2026-04-22,Wednesday Night
Amanda Lopez,amanda.lopez@example.com,2026-04-22,Wednesday Night
Laura Miller,laura.miller@example.com,2026-04-22,Wednesday Night
Kevin Miller,kevin.miller@example.com,2026-04-22,Wednesday Night
Patricia Mitchell,patricia.mitchell@example.com,2026-04-22,Wednesday Night
Michelle Nelson,michelle.nelson@example.com,2026-04-22,Wednesday Night
Jason Petrov,jason.petrov@example.com,2026-04-22,Wednesday Night
Scott Robinson,scott.robinson@example.com,2026-04-22,Wednesday Night
Andrew Wilson,andrew.wilson@example.com,2026-04-22,Wednesday Night
Paul Allen,paul.allen@example.com,2026-04-26,Sunday Evening
George Anderson,,2026-04-26,Sunday Evening
Anthony Baker,anthony.baker@example.com,2026-04-26,Sunday Evening
Paul Baker,paul.baker@example.com,2026-04-26,Sunday Evening
Katherine Baker,,2026-04-26,Sunday Evening
Jacob Chen,jacob.chen@example.com,2026-04-26,Sunday Evening
Kevin Chen,kevin.chen@example.com,2026-04-26,Sunday Evening
Kathleen Hall,kathleen.hall@example.com,2026-04-26,Sunday Evening
Samantha Jones,samantha.jones@example.com,2026-04-26,Sunday Evening
Jennifer Kim,jennifer.kim@example.com,2026-04-26,Sunday Evening
Richard Kim,richard.kim@example.com,2026-04-26,Sunday Evening
James King,james.king@example.com,2026-04-26,Sunday Evening
Jeffrey Lewis,jeffrey.lewis@example.com,2026-04-26,Sunday Evening
Melissa Miller,melissa.miller@example.com,2026-04-26,Sunday Evening
Mary Nelson,mary.nelson@example.com,2026-04-26,Sunday Evening
Anthony Petrov,anthony.petrov@example.com,2026-04-26,Sunday Evening
Richard Petrov,richard.petrov@example.com,2026-04-26,Sunday Evening
Scott Robinson,scott.robinson@example.com,2026-04-26,Sunday Evening
John Robinson,john.robinson@example.com,2026-04-26,Sunday Evening
Emily Rodriguez,,2026-04-26,Sunday Evening
Mark Sanchez,mark.sanchez@example.com,2026-04-26,Sunday Evening
Thomas Scott,thomas.scott@example.com,2026-04-26,Sunday Evening
Ruth Williams,,2026-04-26,Sunday Evening
Karen Young,karen.young@example.com,2026-04-26,Sunday Evening
Margaret Adams,margaret.adams@example.com,2026-04-26,Sunday Morning
Jessica Adams,jessica.adams@example.com,2026-04-26,Sunday Morning
Mark Adams,mark.adams@example.com,2026-04-26,Sunday Morning
Katherine Allen,katherine.allen@example.com,2026-04-26,Sunday Morning
Paul Allen,paul.allen@example.com,2026-04-26,Sunday Morning
George Anderson,,2026-04-26,Sunday Morning
Anthony Baker,anthony.baker@example.com,2026-04-26,Sunday Morning
Sandra Baker,,2026-04-26,Sunday Morning
Charles Brown,charles.brown@example.com,2026-04-26,Sunday Morning
Kathleen Brown,kathleen.brown@example.com,2026-04-26,Sunday Morning
Nicole Brown,nicole.brown@example.com,2026-04-26,Sunday Morning
Steven Brown,steven.brown@example.com,2026-04-26,Sunday Morning
James Campbell,james.campbell@example.com,2026-04-26,Sunday Morning
Jessica Campbell,jessica.campbell@example.com,2026-04-26,Sunday Morning
Brian Campbell,,2026-04-26,Sunday Morning
Amanda Carter,amanda.carter@example.com,2026-04-26,Sunday Morning
Jennifer Carter,jennifer.carter@example.com,2026-04-26,Sunday Morning
Jacob Chen,jacob.chen@example.com,2026-04-26,Sunday Morning
Kevin Chen,kevin.chen@example.com,2026-04-26,Sunday Morning
Jonathan Davis,jonathan.davis@example.com,2026-04-26,Sunday Morning
Jason Davis,,2026-04-26,Sunday Morning
Amanda Diaz,amanda.diaz@example.com,2026-04-26,Sunday Morning
Brandon Diaz,brandon.diaz@example.com,2026-04-26,Sunday Morning
Timothy Flores,timothy.flores@example.com,2026-04-26,Sunday Morning
Thomas Flores,thomas.flores@example.com,2026-04-26,Sunday Morning
Jason Garcia,jason.garcia@example.com,2026-04-26,Sunday Morning
Pamela Gonzalez,pamela.gonzalez@example.com,2026-04-26,Sunday Morning
Mark Gonzalez,mark.gonzalez@example.com,2026-04-26,Sunday Morning
Robert Green,robert.green@example.com,2026-04-26,Sunday Morning
Jason Hall,jason.hall@example.com,2026-04-26,Sunday Morning
Barbara Harris,barbara.harris@example.com,2026-04-26,Sunday Morning
Richard Harris,richard.harris@example.com,2026-04-26,Sunday Morning
James Harris,james.harris@example.com,2026-04-26,Sunday Morning
Jonathan Harris,jonathan.harris@example.com,2026-04-26,Sunday Morning
Deborah Hernandez,deborah.hernandez@example.com,2026-04-26,Sunday Morning
Linda Hernandez,linda.hernandez@example.com,2026-04-26,Sunday Morning
James Hill,,2026-04-26,Sunday Morning
Edward Hill,edward.hill@example.com,2026-04-26,Sunday Morning
Linda Jackson,,2026-04-26,Sunday Morning
Joseph Johnson,,2026-04-26,Sunday Morning
Amanda Johnson,amanda.johnson@example.com,2026-04-26,Sunday Morning
Gary Johnson,gary.johnson@example.com,2026-04-26,Sunday Morning
Jacob Johnson,jacob.johnson@example.com,2026-04-26,Sunday Morning
Andrew Johnson,andrew.johnson@example.com,2026-04-26,Sunday Morning
Angela Johnson,angela.johnson@example.com,2026-04-26,Sunday Morning
Betty Jones,betty.jones@example.com,2026-04-26,Sunday Morning
Samantha Jones,samantha.jones@example.com,2026-04-26,Sunday Morning
Jennifer Kim,jennifer.kim@example.com,2026-04-26,Sunday Morning
Jacob Kim,jacob.kim@example.com,2026-04-26,Sunday Morning
Richard King,,2026-04-26,Sunday Morning
George King,george.king@example.com,2026-04-26,Sunday Morning
Katherine King,katherine.king@example.com,2026-04-26,Sunday Morning
Jennifer Lee,jennifer.lee@example.com,2026-04-26,Sunday Morning
Nicole Lee,,2026-04-26,Sunday Morning
Samantha Lee,,2026-04-26,Sunday Morning
Timothy Lewis,,2026-04-26,Sunday Morning
Jacob Lewis,,2026-04-26,Sunday Morning
Elizabeth Lopez,elizabeth.lopez@example.com,2026-04-26,Sunday Morning
Justin Martinez,justin.martinez@example.com,2026-04-26,Sunday Morning
Gary Miller,gary.miller@example.com,2026-04-26,Sunday Morning
Deborah Miller,deborah.miller@example.com,2026-04-26,Sunday Morning
Melissa Miller,melissa.miller@example.com,2026-04-26,Sunday Morning
Ashley Mitchell,ashley.mitchell@example.com,2026-04-26,Sunday Morning
Linda Mitchell,linda.mitchell@example.com,2026-04-26,Sunday Morning
Donna Mitchell,donna.mitchell@example.com,2026-04-26,Sunday Morning
Barbara Mitchell,barbara.mitchell@example.com,2026-04-26,Sunday Morning
Patricia Mitchell,patricia.mitchell@example.com,2026-04-26,Sunday Morning
Edward Moore,edward.moore@example.com,2026-04-26,Sunday Morning
Donald Moore,donald.moore@example.com,2026-04-26,Sunday Morning
Ronald Moore,ronald.moore@example.com,2026-04-26,Sunday Morning
Rebecca Nelson,rebecca.nelson@example.com,2026-04-26,Sunday Morning
Brenda Nelson,brenda.nelson@example.com,2026-04-26,Sunday Morning
Jason Nelson,jason.nelson@example.com,2026-04-26,Sunday Morning
Thomas Nelson,thomas.nelson@example.com,2026-04-26,Sunday Morning
Barbara Nguyen,,2026-04-26,Sunday Morning
Sarah O'Brien,sarah.obrien@example.com,2026-04-26,Sunday Morning
Lisa O'Brien,lisa.obrien@example.com,2026-04-26,Sunday Morning
Mark Okafor,,2026-04-26,Sunday Morning
Karen Perez,,2026-04-26,Sunday Morning
Joshua Petrov,joshua.petrov@example.com,2026-04-26,Sunday Morning
Jason Petrov,jason.petrov@example.com,2026-04-26,Sunday Morning
Anthony Petrov,anthony.petrov@example.com,2026-04-26,Sunday Morning
Richard Petrov,richard.petrov@example.com,2026-04-26,Sunday Morning
Kathleen Ramirez,kathleen.ramirez@example.com,2026-04-26,Sunday Morning
Rebecca Ramirez,rebecca.ramirez@example.com,2026-04-26,Sunday Morning
Emily Roberts,emily.roberts@example.com,2026-04-26,Sunday Morning
Brenda Roberts,brenda.roberts@example.com,2026-04-26,Sunday Morning
Scott Robinson,scott.robinson@example.com,2026-04-26,Sunday Morning
John Robinson,john.robinson@example.com,2026-04-26,Sunday Morning
Jason Rodriguez,jason.rodriguez@example.com,2026-04-26,Sunday Morning
Donald Rodriguez,donald.rodriguez@example.com,2026-04-26,Sunday Morning
Joseph Rodriguez,joseph.rodriguez@example.com,2026-04-26,Sunday Morning
Jonathan Rodriguez,jonathan.rodriguez@example.com,2026-04-26,Sunday Morning
Daniel Rodriguez,daniel.rodriguez@example.com,2026-04-26,Sunday Morning
Ronald Rodriguez,,2026-04-26,Sunday Morning
Emily Rodriguez,,2026-04-26,Sunday Morning
Kimberly Sanchez,kimberly.sanchez@example.com,2026-04-26,Sunday Morning
Matthew Sanchez,,2026-04-26,Sunday Morning
Mark Sanchez,mark.sanchez@example.com,2026-04-26,Sunday Morning
Thomas Scott,thomas.scott@example.com,2026-04-26,Sunday Morning
Barbara Silva,barbara.silva@example.com,2026-04-26,Sunday Morning
Cynthia Silva,cynthia.silva@example.com,2026-04-26,Sunday Morning
Cynthia Thomas,cynthia.thomas@example.com,2026-04-26,Sunday Morning
Susan Thomas,susan.thomas@example.com,2026-04-26,Sunday Morning
Deborah Thomas,deborah.thomas@example.com,2026-04-26,Sunday Morning
Brian Thomas,brian.thomas@example.com,2026-04-26,Sunday Morning
Mary Torres,mary.torres@example.com,2026-04-26,Sunday Morning
Stephanie Torres,stephanie.torres@example.com,2026-04-26,Sunday Morning
Elizabeth Torres,elizabeth.torres@example.com,2026-04-26,Sunday Morning
Ruth Williams,,2026-04-26,Sunday Morning
Pamela Williams,pamela.williams@example.com,2026-04-26,Sunday Morning
Emily Williams,emily.williams@example.com,2026-04-26,Sunday Morning
Matthew Wilson,matthew.wilson@example.com,2026-04-26,Sunday Morning
Andrew Wilson,andrew.wilson@example.com,2026-04-26,Sunday Morning
Deborah Wright,deborah.wright@example.com,2026-04-26,Sunday Morning
Ronald Yamamoto,ronald.yamamoto@example.com,2026-04-26,Sunday Morning
Brian Yamamoto,brian.yamamoto@example.com,2026-04-26,Sunday Morning
Lisa Young,lisa.young@example.com,2026-04-26,Sunday Morning
Margaret Adams,margaret.adams@example.com,2026-04-29,Wednesday Night
Katherine Baker,,2026-04-29,Wednesday Night
Jacob Chen,jacob.chen@example.com,2026-04-29,Wednesday Night
Nancy Clark,nancy.clark@example.com,2026-04-29,Wednesday Night
Deborah Hernandez,deborah.hernandez@example.com,2026-04-29,Wednesday Night
Betty Jones,betty.jones@example.com,2026-04-29,Wednesday Night
Nicole Lee,,2026-04-29,Wednesday Night
William Lee,william.lee@example.com,2026-04-29,Wednesday Night
Deborah Miller,deborah.miller@example.com,2026-04-29,Wednesday Night
Melissa Miller,melissa.miller@example.com,2026-04-29,Wednesday Night
Linda Mitchell,linda.mitchell@example.com,2026-04-29,Wednesday Night
Ronald Moore,ronald.moore@example.com,2026-04-29,Wednesday Night
Brenda Nelson,brenda.nelson@example.com,2026-04-29,Wednesday Night
Joshua Petrov,joshua.petrov@example.com,2026-04-29,Wednesday Night
Emily Roberts,emily.roberts@example.com,2026-04-29,Wednesday Night
Daniel Rodriguez,daniel.rodriguez@example.com,2026-04-29,Wednesday Night
Ronald Rodriguez,,2026-04-29,Wednesday Night
Melissa Thomas,melissa.thomas@example.com,2026-04-29,Wednesday Night
Elizabeth Torres,elizabeth.torres@example.com,2026-04-29,Wednesday Night
Amy Walker,,2026-04-29,Wednesday Night
Pamela Williams,pamela.williams@example.com,2026-04-29,Wednesday Night
Mark Adams,mark.adams@example.com,2026-05-03,Sunday Evening
Nicole Brown,nicole.brown@example.com,2026-05-03,Sunday Evening
Stephen Campbell,stephen.campbell@example.com,2026-05-03,Sunday Evening
Donald Hall,donald.hall@example.com,2026-05-03,Sunday Evening
Barbara Harris,barbara.harris@example.com,2026-05-03,Sunday Evening
James Hill,,2026-05-03,Sunday Evening
Katherine Hill,katherine.hill@example.com,2026-05-03,Sunday Evening
Linda Jackson,,2026-05-03,Sunday Evening
Gary King,gary.king@example.com,2026-05-03,Sunday Evening
Timothy Kowalski,timothy.kowalski@example.com,2026-05-03,Sunday Evening
Jeffrey Lewis,jeffrey.lewis@example.com,2026-05-03,Sunday Evening
Justin Martinez,justin.martinez@example.com,2026-05-03,Sunday Evening
Michelle Miller,michelle.miller@example.com,2026-05-03,Sunday Evening
Brenda Nelson,brenda.nelson@example.com,2026-05-03,Sunday Evening
James Nelson,,2026-05-03,Sunday Evening
Ashley Rodriguez,ashley.rodriguez@example.com,2026-05-03,Sunday Evening
Elizabeth Sanchez,elizabeth.sanchez@example.com,2026-05-03,Sunday Evening
Anna Scott,anna.scott@example.com,2026-05-03,Sunday Evening
Susan Thomas,susan.thomas@example.com,2026-05-03,Sunday Evening
Elizabeth Torres,elizabeth.torres@example.com,2026-05-03,Sunday Evening
Brandon Williams,brandon.williams@example.com,2026-05-03,Sunday Evening
Margaret Adams,margaret.adams@example.com,2026-05-03,Sunday Morning
Mark Adams,mark.adams@example.com,2026-05-03,Sunday Morning
Katherine Allen,katherine.allen@example.com,2026-05-03,Sunday Morning
Paul Allen,paul.allen@example.com,2026-05-03,Sunday Morning
George Anderson,,2026-05-03,Sunday Morning
Anthony Baker,anthony.baker@example.com,2026-05-03,Sunday Morning
Edward Baker,edward.baker@example.com,2026-05-03,Sunday Morning
Elizabeth Baker,elizabeth.baker@example.com,2026-05-03,Sunday Morning
Michael Baker,michael.baker@example.com,2026-05-03,Sunday Morning
Katherine Baker,,2026-05-03,Sunday Morning
Nicole Brown,nicole.brown@example.com,2026-05-03,Sunday Morning
James Campbell,james.campbell@example.com,2026-05-03,Sunday Morning
Jessica Campbell,jessica.campbell@example.com,2026-05-03,Sunday Morning
Stephen Campbell,stephen.campbell@example.com,2026-05-03,Sunday Morning
Brian Campbell,,2026-05-03,Sunday Morning
Jennifer Carter,jennifer.carter@example.com,2026-05-03,Sunday Morning
Jacob Chen,jacob.chen@example.com,2026-05-03,Sunday Morning
Kevin Chen,kevin.chen@example.com,2026-05-03,Sunday Morning
Ryan Clark,ryan.clark@example.com,2026-05-03,Sunday Morning
Rebecca Clark,rebecca.clark@example.com,2026-05-03,Sunday Morning
Amy Davis,,2026-05-03,Sunday Morning
Amanda Diaz,amanda.diaz@example.com,2026-05-03,Sunday Morning
Brandon Diaz,brandon.diaz@example.com,2026-05-03,Sunday Morning
Thomas Flores,thomas.flores@example.com,2026-05-03,Sunday Morning
Sharon Green,,2026-05-03,Sunday Morning
Robert Green,robert.green@example.com,2026-05-03,Sunday Morning
Jennifer Green,jennifer.green@example.com,2026-05-03,Sunday Morning
Andrew Hall,andrew.hall@example.com,2026-05-03,Sunday Morning
Donald Hall,donald.hall@example.com,2026-05-03,Sunday Morning
Kathleen Hall,kathleen.hall@example.com,2026-05-03,Sunday Morning
Jason Hall,jason.hall@example.com,2026-05-03,Sunday Morning
Barbara Harris,barbara.harris@example.com,2026-05-03,Sunday Morning
Richard Harris,richard.harris@example.com,2026-05-03,Sunday Morning
Jonathan Harris,jonathan.harris@example.com,2026-05-03,Sunday Morning
Linda Hernandez,linda.hernandez@example.com,2026-05-03,Sunday Morning
Lisa Hernandez,lisa.hernandez@example.com,2026-05-03,Sunday Morning
Carol Hernandez,carol.hernandez@example.com,2026-05-03,Sunday Morning
James Hill,,2026-05-03,Sunday Morning
Carol Hill,carol.hill@example.com,2026-05-03,Sunday Morning
Edward Hill,edward.hill@example.com,2026-05-03,Sunday Morning
Linda Jackson,,2026-05-03,Sunday Morning
Amanda Johnson,amanda.johnson@example.com,2026-05-03,Sunday Morning
Gary Johnson,gary.johnson@example.com,2026-05-03,Sunday Morning
Jacob Johnson,jacob.johnson@example.com,2026-05-03,Sunday Morning
Laura Jones,laura.jones@example.com,2026-05-03,Sunday Morning
Linda Jones,linda.jones@example.com,2026-05-03,Sunday Morning
Jennifer Kim,jennifer.kim@example.com,2026-05-03,Sunday Morning
Richard Kim,richard.kim@example.com,2026-05-03,Sunday Morning
Richard King,,2026-05-03,Sunday Morning
Gary King,gary.king@example.com,2026-05-03,Sunday Morning
Katherine King,katherine.king@example.com,2026-05-03,Sunday Morning
Andrew Kowalski,andrew.kowalski@example.com,2026-05-03,Sunday Morning
Jennifer Lee,jennifer.lee@example.com,2026-05-03,Sunday Morning
Nicole Lee,,2026-05-03,Sunday Morning
Samantha Lee,,2026-05-03,Sunday Morning
Karen Lewis,karen.lewis@example.com,2026-05-03,Sunday Morning
Jeffrey Lewis,jeffrey.lewis@example.com,2026-05-03,Sunday Morning
Elizabeth Lopez,elizabeth.lopez@example.com,2026-05-03,Sunday Morning
Justin Martinez,justin.martinez@example.com,2026-05-03,Sunday Morning
Gary Miller,gary.miller@example.com,2026-05-03,Sunday Morning
Laura Miller,laura.miller@example.com,2026-05-03,Sunday Morning
Deborah Miller,deborah.miller@example.com,2026-05-03,Sunday Morning
Melissa Miller,melissa.miller@example.com,2026-05-03,Sunday Morning
Kevin Miller,kevin.miller@example.com,2026-05-03,Sunday Morning
Ashley Mitchell,ashley.mitchell@example.com,2026-05-03,Sunday Morning
Linda Mitchell,linda.mitchell@example.com,2026-05-03,Sunday Morning
Barbara Mitchell,barbara.mitchell@example.com,2026-05-03,Sunday Morning
Brenda Nelson,brenda.nelson@example.com,2026-05-03,Sunday Morning
James Nelson,,2026-05-03,Sunday Morning
Carol O'Brien,carol.obrien@example.com,2026-05-03,Sunday Morning
John Okafor,,2026-05-03,Sunday Morning
Lisa Okafor,lisa.okafor@example.com,2026-05-03,Sunday Morning
Joshua Petrov,joshua.petrov@example.com,2026-05-03,Sunday Morning
Jason Petrov,jason.petrov@example.com,2026-05-03,Sunday Morning
Anthony Petrov,anthony.petrov@example.com,2026-05-03,Sunday Morning
Richard Petrov,richard.petrov@example.com,2026-05-03,Sunday Morning
Katherine Ramirez,katherine.ramirez@example.com,2026-05-03,Sunday Morning
Sarah Ramirez,sarah.ramirez@example.com,2026-05-03,Sunday Morning
Rebecca Ramirez,rebecca.ramirez@example.com,2026-05-03,Sunday Morning
Ashley Ramirez,,2026-05-03,Sunday Morning
Karen Rivera,karen.rivera@example.com,2026-05-03,Sunday Morning
Brian Rivera,brian.rivera@example.com,2026-05-03,Sunday Morning
Jonathan Roberts,jonathan.roberts@example.com,2026-05-03,Sunday Morning
Emily Roberts,emily.roberts@example.com,2026-05-03,Sunday Morning
Carol Roberts,carol.roberts@example.com,2026-05-03,Sunday Morning
Timothy Roberts,,2026-05-03,Sunday Morning
Scott Robinson,scott.robinson@example.com,2026-05-03,Sunday Morning
John Robinson,john.robinson@example.com,2026-05-03,Sunday Morning
Jessica Robinson,jessica.robinson@example.com,2026-05-03,Sunday Morning
Jason Rodriguez,jason.rodriguez@example.com,2026-05-03,Sunday Morning
Jonathan Rodriguez,jonathan.rodriguez@example.com,2026-05-03,Sunday Morning
Daniel Rodriguez,daniel.rodriguez@example.com,2026-05-03,Sunday Morning
Kimberly Sanchez,kimberly.sanchez@example.com,2026-05-03,Sunday Morning
Shirley Sanchez,,2026-05-03,Sunday Morning
Elizabeth Sanchez,elizabeth.sanchez@example.com,2026-05-03,Sunday Morning
Jeffrey Scott,,2026-05-03,Sunday Morning
Barbara Silva,barbara.silva@example.com,2026-05-03,Sunday Morning
Stephen Smith,stephen.smith@example.com,2026-05-03,Sunday Morning
Jacob Thomas,jacob.thomas@example.com,2026-05-03,Sunday Morning
Susan Thomas,susan.thomas@example.com,2026-05-03,Sunday Morning
Deborah Thomas,deborah.thomas@example.com,2026-05-03,Sunday Morning
Justin Torres,justin.torres@example.com,2026-05-03,Sunday Morning
Mary Torres,mary.torres@example.com,2026-05-03,Sunday Morning
Elizabeth Torres,elizabeth.torres@example.com,2026-05-03,Sunday Morning
Amy Walker,,2026-05-03,Sunday Morning
Pamela Williams,pamela.williams@example.com,2026-05-03,Sunday Morning
Susan Yamamoto,susan.yamamoto@example.com,2026-05-03,Sunday Morning
Ronald Yamamoto,ronald.yamamoto@example.com,2026-05-03,Sunday Morning
Brian Yamamoto,brian.yamamoto@example.com,2026-05-03,Sunday Morning
Lisa Young,lisa.young@example.com,2026-05-03,Sunday Morning
Karen Young,karen.young@example.com,2026-05-03,Sunday Morning
Mark Adams,mark.adams@example.com,2026-05-06,Wednesday Night
Michael Baker,michael.baker@example.com,2026-05-06,Wednesday Night
Thomas Flores,thomas.flores@example.com,2026-05-06,Wednesday Night
Lisa Hernandez,lisa.hernandez@example.com,2026-05-06,Wednesday Night
Linda Jackson,,2026-05-06,Wednesday Night
Linda Jones,linda.jones@example.com,2026-05-06,Wednesday Night
Jacob Kim,jacob.kim@example.com,2026-05-06,Wednesday Night
Karen Perez,,2026-05-06,Wednesday Night
Donald Rodriguez,donald.rodriguez@example.com,2026-05-06,Wednesday Night
Jonathan Rodriguez,jonathan.rodriguez@example.com,2026-05-06,Wednesday Night
Ronald Rodriguez,,2026-05-06,Wednesday Night
Stephen Smith,stephen.smith@example.com,2026-05-06,Wednesday Night
Justin Taylor,justin.taylor@example.com,2026-05-06,Wednesday Night
Lisa Young,lisa.young@example.com,2026-05-06,Wednesday Night
Jessica Campbell,jessica.campbell@example.com,2026-05-10,Sunday Evening
Rebecca Clark,rebecca.clark@example.com,2026-05-10,Sunday Evening
Jonathan Davis,jonathan.davis@example.com,2026-05-10,Sunday Evening
Amanda Diaz,amanda.diaz@example.com,2026-05-10,Sunday Evening
Brenda Gonzalez,brenda.gonzalez@example.com,2026-05-10,Sunday Evening
Linda Jackson,,2026-05-10,Sunday Evening
Gary Johnson,gary.johnson@example.com,2026-05-10,Sunday Evening
Angela Johnson,angela.johnson@example.com,2026-05-10,Sunday Evening
Samantha Jones,samantha.jones@example.com,2026-05-10,Sunday Evening
Richard King,,2026-05-10,Sunday Evening
Melissa Miller,melissa.miller@example.com,2026-05-10,Sunday Evening
Jason Petrov,jason.petrov@example.com,2026-05-10,Sunday Evening
Rebecca Ramirez,rebecca.ramirez@example.com,2026-05-10,Sunday Evening
Carol Roberts,carol.roberts@example.com,2026-05-10,Sunday Evening
Jessica Robinson,jessica.robinson@example.com,2026-05-10,Sunday Evening
Matthew Sanchez,,2026-05-10,Sunday Evening
Shirley Sanchez,,2026-05-10,Sunday Evening
Anna Scott,anna.scott@example.com,2026-05-10,Sunday Evening
Ruth Williams,,2026-05-10,Sunday Evening
Cynthia Wilson,cynthia.wilson@example.com,2026-05-10,Sunday Evening
Margaret Adams,margaret.adams@example.com,2026-05-10,Sunday Morning
Jessica Adams,jessica.adams@example.com,2026-05-10,Sunday Morning
Mark Adams,mark.adams@example.com,2026-05-10,Sunday Morning
Katherine Allen,katherine.allen@example.com,2026-05-10,Sunday Morning
Linda Anderson,linda.anderson@example.com,2026-05-10,Sunday Morning
Anthony Baker,anthony.baker@example.com,2026-05-10,Sunday Morning
Edward Baker,edward.baker@example.com,2026-05-10,Sunday Morning
Sandra Baker,,2026-05-10,Sunday Morning
Paul Baker,paul.baker@example.com,2026-05-10,Sunday Morning
Michael Baker,michael.baker@example.com,2026-05-10,Sunday Morning
Nicole Brown,nicole.brown@example.com,2026-05-10,Sunday Morning
James Campbell,james.campbell@example.com,2026-05-10,Sunday Morning
Jessica Campbell,jessica.campbell@example.com,2026-05-10,Sunday Morning
Brian Campbell,,2026-05-10,Sunday Morning
Jeffrey Carter,jeffrey.carter@example.com,2026-05-10,Sunday Morning
Jacob Chen,jacob.chen@example.com,2026-05-10,Sunday Morning
Kevin Chen,kevin.chen@example.com,2026-05-10,Sunday Morning
Nancy Clark,nancy.clark@example.com,2026-05-10,Sunday Morning
Ryan Clark,ryan.clark@example.com,2026-05-10,Sunday Morning
Rebecca Clark,rebecca.clark@example.com,2026-05-10,Sunday Morning
Jonathan Davis,jonathan.davis@example.com,2026-05-10,Sunday Morning
Rebecca Davis,rebecca.davis@example.com,2026-05-10,Sunday Morning
Amanda Diaz,amanda.diaz@example.com,2026-05-10,Sunday Morning
Matthew Flores,matthew.flores@example.com,2026-05-10,Sunday Morning
Jason Garcia,jason.garcia@example.com,2026-05-10,Sunday Morning
Patricia Garcia,patricia.garcia@example.com,2026-05-10,Sunday Morning
Brenda Gonzalez,brenda.gonzalez@example.com,2026-05-10,Sunday Morning
Sharon Green,,2026-05-10,Sunday Morning
Robert Green,robert.green@example.com,2026-05-10,Sunday Morning
Jennifer Green,jennifer.green@example.com,2026-05-10,Sunday Morning
Charles Hall,charles.hall@example.com,2026-05-10,Sunday Morning
Andrew Hall,andrew.hall@example.com,2026-05-10,Sunday Morning
Donald Hall,donald.hall@example.com,2026-05-10,Sunday Morning
Jason Hall,jason.hall@example.com,2026-05-10,Sunday Morning
Barbara Harris,barbara.harris@example.com,2026-05-10,Sunday Morning
Carol Hernandez,carol.hernandez@example.com,2026-05-10,Sunday Morning
Katherine Hill,katherine.hill@example.com,2026-05-10,Sunday Morning
Carol Hill,carol.hill@example.com,2026-05-10,Sunday Morning
Edward Hill,edward.hill@example.com,2026-05-10,Sunday Morning
Linda Jackson,,2026-05-10,Sunday Morning
Elizabeth Jackson,elizabeth.jackson@example.com,2026-05-10,Sunday Morning
Joseph Johnson,,2026-05-10,Sunday Morning
Angela Johnson,angela.johnson@example.com,2026-05-10,Sunday Morning
Betty Jones,betty.jones@example.com,2026-05-10,Sunday Morning
Paul Jones,paul.jones@example.com,2026-05-10,Sunday Morning
Linda Jones,linda.jones@example.com,2026-05-10,Sunday Morning
Jennifer Kim,jennifer.kim@example.com,2026-05-10,Sunday Morning
Richard Kim,richard.kim@example.com,2026-05-10,Sunday Morning
James King,james.king@example.com,2026-05-10,Sunday Morning
Richard King,,2026-05-10,Sunday Morning
Gary King,gary.king@example.com,2026-05-10,Sunday Morning
Katherine King,katherine.king@example.com,2026-05-10,Sunday Morning
Timothy Kowalski,timothy.kowalski@example.com,2026-05-10,Sunday Morning
Jennifer Lee,jennifer.lee@example.com,2026-05-10,Sunday Morning
Samantha Lee,,2026-05-10,Sunday Morning
Timothy Lewis,,2026-05-10,Sunday Morning
Karen Lewis,karen.lewis@example.com,2026-05-10,Sunday Morning
Jeffrey Lewis,jeffrey.lewis@example.com,2026-05-10,Sunday Morning
Jacob Lewis,,2026-05-10,Sunday Morning
Elizabeth Lopez,elizabeth.lopez@example.com,2026-05-10,Sunday Morning
Justin Martinez,justin.martinez@example.com,2026-05-10,Sunday Morning
Gary Miller,gary.miller@example.com,2026-05-10,Sunday Morning
Laura Miller,laura.miller@example.com,2026-05-10,Sunday Morning
Melissa Miller,melissa.miller@example.com,2026-05-10,Sunday Morning
Cynthia Miller,,2026-05-10,Sunday Morning
Donna Mitchell,donna.mitchell@example.com,2026-05-10,Sunday Morning
Patricia Mitchell,patricia.mitchell@example.com,2026-05-10,Sunday Morning
Donald Moore,donald.moore@example.com,2026-05-10,Sunday Morning
Rebecca Nelson,rebecca.nelson@example.com,2026-05-10,Sunday Morning
Michelle Nelson,michelle.nelson@example.com,2026-05-10,Sunday Morning
James Nelson,,2026-05-10,Sunday Morning
Thomas Nelson,thomas.nelson@example.com,2026-05-10,Sunday Morning
Sarah O'Brien,sarah.obrien@example.com,2026-05-10,Sunday Morning
John Okafor,,2026-05-10,Sunday Morning
Mark Okafor,,2026-05-10,Sunday Morning
Joshua Petrov,joshua.petrov@example.com,2026-05-10,Sunday Morning
Jason Petrov,jason.petrov@example.com,2026-05-10,Sunday Morning
Anthony Petrov,anthony.petrov@example.com,2026-05-10,Sunday Morning
Richard Petrov,richard.petrov@example.com,2026-05-10,Sunday Morning
Katherine Ramirez,katherine.ramirez@example.com,2026-05-10,Sunday Morning
Sarah Ramirez,sarah.ramirez@example.com,2026-05-10,Sunday Morning
Nicole Ramirez,,2026-05-10,Sunday Morning
Rebecca Ramirez,rebecca.ramirez@example.com,2026-05-10,Sunday Morning
Ashley Ramirez,,2026-05-10,Sunday Morning
Brian Rivera,brian.rivera@example.com,2026-05-10,Sunday Morning
Emily Roberts,emily.roberts@example.com,2026-05-10,Sunday Morning
Carol Roberts,carol.roberts@example.com,2026-05-10,Sunday Morning
John Robinson,john.robinson@example.com,2026-05-10,Sunday Morning
Jessica Robinson,jessica.robinson@example.com,2026-05-10,Sunday Morning
Donald Rodriguez,donald.rodriguez@example.com,2026-05-10,Sunday Morning
Jonathan Rodriguez,jonathan.rodriguez@example.com,2026-05-10,Sunday Morning
Ronald Rodriguez,,2026-05-10,Sunday Morning
Emily Rodriguez,,2026-05-10,Sunday Morning
Jeffrey Scott,,2026-05-10,Sunday Morning
Anna Scott,anna.scott@example.com,2026-05-10,Sunday Morning
Barbara Silva,barbara.silva@example.com,2026-05-10,Sunday Morning
Cynthia Silva,cynthia.silva@example.com,2026-05-10,Sunday Morning
Nicholas Taylor,nicholas.taylor@example.com,2026-05-10,Sunday Morning
Margaret Taylor,margaret.taylor@example.com,2026-05-10,Sunday Morning
Ruth Taylor,ruth.taylor@example.com,2026-05-10,Sunday Morning
Cynthia Thomas,cynthia.thomas@example.com,2026-05-10,Sunday Morning
Susan Thomas,susan.thomas@example.com,2026-05-10,Sunday Morning
Justin Torres,justin.torres@example.com,2026-05-10,Sunday Morning
Elizabeth Torres,elizabeth.torres@example.com,2026-05-10,Sunday Morning
Edward Walker,edward.walker@example.com,2026-05-10,Sunday Morning
Ruth Williams,,2026-05-10,Sunday Morning
Pamela Williams,pamela.williams@example.com,2026-05-10,Sunday Morning
Brandon Williams,brandon.williams@example.com,2026-05-10,Sunday Morning
Cynthia Wilson,cynthia.wilson@example.com,2026-05-10,Sunday Morning
Deborah Wright,deborah.wright@example.com,2026-05-10,Sunday Morning
Susan Yamamoto,susan.yamamoto@example.com,2026-05-10,Sunday Morning
Ronald Yamamoto,ronald.yamamoto@example.com,2026-05-10,Sunday Morning
Brian Yamamoto,brian.yamamoto@example.com,2026-05-10,Sunday Morning
Lisa Young,lisa.young@example.com,2026-05-10,Sunday Morning
Karen Young,karen.young@example.com,2026-05-10,Sunday Morning
Stephen Campbell,stephen.campbell@example.com,2026-05-13,Wednesday Night
Jonathan Davis,jonathan.davis@example.com,2026-05-13,Wednesday Night
Amy Davis,,2026-05-13,Wednesday Night
Jason Davis,,2026-05-13,Wednesday Night
Thomas Flores,thomas.flores@example.com,2026-05-13,Wednesday Night
Matthew Flores,matthew.flores@example.com,2026-05-13,Wednesday Night
Jason Hall,jason.hall@example.com,2026-05-13,Wednesday Night
Richard Harris,richard.harris@example.com,2026-05-13,Wednesday Night
James Hill,,2026-05-13,Wednesday Night
Laura Jones,laura.jones@example.com,2026-05-13,Wednesday Night
Linda Jones,linda.jones@example.com,2026-05-13,Wednesday Night
Samantha Lee,,2026-05-13,Wednesday Night
Edward Moore,edward.moore@example.com,2026-05-13,Wednesday Night
Thomas Nelson,thomas.nelson@example.com,2026-05-13,Wednesday Night
Lisa Okafor,lisa.okafor@example.com,2026-05-13,Wednesday Night
Kathleen Ramirez,kathleen.ramirez@example.com,2026-05-13,Wednesday Night
Brenda Roberts,brenda.roberts@example.com,2026-05-13,Wednesday Night
Daniel Rodriguez,daniel.rodriguez@example.com,2026-05-13,Wednesday Night
Margaret Taylor,margaret.taylor@example.com,2026-05-13,Wednesday Night
Ruth Taylor,ruth.taylor@example.com,2026-05-13,Wednesday Night
Susan Yamamoto,susan.yamamoto@example.com,2026-05-13,Wednesday Night
Michael Baker,michael.baker@example.com,2026-05-17,Sunday Evening
Nicole Brown,nicole.brown@example.com,2026-05-17,Sunday Evening
Jonathan Davis,jonathan.davis@example.com,2026-05-17,Sunday Evening
Rebecca Davis,rebecca.davis@example.com,2026-05-17,Sunday Evening
Andrew Johnson,andrew.johnson@example.com,2026-05-17,Sunday Evening
Paul Jones,paul.jones@example.com,2026-05-17,Sunday Evening
Andrew Kowalski,andrew.kowalski@example.com,2026-05-17,Sunday Evening
William Lee,william.lee@example.com,2026-05-17,Sunday Evening
Charles Lewis,charles.lewis@example.com,2026-05-17,Sunday Evening
Elizabeth Lopez,elizabeth.lopez@example.com,2026-05-17,Sunday Evening
Patricia Mitchell,patricia.mitchell@example.com,2026-05-17,Sunday Evening
Donald Moore,donald.moore@example.com,2026-05-17,Sunday Evening
James Nelson,,2026-05-17,Sunday Evening
John Okafor,,2026-05-17,Sunday Evening
Sarah Ramirez,sarah.ramirez@example.com,2026-05-17,Sunday Evening
Brian Rivera,brian.rivera@example.com,2026-05-17,Sunday Evening
Kimberly Sanchez,kimberly.sanchez@example.com,2026-05-17,Sunday Evening
Matthew Sanchez,,2026-05-17,Sunday Evening
Stephen Smith,stephen.smith@example.com,2026-05-17,Sunday Evening
Amy Walker,,2026-05-17,Sunday Evening
Ronald Yamamoto,ronald.yamamoto@example.com,2026-05-17,Sunday Evening
Margaret Adams,margaret.adams@example.com,2026-05-17,Sunday Morning
Jessica Adams,jessica.adams@example.com,2026-05-17,Sunday Morning
Paul Allen,paul.allen@example.com,2026-05-17,Sunday Morning
George Anderson,,2026-05-17,Sunday Morning
Anthony Baker,anthony.baker@example.com,2026-05-17,Sunday Morning
Paul Baker,paul.baker@example.com,2026-05-17,Sunday Morning
Michael Baker,michael.baker@example.com,2026-05-17,Sunday Morning
James Campbell,james.campbell@example.com,2026-05-17,Sunday Morning
Stephen Campbell,stephen.campbell@example.com,2026-05-17,Sunday Morning
Brian Campbell,,2026-05-17,Sunday Morning
Amanda Carter,amanda.carter@example.com,2026-05-17,Sunday Morning
Jeffrey Carter,jeffrey.carter@example.com,2026-05-17,Sunday Morning
Jacob Chen,jacob.chen@example.com,2026-05-17,Sunday Morning
Kevin Chen,kevin.chen@example.com,2026-05-17,Sunday Morning
Nancy Clark,nancy.clark@example.com,2026-05-17,Sunday Morning
Ryan Clark,ryan.clark@example.com,2026-05-17,Sunday Morning
Rebecca Clark,rebecca.clark@example.com,2026-05-17,Sunday Morning
Jonathan Davis,jonathan.davis@example.com,2026-05-17,Sunday Morning
Jason Davis,,2026-05-17,Sunday Morning
Amanda Diaz,amanda.diaz@example.com,2026-05-17,Sunday Morning
Brandon Diaz,brandon.diaz@example.com,2026-05-17,Sunday Morning
Timothy Flores,timothy.flores@example.com,2026-05-17,Sunday Morning
Matthew Flores,matthew.flores@example.com,2026-05-17,Sunday Morning
Jason Garcia,jason.garcia@example.com,2026-05-17,Sunday Morning
Brenda Gonzalez,brenda.gonzalez@example.com,2026-05-17,Sunday Morning
Pamela Gonzalez,pamela.gonzalez@example.com,2026-05-17,Sunday Morning
Sharon Green,,2026-05-17,Sunday Morning
Robert Green,robert.green@example.com,2026-05-17,Sunday Morning
Jennifer Green,jennifer.green@example.com,2026-05-17,Sunday Morning
Donald Hall,donald.hall@example.com,2026-05-17,Sunday Morning
Kathleen Hall,kathleen.hall@example.com,2026-05-17,Sunday Morning
Jason Hall,jason.hall@example.com,2026-05-17,Sunday Morning
Barbara Harris,barbara.harris@example.com,2026-05-17,Sunday Morning
Jonathan Harris,jonathan.harris@example.com,2026-05-17,Sunday Morning
Lisa Hernandez,lisa.hernandez@example.com,2026-05-17,Sunday Morning
James Hill,,2026-05-17,Sunday Morning
Katherine Hill,katherine.hill@example.com,2026-05-17,Sunday Morning
Carol Hill,carol.hill@example.com,2026-05-17,Sunday Morning
Edward Hill,edward.hill@example.com,2026-05-17,Sunday Morning
Linda Jackson,,2026-05-17,Sunday Morning
Elizabeth Jackson,elizabeth.jackson@example.com,2026-05-17,Sunday Morning
Joseph Johnson,,2026-05-17,Sunday Morning
Timothy Johnson,timothy.johnson@example.com,2026-05-17,Sunday Morning
Gary Johnson,gary.johnson@example.com,2026-05-17,Sunday Morning
Angela Johnson,angela.johnson@example.com,2026-05-17,Sunday Morning
Laura Jones,laura.jones@example.com,2026-05-17,Sunday Morning
Samantha Jones,samantha.jones@example.com,2026-05-17,Sunday Morning
Paul Jones,paul.jones@example.com,2026-05-17,Sunday Morning
Jennifer Kim,jennifer.kim@example.com,2026-05-17,Sunday Morning
Jacob Kim,jacob.kim@example.com,2026-05-17,Sunday Morning
James King,james.king@example.com,2026-05-17,Sunday Morning
Richard King,,2026-05-17,Sunday Morning
Andrew Kowalski,andrew.kowalski@example.com,2026-05-17,Sunday Morning
Timothy Kowalski,timothy.kowalski@example.com,2026-05-17,Sunday Morning
Nicole Lee,,2026-05-17,Sunday Morning
Samantha Lee,,2026-05-17,Sunday Morning
Karen Lewis,karen.lewis@example.com,2026-05-17,Sunday Morning
Jacob Lewis,,2026-05-17,Sunday Morning
Justin Martinez,justin.martinez@example.com,2026-05-17,Sunday Morning
Michelle Miller,michelle.miller@example.com,2026-05-17,Sunday Morning
Melissa Miller,melissa.miller@example.com,2026-05-17,Sunday Morning
Jason Mitchell,jason.mitchell@example.com,2026-05-17,Sunday Morning
Patricia Mitchell,patricia.mitchell@example.com,2026-05-17,Sunday Morning
Edward Moore,edward.moore@example.com,2026-05-17,Sunday Morning
Thomas Moore,thomas.moore@example.com,2026-05-17,Sunday Morning
Ronald Moore,ronald.moore@example.com,2026-05-17,Sunday Morning
Rebecca Nelson,rebecca.nelson@example.com,2026-05-17,Sunday Morning
Brenda Nelson,brenda.nelson@example.com,2026-05-17,Sunday Morning
Mary Nelson,mary.nelson@example.com,2026-05-17,Sunday Morning
Jason Nelson,jason.nelson@example.com,2026-05-17,Sunday Morning
James Nelson,,2026-05-17,Sunday Morning
Barbara Nelson,barbara.nelson@example.com,2026-05-17,Sunday Morning
John Okafor,,2026-05-17,Sunday Morning
Lisa Okafor,lisa.okafor@example.com,2026-05-17,Sunday Morning
Mark Perez,mark.perez@example.com,2026-05-17,Sunday Morning
Karen Perez,,2026-05-17,Sunday Morning
Joshua Petrov,joshua.petrov@example.com,2026-05-17,Sunday Morning
Jason Petrov,jason.petrov@example.com,2026-05-17,Sunday Morning
Sarah Ramirez,sarah.ramirez@example.com,2026-05-17,Sunday Morning
Kathleen Ramirez,kathleen.ramirez@example.com,2026-05-17,Sunday Morning
Nicole Ramirez,,2026-05-17,Sunday Morning
Rebecca Ramirez,rebecca.ramirez@example.com,2026-05-17,Sunday Morning
Ashley Ramirez,,2026-05-17,Sunday Morning
Karen Rivera,karen.rivera@example.com,2026-05-17,Sunday Morning
Jonathan Roberts,jonathan.roberts@example.com,2026-05-17,Sunday Morning
Emily Roberts,emily.roberts@example.com,2026-05-17,Sunday Morning
Timothy Roberts,,2026-05-17,Sunday Morning
Jessica Robinson,jessica.robinson@example.com,2026-05-17,Sunday Morning
Jonathan Rodriguez,jonathan.rodriguez@example.com,2026-05-17,Sunday Morning
Ashley Rodriguez,ashley.rodriguez@example.com,2026-05-17,Sunday Morning
Daniel Rodriguez,daniel.rodriguez@example.com,2026-05-17,Sunday Morning
Emily Rodriguez,,2026-05-17,Sunday Morning
Kimberly Sanchez,kimberly.sanchez@example.com,2026-05-17,Sunday Morning
Matthew Sanchez,,2026-05-17,Sunday Morning
Mark Sanchez,mark.sanchez@example.com,2026-05-17,Sunday Morning
Elizabeth Sanchez,elizabeth.sanchez@example.com,2026-05-17,Sunday Morning
Jeffrey Scott,,2026-05-17,Sunday Morning
Anna Scott,anna.scott@example.com,2026-05-17,Sunday Morning
Margaret Taylor,margaret.taylor@example.com,2026-05-17,Sunday Morning
Ruth Taylor,ruth.taylor@example.com,2026-05-17,Sunday Morning
Melissa Thomas,melissa.thomas@example.com,2026-05-17,Sunday Morning
Stephanie Torres,stephanie.torres@example.com,2026-05-17,Sunday Morning
Amy Walker,,2026-05-17,Sunday Morning
Ruth Williams,,2026-05-17,Sunday Morning
Pamela Williams,pamela.williams@example.com,2026-05-17,Sunday Morning
Emily Williams,emily.williams@example.com,2026-05-17,Sunday Morning
Andrew Wilson,andrew.wilson@example.com,2026-05-17,Sunday Morning
Cynthia Wilson,cynthia.wilson@example.com,2026-05-17,Sunday Morning
Susan Yamamoto,susan.yamamoto@example.com,2026-05-17,Sunday Morning
Ronald Yamamoto,ronald.yamamoto@example.com,2026-05-17,Sunday Morning
Brian Yamamoto,brian.yamamoto@example.com,2026-05-17,Sunday Morning
Lisa Young,lisa.young@example.com,2026-05-17,Sunday Morning
Karen Young,karen.young@example.com,2026-05-17,Sunday Morning
Mark Adams,mark.adams@example.com,2026-05-20,Wednesday Night
Stephen Campbell,stephen.campbell@example.com,2026-05-20,Wednesday Night
Brian Campbell,,2026-05-20,Wednesday Night
Amy Davis,,2026-05-20,Wednesday Night
Mark Gonzalez,mark.gonzalez@example.com,2026-05-20,Wednesday Night
Deborah Hernandez,deborah.hernandez@example.com,2026-05-20,Wednesday Night
James Hill,,2026-05-20,Wednesday Night
Jennifer Kim,jennifer.kim@example.com,2026-05-20,Wednesday Night
Gary King,gary.king@example.com,2026-05-20,Wednesday Night
Jennifer Lee,jennifer.lee@example.com,2026-05-20,Wednesday Night
Justin Martinez,justin.martinez@example.com,2026-05-20,Wednesday Night
Kevin Miller,kevin.miller@example.com,2026-05-20,Wednesday Night
James Nelson,,2026-05-20,Wednesday Night
Thomas Nelson,thomas.nelson@example.com,2026-05-20,Wednesday Night
Barbara Nguyen,,2026-05-20,Wednesday Night
Jessica Robinson,jessica.robinson@example.com,2026-05-20,Wednesday Night
Mark Sanchez,mark.sanchez@example.com,2026-05-20,Wednesday Night
Ruth Taylor,ruth.taylor@example.com,2026-05-20,Wednesday Night
Emily Williams,emily.williams@example.com,2026-05-20,Wednesday Night
Mark Adams,mark.adams@example.com,2026-05-24,Sunday Evening
George Anderson,,2026-05-24,Sunday Evening
Kevin Chen,kevin.chen@example.com,2026-05-24,Sunday Evening
Ryan Clark,ryan.clark@example.com,2026-05-24,Sunday Evening
Jonathan Harris,jonathan.harris@example.com,2026-05-24,Sunday Evening
Elizabeth Jackson,elizabeth.jackson@example.com,2026-05-24,Sunday Evening
Laura Jones,laura.jones@example.com,2026-05-24,Sunday Evening
Katherine King,katherine.king@example.com,2026-05-24,Sunday Evening
Thomas Nelson,thomas.nelson@example.com,2026-05-24,Sunday Evening
John Okafor,,2026-05-24,Sunday Evening
Daniel Rodriguez,daniel.rodriguez@example.com,2026-05-24,Sunday Evening
Kimberly Sanchez,kimberly.sanchez@example.com,2026-05-24,Sunday Evening
Emily Williams,emily.williams@example.com,2026-05-24,Sunday Evening
Brandon Williams,brandon.williams@example.com,2026-05-24,Sunday Evening
Deborah Wright,deborah.wright@example.com,2026-05-24,Sunday Evening
Ronald Yamamoto,ronald.yamamoto@example.com,2026-05-24,Sunday Evening
Margaret Adams,margaret.adams@example.com,2026-05-24,Sunday Morning
Jessica Adams,jessica.adams@example.com,2026-05-24,Sunday Morning
Mark Adams,mark.adams@example.com,2026-05-24,Sunday Morning
Katherine Allen,katherine.allen@example.com,2026-05-24,Sunday Morning
Anthony Baker,anthony.baker@example.com,2026-05-24,Sunday Morning
Edward Baker,edward.baker@example.com,2026-05-24,Sunday Morning
Sandra Baker,,2026-05-24,Sunday Morning
Michael Baker,michael.baker@example.com,2026-05-24,Sunday Morning
Katherine Baker,,2026-05-24,Sunday Morning
Charles Brown,charles.brown@example.com,2026-05-24,Sunday Morning
Jessica Campbell,jessica.campbell@example.com,2026-05-24,Sunday Morning
Jennifer Carter,jennifer.carter@example.com,2026-05-24,Sunday Morning
Jacob Chen,jacob.chen@example.com,2026-05-24,Sunday Morning
Kevin Chen,kevin.chen@example.com,2026-05-24,Sunday Morning
Daniel Chen,,2026-05-24,Sunday Morning
Jason Clark,,2026-05-24,Sunday Morning
Ryan Clark,ryan.clark@example.com,2026-05-24,Sunday Morning
Rebecca Clark,rebecca.clark@example.com,2026-05-24,Sunday Morning
Amy Davis,,2026-05-24,Sunday Morning
Jason Davis,,2026-05-24,Sunday Morning
Thomas Flores,thomas.flores@example.com,2026-05-24,Sunday Morning
Patricia Garcia,patricia.garcia@example.com,2026-05-24,Sunday Morning
Brenda Gonzalez,brenda.gonzalez@example.com,2026-05-24,Sunday Morning
Pamela Gonzalez,pamela.gonzalez@example.com,2026-05-24,Sunday Morning
Mark Gonzalez,mark.gonzalez@example.com,2026-05-24,Sunday Morning
Sharon Green,,2026-05-24,Sunday Morning
Robert Green,robert.green@example.com,2026-05-24,Sunday Morning
Jennifer Green,jennifer.green@example.com,2026-05-24,Sunday Morning
Charles Hall,charles.hall@example.com,2026-05-24,Sunday Morning
Andrew Hall,andrew.hall@example.com,2026-05-24,Sunday Morning
Donald Hall,donald.hall@example.com,2026-05-24,Sunday Morning
Kathleen Hall,kathleen.hall@example.com,2026-05-24,Sunday Morning
Jason Hall,jason.hall@example.com,2026-05-24,Sunday Morning
Barbara Harris,barbara.harris@example.com,2026-05-24,Sunday Morning
Deborah Hernandez,deborah.hernandez@example.com,2026-05-24,Sunday Morning
Elizabeth Jackson,elizabeth.jackson@example.com,2026-05-24,Sunday Morning
Amanda Johnson,amanda.johnson@example.com,2026-05-24,Sunday Morning
Betty Jones,betty.jones@example.com,2026-05-24,Sunday Morning
Jennifer Kim,jennifer.kim@example.com,2026-05-24,Sunday Morning
James King,james.king@example.com,2026-05-24,Sunday Morning
Katherine King,katherine.king@example.com,2026-05-24,Sunday Morning
Mark Kowalski,mark.kowalski@example.com,2026-05-24,Sunday Morning
Timothy Kowalski,timothy.kowalski@example.com,2026-05-24,Sunday Morning
Nicole Lee,,2026-05-24,Sunday Morning
Samantha Lee,,2026-05-24,Sunday Morning
Charles Lewis,charles.lewis@example.com,2026-05-24,Sunday Morning
Timothy Lewis,,2026-05-24,Sunday Morning
Jeffrey Lewis,jeffrey.lewis@example.com,2026-05-24,Sunday Morning
Jacob Lewis,,2026-05-24,Sunday Morning
Michelle Lopez,michelle.lopez@example.com,2026-05-24,Sunday Morning
Melissa Miller,melissa.miller@example.com,2026-05-24,Sunday Morning
Cynthia Miller,,2026-05-24,Sunday Morning
Kevin Miller,kevin.miller@example.com,2026-05-24,Sunday Morning
Ashley Mitchell,ashley.mitchell@example.com,2026-05-24,Sunday Morning
Linda Mitchell,linda.mitchell@example.com,2026-05-24,Sunday Morning
Jason Mitchell,jason.mitchell@example.com,2026-05-24,Sunday Morning
Patricia Mitchell,patricia.mitchell@example.com,2026-05-24,Sunday Morning
Donald Moore,donald.moore@example.com,2026-05-24,Sunday Morning
Emily Nelson,,2026-05-24,Sunday Morning
Brenda Nelson,brenda.nelson@example.com,2026-05-24,Sunday Morning
James Nelson,,2026-05-24,Sunday Morning
Barbara Nelson,barbara.nelson@example.com,2026-05-24,Sunday Morning
Thomas Nelson,thomas.nelson@example.com,2026-05-24,Sunday Morning
Sarah O'Brien,sarah.obrien@example.com,2026-05-24,Sunday Morning
John Okafor,,2026-05-24,Sunday Morning
Mark Okafor,,2026-05-24,Sunday Morning
Karen Perez,,2026-05-24,Sunday Morning
Joshua Petrov,joshua.petrov@example.com,2026-05-24,Sunday Morning
Jason Petrov,jason.petrov@example.com,2026-05-24,Sunday Morning
Anthony Petrov,anthony.petrov@example.com,2026-05-24,Sunday Morning
Richard Petrov,richard.petrov@example.com,2026-05-24,Sunday Morning
Katherine Ramirez,katherine.ramirez@example.com,2026-05-24,Sunday Morning
Sarah Ramirez,sarah.ramirez@example.com,2026-05-24,Sunday Morning
Rebecca Ramirez,rebecca.ramirez@example.com,2026-05-24,Sunday Morning
Pamela Ramirez,pamela.ramirez@example.com,2026-05-24,Sunday Morning
Karen Rivera,karen.rivera@example.com,2026-05-24,Sunday Morning
Jonathan Roberts,jonathan.roberts@example.com,2026-05-24,Sunday Morning
Brenda Roberts,brenda.roberts@example.com,2026-05-24,Sunday Morning
Timothy Roberts,,2026-05-24,Sunday Morning
Scott Robinson,scott.robinson@example.com,2026-05-24,Sunday Morning
Mary Robinson,mary.robinson@example.com,2026-05-24,Sunday Morning
Jessica Robinson,jessica.robinson@example.com,2026-05-24,Sunday Morning
Donald Rodriguez,donald.rodriguez@example.com,2026-05-24,Sunday Morning
Ashley Rodriguez,ashley.rodriguez@example.com,2026-05-24,Sunday Morning
Daniel Rodriguez,daniel.rodriguez@example.com,2026-05-24,Sunday Morning
Emily Rodriguez,,2026-05-24,Sunday Morning
Shirley Sanchez,,2026-05-24,Sunday Morning
Mark Sanchez,mark.sanchez@example.com,2026-05-24,Sunday Morning
Elizabeth Sanchez,elizabeth.sanchez@example.com,2026-05-24,Sunday Morning
Jeffrey Scott,,2026-05-24,Sunday Morning
Anna Scott,anna.scott@example.com,2026-05-24,Sunday Morning
Thomas Scott,thomas.scott@example.com,2026-05-24,Sunday Morning
Barbara Silva,barbara.silva@example.com,2026-05-24,Sunday Morning
Brenda Smith,,2026-05-24,Sunday Morning
Justin Taylor,justin.taylor@example.com,2026-05-24,Sunday Morning
Cynthia Thomas,cynthia.thomas@example.com,2026-05-24,Sunday Morning
Susan Thomas,susan.thomas@example.com,2026-05-24,Sunday Morning
Deborah Thomas,deborah.thomas@example.com,2026-05-24,Sunday Morning
Amy Walker,,2026-05-24,Sunday Morning
Pamela Williams,pamela.williams@example.com,2026-05-24,Sunday Morning
Matthew Wilson,matthew.wilson@example.com,2026-05-24,Sunday Morning
Deborah Wright,deborah.wright@example.com,2026-05-24,Sunday Morning
Susan Yamamoto,susan.yamamoto@example.com,2026-05-24,Sunday Morning
Ronald Yamamoto,ronald.yamamoto@example.com,2026-05-24,Sunday Morning
Lisa Young,lisa.young@example.com,2026-05-24,Sunday Morning
Stephen Campbell,stephen.campbell@example.com,2026-05-27,Wednesday Night
Jason Davis,,2026-05-27,Wednesday Night
Carol Hernandez,carol.hernandez@example.com,2026-05-27,Wednesday Night
Gary Johnson,gary.johnson@example.com,2026-05-27,Wednesday Night
Linda Jones,linda.jones@example.com,2026-05-27,Wednesday Night
Michelle Lopez,michelle.lopez@example.com,2026-05-27,Wednesday Night
Amanda Lopez,amanda.lopez@example.com,2026-05-27,Wednesday Night
Lisa O'Brien,lisa.obrien@example.com,2026-05-27,Wednesday Night
John Okafor,,2026-05-27,Wednesday Night
Joshua Petrov,joshua.petrov@example.com,2026-05-27,Wednesday Night
Rebecca Ramirez,rebecca.ramirez@example.com,2026-05-27,Wednesday Night
Emily Roberts,emily.roberts@example.com,2026-05-27,Wednesday Night
Brenda Roberts,brenda.roberts@example.com,2026-05-27,Wednesday Night
Anna Scott,anna.scott@example.com,2026-05-27,Wednesday Night
Cynthia Thomas,cynthia.thomas@example.com,2026-05-27,Wednesday Night
Elizabeth Torres,elizabeth.torres@example.com,2026-05-27,Wednesday Night
Susan Yamamoto,susan.yamamoto@example.com,2026-05-27,Wednesday Night
Katherine Allen,katherine.allen@example.com,2026-05-31,Sunday Evening
Edward Baker,edward.baker@example.com,2026-05-31,Sunday Evening
Sandra Baker,,2026-05-31,Sunday Evening
Stephen Campbell,stephen.campbell@example.com,2026-05-31,Sunday Evening
Jonathan Davis,jonathan.davis@example.com,2026-05-31,Sunday Evening
Brandon Diaz,brandon.diaz@example.com,2026-05-31,Sunday Evening
Thomas Flores,thomas.flores@example.com,2026-05-31,Sunday Evening
Kathleen Hall,kathleen.hall@example.com,2026-05-31,Sunday Evening
Laura Jones,laura.jones@example.com,2026-05-31,Sunday Evening
Linda Jones,linda.jones@example.com,2026-05-31,Sunday Evening
Timothy Lewis,,2026-05-31,Sunday Evening
Michelle Lopez,michelle.lopez@example.com,2026-05-31,Sunday Evening
Amanda Lopez,amanda.lopez@example.com,2026-05-31,Sunday Evening
Justin Martinez,justin.martinez@example.com,2026-05-31,Sunday Evening
Melissa Miller,melissa.miller@example.com,2026-05-31,Sunday Evening
Barbara Mitchell,barbara.mitchell@example.com,2026-05-31,Sunday Evening
Rebecca Nelson,rebecca.nelson@example.com,2026-05-31,Sunday Evening
Karen Perez,,2026-05-31,Sunday Evening
Jason Petrov,jason.petrov@example.com,2026-05-31,Sunday Evening
Jason Rodriguez,jason.rodriguez@example.com,2026-05-31,Sunday Evening
Susan Thomas,susan.thomas@example.com,2026-05-31,Sunday Evening
Justin Torres,justin.torres@example.com,2026-05-31,Sunday Evening
Margaret Adams,margaret.adams@example.com,2026-05-31,Sunday Morning
Jessica Adams,jessica.adams@example.com,2026-05-31,Sunday Morning
Paul Allen,paul.allen@example.com,2026-05-31,Sunday Morning
Edward Allen,edward.allen@example.com,2026-05-31,Sunday Morning
Anthony Baker,anthony.baker@example.com,2026-05-31,Sunday Morning
Paul Baker,paul.baker@example.com,2026-05-31,Sunday Morning
Richard Brown,richard.brown@example.com,2026-05-31,Sunday Morning
Charles Brown,charles.brown@example.com,2026-05-31,Sunday Morning
Brian Campbell,,2026-05-31,Sunday Morning
Rebecca Clark,rebecca.clark@example.com,2026-05-31,Sunday Morning
Jonathan Davis,jonathan.davis@example.com,2026-05-31,Sunday Morning
Rebecca Davis,rebecca.davis@example.com,2026-05-31,Sunday Morning
Jason Davis,,2026-05-31,Sunday Morning
Gary Davis,gary.davis@example.com,2026-05-31,Sunday Morning
Brandon Diaz,brandon.diaz@example.com,2026-05-31,Sunday Morning
Matthew Flores,matthew.flores@example.com,2026-05-31,Sunday Morning
Jason Garcia,jason.garcia@example.com,2026-05-31,Sunday Morning
Patricia Garcia,patricia.garcia@example.com,2026-05-31,Sunday Morning
Brenda Gonzalez,brenda.gonzalez@example.com,2026-05-31,Sunday Morning
Sharon Green,,2026-05-31,Sunday Morning
Jennifer Green,jennifer.green@example.com,2026-05-31,Sunday Morning
Andrew Hall,andrew.hall@example.com,2026-05-31,Sunday Morning
Donald Hall,donald.hall@example.com,2026-05-31,Sunday Morning
Jason Hall,jason.hall@example.com,2026-05-31,Sunday Morning
Barbara Harris,barbara.harris@example.com,2026-05-31,Sunday Morning
Richard Harris,richard.harris@example.com,2026-05-31,Sunday Morning
Linda Hernandez,linda.hernandez@example.com,2026-05-31,Sunday Morning
Lisa Hernandez,lisa.hernandez@example.com,2026-05-31,Sunday Morning
Linda Jackson,,2026-05-31,Sunday Morning
Elizabeth Jackson,elizabeth.jackson@example.com,2026-05-31,Sunday Morning
Jacob Johnson,jacob.johnson@example.com,2026-05-31,Sunday Morning
Andrew Johnson,andrew.johnson@example.com,2026-05-31,Sunday Morning
Angela Johnson,angela.johnson@example.com,2026-05-31,Sunday Morning
Samantha Jones,samantha.jones@example.com,2026-05-31,Sunday Morning
Jennifer Kim,jennifer.kim@example.com,2026-05-31,Sunday Morning
Richard Kim,richard.kim@example.com,2026-05-31,Sunday Morning
James King,james.king@example.com,2026-05-31,Sunday Morning
Richard King,,2026-05-31,Sunday Morning
Gary King,gary.king@example.com,2026-05-31,Sunday Morning
Andrew Kowalski,andrew.kowalski@example.com,2026-05-31,Sunday Morning
Timothy Kowalski,timothy.kowalski@example.com,2026-05-31,Sunday Morning
Nicole Lee,,2026-05-31,Sunday Morning
Samantha Lee,,2026-05-31,Sunday Morning
William Lee,william.lee@example.com,2026-05-31,Sunday Morning
Charles Lewis,charles.lewis@example.com,2026-05-31,Sunday Morning
Karen Lewis,karen.lewis@example.com,2026-05-31,Sunday Morning
Jacob Lewis,,2026-05-31,Sunday Morning
Justin Martinez,justin.martinez@example.com,2026-05-31,Sunday Morning
Michelle Miller,michelle.miller@example.com,2026-05-31,Sunday Morning
Gary Miller,gary.miller@example.com,2026-05-31,Sunday Morning
Cynthia Miller,,2026-05-31,Sunday Morning
Ashley Mitchell,ashley.mitchell@example.com,2026-05-31,Sunday Morning
Barbara Mitchell,barbara.mitchell@example.com,2026-05-31,Sunday Morning
Patricia Mitchell,patricia.mitchell@example.com,2026-05-31,Sunday Morning
Edward Moore,edward.moore@example.com,2026-05-31,Sunday Morning
Brenda Nelson,brenda.nelson@example.com,2026-05-31,Sunday Morning
Mary Nelson,mary.nelson@example.com,2026-05-31,Sunday Morning
Michelle Nelson,michelle.nelson@example.com,2026-05-31,Sunday Morning
Jason Nelson,jason.nelson@example.com,2026-05-31,Sunday Morning
Barbara Nelson,barbara.nelson@example.com,2026-05-31,Sunday Morning
Thomas Nelson,thomas.nelson@example.com,2026-05-31,Sunday Morning
Lisa O'Brien,lisa.obrien@example.com,2026-05-31,Sunday Morning
Mark Okafor,,2026-05-31,Sunday Morning
Lisa Okafor,lisa.okafor@example.com,2026-05-31,Sunday Morning
Mark Perez,mark.perez@example.com,2026-05-31,Sunday Morning
Karen Perez,,2026-05-31,Sunday Morning
Jason Petrov,jason.petrov@example.com,2026-05-31,Sunday Morning
Anthony Petrov,anthony.petrov@example.com,2026-05-31,Sunday Morning
Sarah Ramirez,sarah.ramirez@example.com,2026-05-31,Sunday Morning
Kathleen Ramirez,kathleen.ramirez@example.com,2026-05-31,Sunday Morning
Nicole Ramirez,,2026-05-31,Sunday Morning
Pamela Ramirez,pamela.ramirez@example.com,2026-05-31,Sunday Morning
Ashley Ramirez,,2026-05-31,Sunday Morning
Karen Rivera,karen.rivera@example.com,2026-05-31,Sunday Morning
Brian Rivera,brian.rivera@example.com,2026-05-31,Sunday Morning
Jonathan Roberts,jonathan.roberts@example.com,2026-05-31,Sunday Morning
Brenda Roberts,brenda.roberts@example.com,2026-05-31,Sunday Morning
Carol Roberts,carol.roberts@example.com,2026-05-31,Sunday Morning
Mary Robinson,mary.robinson@example.com,2026-05-31,Sunday Morning
John Robinson,john.robinson@example.com,2026-05-31,Sunday Morning
Jessica Robinson,jessica.robinson@example.com,2026-05-31,Sunday Morning
Jason Rodriguez,jason.rodriguez@example.com,2026-05-31,Sunday Morning
Donald Rodriguez,donald.rodriguez@example.com,2026-05-31,Sunday Morning
Jonathan Rodriguez,jonathan.rodriguez@example.com,2026-05-31,Sunday Morning
Daniel Rodriguez,daniel.rodriguez@example.com,2026-05-31,Sunday Morning
Ronald Rodriguez,,2026-05-31,Sunday Morning
Emily Rodriguez,,2026-05-31,Sunday Morning
Matthew Sanchez,,2026-05-31,Sunday Morning
Shirley Sanchez,,2026-05-31,Sunday Morning
Mark Sanchez,mark.sanchez@example.com,2026-05-31,Sunday Morning
Elizabeth Sanchez,elizabeth.sanchez@example.com,2026-05-31,Sunday Morning
Cynthia Silva,cynthia.silva@example.com,2026-05-31,Sunday Morning
Nicholas Taylor,nicholas.taylor@example.com,2026-05-31,Sunday Morning
Justin Taylor,justin.taylor@example.com,2026-05-31,Sunday Morning
Margaret Taylor,margaret.taylor@example.com,2026-05-31,Sunday Morning
Susan Thomas,susan.thomas@example.com,2026-05-31,Sunday Morning
Brian Thomas,brian.thomas@example.com,2026-05-31,Sunday Morning
Justin Torres,justin.torres@example.com,2026-05-31,Sunday Morning
Mary Torres,mary.torres@example.com,2026-05-31,Sunday Morning
Elizabeth Torres,elizabeth.torres@example.com,2026-05-31,Sunday Morning
Emily Williams,emily.williams@example.com,2026-05-31,Sunday Morning
Brandon Williams,brandon.williams@example.com,2026-05-31,Sunday Morning
Matthew Wilson,matthew.wilson@example.com,2026-05-31,Sunday Morning
Susan Yamamoto,susan.yamamoto@example.com,2026-05-31,Sunday Morning
Ronald Yamamoto,ronald.yamamoto@example.com,2026-05-31,Sunday Morning
Lisa Young,lisa.young@example.com,2026-05-31,Sunday Morning
Karen Young,karen.young@example.com,2026-05-31,Sunday Morning
Katherine Baker,,2026-06-03,Wednesday Night
Jeffrey Carter,jeffrey.carter@example.com,2026-06-03,Wednesday Night
Thomas Flores,thomas.flores@example.com,2026-06-03,Wednesday Night
Deborah Hernandez,deborah.hernandez@example.com,2026-06-03,Wednesday Night
Paul Jones,paul.jones@example.com,2026-06-03,Wednesday Night
Richard King,,2026-06-03,Wednesday Night
Timothy Kowalski,timothy.kowalski@example.com,2026-06-03,Wednesday Night
Kevin Miller,kevin.miller@example.com,2026-06-03,Wednesday Night
Jonathan Roberts,jonathan.roberts@example.com,2026-06-03,Wednesday Night
Donald Rodriguez,donald.rodriguez@example.com,2026-06-03,Wednesday Night
Melissa Thomas,melissa.thomas@example.com,2026-06-03,Wednesday Night
Susan Yamamoto,susan.yamamoto@example.com,2026-06-03,Wednesday Night
Ronald Yamamoto,ronald.yamamoto@example.com,2026-06-03,Wednesday Night
Richard Harris,richard.harris@example.com,2026-06-07,Sunday Evening
James Hill,,2026-06-07,Sunday Evening
Joseph Johnson,,2026-06-07,Sunday Evening
Timothy Kowalski,timothy.kowalski@example.com,2026-06-07,Sunday Evening
Michelle Lopez,michelle.lopez@example.com,2026-06-07,Sunday Evening
Laura Miller,laura.miller@example.com,2026-06-07,Sunday Evening
Kevin Miller,kevin.miller@example.com,2026-06-07,Sunday Evening
Linda Mitchell,linda.mitchell@example.com,2026-06-07,Sunday Evening
Brenda Nelson,brenda.nelson@example.com,2026-06-07,Sunday Evening
Mary Nelson,mary.nelson@example.com,2026-06-07,Sunday Evening
Sarah O'Brien,sarah.obrien@example.com,2026-06-07,Sunday Evening
Mark Okafor,,2026-06-07,Sunday Evening
Jason Petrov,jason.petrov@example.com,2026-06-07,Sunday Evening
Pamela Ramirez,pamela.ramirez@example.com,2026-06-07,Sunday Evening
Ashley Ramirez,,2026-06-07,Sunday Evening
Ronald Rodriguez,,2026-06-07,Sunday Evening
Elizabeth Sanchez,elizabeth.sanchez@example.com,2026-06-07,Sunday Evening
Anna Scott,anna.scott@example.com,2026-06-07,Sunday Evening
Deborah Wright,deborah.wright@example.com,2026-06-07,Sunday Evening
Ronald Yamamoto,ronald.yamamoto@example.com,2026-06-07,Sunday Evening
Margaret Adams,margaret.adams@example.com,2026-06-07,Sunday Morning
Katherine Allen,katherine.allen@example.com,2026-06-07,Sunday Morning
Paul Allen,paul.allen@example.com,2026-06-07,Sunday Morning
George Anderson,,2026-06-07,Sunday Morning
Edward Baker,edward.baker@example.com,2026-06-07,Sunday Morning
Sandra Baker,,2026-06-07,Sunday Morning
Charles Brown,charles.brown@example.com,2026-06-07,Sunday Morning
Kathleen Brown,kathleen.brown@example.com,2026-06-07,Sunday Morning
Nicole Brown,nicole.brown@example.com,2026-06-07,Sunday Morning
Jennifer Carter,jennifer.carter@example.com,2026-06-07,Sunday Morning
Jeffrey Carter,jeffrey.carter@example.com,2026-06-07,Sunday Morning
Jacob Chen,jacob.chen@example.com,2026-06-07,Sunday Morning
Jason Clark,,2026-06-07,Sunday Morning
Ryan Clark,ryan.clark@example.com,2026-06-07,Sunday Morning
Rebecca Clark,rebecca.clark@example.com,2026-06-07,Sunday Morning
Jonathan Davis,jonathan.davis@example.com,2026-06-07,Sunday Morning
Jason Davis,,2026-06-07,Sunday Morning
Gary Davis,gary.davis@example.com,2026-06-07,Sunday Morning
Amanda Diaz,amanda.diaz@example.com,2026-06-07,Sunday Morning
Brandon Diaz,brandon.diaz@example.com,2026-06-07,Sunday Morning
Jason Garcia,jason.garcia@example.com,2026-06-07,Sunday Morning
Patricia Garcia,patricia.garcia@example.com,2026-06-07,Sunday Morning
Brenda Gonzalez,brenda.gonzalez@example.com,2026-06-07,Sunday Morning
Sharon Green,,2026-06-07,Sunday Morning
Robert Green,robert.green@example.com,2026-06-07,Sunday Morning
Charles Hall,charles.hall@example.com,2026-06-07,Sunday Morning
Andrew Hall,andrew.hall@example.com,2026-06-07,Sunday Morning
Donald Hall,donald.hall@example.com,2026-06-07,Sunday Morning
Richard Harris,richard.harris@example.com,2026-06-07,Sunday Morning
Deborah Hernandez,deborah.hernandez@example.com,2026-06-07,Sunday Morning
Linda Hernandez,linda.hernandez@example.com,2026-06-07,Sunday Morning
James Hill,,2026-06-07,Sunday Morning
Katherine Hill,katherine.hill@example.com,2026-06-07,Sunday Morning
Carol Hill,carol.hill@example.com,2026-06-07,Sunday Morning
Edward Hill,edward.hill@example.com,2026-06-07,Sunday Morning
Elizabeth Jackson,elizabeth.jackson@example.com,2026-06-07,Sunday Morning
Joseph Johnson,,2026-06-07,Sunday Morning
Amanda Johnson,amanda.johnson@example.com,2026-06-07,Sunday Morning
Gary Johnson,gary.johnson@example.com,2026-06-07,Sunday Morning
Andrew Johnson,andrew.johnson@example.com,2026-06-07,Sunday Morning
Angela Johnson,angela.johnson@example.com,2026-06-07,Sunday Morning
Betty Jones,betty.jones@example.com,2026-06-07,Sunday Morning
Samantha Jones,samantha.jones@example.com,2026-06-07,Sunday Morning
Paul Jones,paul.jones@example.com,2026-06-07,Sunday Morning
Jacob Kim,jacob.kim@example.com,2026-06-07,Sunday Morning
Richard King,,2026-06-07,Sunday Morning
George King,george.king@example.com,2026-06-07,Sunday Morning
Andrew Kowalski,andrew.kowalski@example.com,2026-06-07,Sunday Morning
Jennifer Lee,jennifer.lee@example.com,2026-06-07,Sunday Morning
Samantha Lee,,2026-06-07,Sunday Morning
Charles Lewis,charles.lewis@example.com,2026-06-07,Sunday Morning
Timothy Lewis,,2026-06-07,Sunday Morning
Karen Lewis,karen.lewis@example.com,2026-06-07,Sunday Morning
Jeffrey Lewis,jeffrey.lewis@example.com,2026-06-07,Sunday Morning
Jacob Lewis,,2026-06-07,Sunday Morning
Amanda Lopez,amanda.lopez@example.com,2026-06-07,Sunday Morning
Michelle Miller,michelle.miller@example.com,2026-06-07,Sunday Morning
Gary Miller,gary.miller@example.com,2026-06-07,Sunday Morning
Laura Miller,laura.miller@example.com,2026-06-07,Sunday Morning
Deborah Miller,deborah.miller@example.com,2026-06-07,Sunday Morning
Melissa Miller,melissa.miller@example.com,2026-06-07,Sunday Morning
Cynthia Miller,,2026-06-07,Sunday Morning
Kevin Miller,kevin.miller@example.com,2026-06-07,Sunday Morning
Linda Mitchell,linda.mitchell@example.com,2026-06-07,Sunday Morning
Jason Mitchell,jason.mitchell@example.com,2026-06-07,Sunday Morning
Barbara Mitchell,barbara.mitchell@example.com,2026-06-07,Sunday Morning
Patricia Mitchell,patricia.mitchell@example.com,2026-06-07,Sunday Morning
Donald Moore,donald.moore@example.com,2026-06-07,Sunday Morning
Rebecca Nelson,rebecca.nelson@example.com,2026-06-07,Sunday Morning
Emily Nelson,,2026-06-07,Sunday Morning
Michelle Nelson,michelle.nelson@example.com,2026-06-07,Sunday Morning
Jason Nelson,jason.nelson@example.com,2026-06-07,Sunday Morning
Barbara Nelson,barbara.nelson@example.com,2026-06-07,Sunday Morning
Sarah O'Brien,sarah.obrien@example.com,2026-06-07,Sunday Morning
John Okafor,,2026-06-07,Sunday Morning
Karen Okafor,,2026-06-07,Sunday Morning
Karen Perez,,2026-06-07,Sunday Morning
Joshua Petrov,joshua.petrov@example.com,2026-06-07,Sunday Morning
Jason Petrov,jason.petrov@example.com,2026-06-07,Sunday Morning
Katherine Ramirez,katherine.ramirez@example.com,2026-06-07,Sunday Morning
Kathleen Ramirez,kathleen.ramirez@example.com,2026-06-07,Sunday Morning
Nicole Ramirez,,2026-06-07,Sunday Morning
Rebecca Ramirez,rebecca.ramirez@example.com,2026-06-07,Sunday Morning
Pamela Ramirez,pamela.ramirez@example.com,2026-06-07,Sunday Morning
Brian Rivera,brian.rivera@example.com,2026-06-07,Sunday Morning
Carol Roberts,carol.roberts@example.com,2026-06-07,Sunday Morning
Mary Robinson,mary.robinson@example.com,2026-06-07,Sunday Morning
John Robinson,john.robinson@example.com,2026-06-07,Sunday Morning
Jason Rodriguez,jason.rodriguez@example.com,2026-06-07,Sunday Morning
Jonathan Rodriguez,jonathan.rodriguez@example.com,2026-06-07,Sunday Morning
Daniel Rodriguez,daniel.rodriguez@example.com,2026-06-07,Sunday Morning
Ronald Rodriguez,,2026-06-07,Sunday Morning
Emily Rodriguez,,2026-06-07,Sunday Morning
Kimberly Sanchez,kimberly.sanchez@example.com,2026-06-07,Sunday Morning
Mark Sanchez,mark.sanchez@example.com,2026-06-07,Sunday Morning
Elizabeth Sanchez,elizabeth.sanchez@example.com,2026-06-07,Sunday Morning
Jeffrey Scott,,2026-06-07,Sunday Morning
Anna Scott,anna.scott@example.com,2026-06-07,Sunday Morning
Thomas Scott,thomas.scott@example.com,2026-06-07,Sunday Morning
Stephen Smith,stephen.smith@example.com,2026-06-07,Sunday Morning
Justin Taylor,justin.taylor@example.com,2026-06-07,Sunday Morning
Margaret Taylor,margaret.taylor@example.com,2026-06-07,Sunday Morning
Ruth Taylor,ruth.taylor@example.com,2026-06-07,Sunday Morning
Cynthia Thomas,cynthia.thomas@example.com,2026-06-07,Sunday Morning
Susan Thomas,susan.thomas@example.com,2026-06-07,Sunday Morning
Justin Torres,justin.torres@example.com,2026-06-07,Sunday Morning
Mary Torres,mary.torres@example.com,2026-06-07,Sunday Morning
Edward Walker,edward.walker@example.com,2026-06-07,Sunday Morning
Ruth Williams,,2026-06-07,Sunday Morning
Pamela Williams,pamela.williams@example.com,2026-06-07,Sunday Morning
Emily Williams,emily.williams@example.com,2026-06-07,Sunday Morning
Brandon Williams,brandon.williams@example.com,2026-06-07,Sunday Morning
Matthew Wilson,matthew.wilson@example.com,2026-06-07,Sunday Morning
Andrew Wilson,andrew.wilson@example.com,2026-06-07,Sunday Morning
Cynthia Wilson,cynthia.wilson@example.com,2026-06-07,Sunday Morning
Deborah Wright,deborah.wright@example.com,2026-06-07,Sunday Morning
Susan Yamamoto,susan.yamamoto@example.com,2026-06-07,Sunday Morning
Brian Yamamoto,brian.yamamoto@example.com,2026-06-07,Sunday Morning
Karen Young,karen.young@example.com,2026-06-07,Sunday Morning
Sandra Baker,,2026-06-10,Wednesday Night
Michael Baker,michael.baker@example.com,2026-06-10,Wednesday Night
Jeffrey Carter,jeffrey.carter@example.com,2026-06-10,Wednesday Night
Kevin Chen,kevin.chen@example.com,2026-06-10,Wednesday Night
Jason Davis,,2026-06-10,Wednesday Night
Matthew Flores,matthew.flores@example.com,2026-06-10,Wednesday Night
Samantha Jones,samantha.jones@example.com,2026-06-10,Wednesday Night
Paul Jones,paul.jones@example.com,2026-06-10,Wednesday Night
Karen Lewis,karen.lewis@example.com,2026-06-10,Wednesday Night
Ashley Mitchell,ashley.mitchell@example.com,2026-06-10,Wednesday Night
Emily Nelson,,2026-06-10,Wednesday Night
Kathleen Ramirez,kathleen.ramirez@example.com,2026-06-10,Wednesday Night
Brenda Roberts,brenda.roberts@example.com,2026-06-10,Wednesday Night
Daniel Rodriguez,daniel.rodriguez@example.com,2026-06-10,Wednesday Night
Emily Rodriguez,,2026-06-10,Wednesday Night
Mary Torres,mary.torres@example.com,2026-06-10,Wednesday Night
Jessica Adams,jessica.adams@example.com,2026-06-14,Sunday Evening
Edward Allen,edward.allen@example.com,2026-06-14,Sunday Evening
George Anderson,,2026-06-14,Sunday Evening
Amanda Carter,amanda.carter@example.com,2026-06-14,Sunday Evening
Kevin Chen,kevin.chen@example.com,2026-06-14,Sunday Evening
Amy Davis,,2026-06-14,Sunday Evening
Thomas Flores,thomas.flores@example.com,2026-06-14,Sunday Evening
James Hill,,2026-06-14,Sunday Evening
Elizabeth Jackson,elizabeth.jackson@example.com,2026-06-14,Sunday Evening
Linda Jones,linda.jones@example.com,2026-06-14,Sunday Evening
James King,james.king@example.com,2026-06-14,Sunday Evening
Karen Lewis,karen.lewis@example.com,2026-06-14,Sunday Evening
Jeffrey Lewis,jeffrey.lewis@example.com,2026-06-14,Sunday Evening
Justin Martinez,justin.martinez@example.com,2026-06-14,Sunday Evening
Melissa Miller,melissa.miller@example.com,2026-06-14,Sunday Evening
Edward Moore,edward.moore@example.com,2026-06-14,Sunday Evening
Sarah O'Brien,sarah.obrien@example.com,2026-06-14,Sunday Evening
Brian Rivera,brian.rivera@example.com,2026-06-14,Sunday Evening
Emily Roberts,emily.roberts@example.com,2026-06-14,Sunday Evening
Emily Rodriguez,,2026-06-14,Sunday Evening
Thomas Scott,thomas.scott@example.com,2026-06-14,Sunday Evening
Barbara Silva,barbara.silva@example.com,2026-06-14,Sunday Evening
Cynthia Thomas,cynthia.thomas@example.com,2026-06-14,Sunday Evening
Amy Walker,,2026-06-14,Sunday Evening
Ronald Yamamoto,ronald.yamamoto@example.com,2026-06-14,Sunday Evening
Karen Young,karen.young@example.com,2026-06-14,Sunday Evening
Margaret Adams,margaret.adams@example.com,2026-06-14,Sunday Morning
Jessica Adams,jessica.adams@example.com,2026-06-14,Sunday Morning
Mark Adams,mark.adams@example.com,2026-06-14,Sunday Morning
Paul Allen,paul.allen@example.com,2026-06-14,Sunday Morning
Edward Allen,edward.allen@example.com,2026-06-14,Sunday Morning
Anthony Baker,anthony.baker@example.com,2026-06-14,Sunday Morning
Michael Baker,michael.baker@example.com,2026-06-14,Sunday Morning
Katherine Baker,,2026-06-14,Sunday Morning
Donald Brown,donald.brown@example.com,2026-06-14,Sunday Morning
Charles Brown,charles.brown@example.com,2026-06-14,Sunday Morning
Nicole Brown,nicole.brown@example.com,2026-06-14,Sunday Morning
Jessica Campbell,jessica.campbell@example.com,2026-06-14,Sunday Morning
Stephen Campbell,stephen.campbell@example.com,2026-06-14,Sunday Morning
Jennifer Carter,jennifer.carter@example.com,2026-06-14,Sunday Morning
Jeffrey Carter,jeffrey.carter@example.com,2026-06-14,Sunday Morning
Kevin Chen,kevin.chen@example.com,2026-06-14,Sunday Morning
Jason Clark,,2026-06-14,Sunday Morning
Nancy Clark,nancy.clark@example.com,2026-06-14,Sunday Morning
Ryan Clark,ryan.clark@example.com,2026-06-14,Sunday Morning
Rebecca Clark,rebecca.clark@example.com,2026-06-14,Sunday Morning
Jonathan Davis,jonathan.davis@example.com,2026-06-14,Sunday Morning
Brandon Diaz,brandon.diaz@example.com,2026-06-14,Sunday Morning
Thomas Flores,thomas.flores@example.com,2026-06-14,Sunday Morning
Matthew Flores,matthew.flores@example.com,2026-06-14,Sunday Morning
Jason Garcia,jason.garcia@example.com,2026-06-14,Sunday Morning
Patricia Garcia,patricia.garcia@example.com,2026-06-14,Sunday Morning
Pamela Gonzalez,pamela.gonzalez@example.com,2026-06-14,Sunday Morning
Mark Gonzalez,mark.gonzalez@example.com,2026-06-14,Sunday Morning
Laura Green,laura.green@example.com,2026-06-14,Sunday Morning
Robert Green,robert.green@example.com,2026-06-14,Sunday Morning
Donald Hall,donald.hall@example.com,2026-06-14,Sunday Morning
Barbara Harris,barbara.harris@example.com,2026-06-14,Sunday Morning
Deborah Hernandez,deborah.hernandez@example.com,2026-06-14,Sunday Morning
Carol Hernandez,carol.hernandez@example.com,2026-06-14,Sunday Morning
Carol Hill,carol.hill@example.com,2026-06-14,Sunday Morning
Amanda Johnson,amanda.johnson@example.com,2026-06-14,Sunday Morning
Gary Johnson,gary.johnson@example.com,2026-06-14,Sunday Morning
Jacob Johnson,jacob.johnson@example.com,2026-06-14,Sunday Morning
Andrew Johnson,andrew.johnson@example.com,2026-06-14,Sunday Morning
Laura Jones,laura.jones@example.com,2026-06-14,Sunday Morning
Samantha Jones,samantha.jones@example.com,2026-06-14,Sunday Morning
Paul Jones,paul.jones@example.com,2026-06-14,Sunday Morning
Linda Jones,linda.jones@example.com,2026-06-14,Sunday Morning
Jennifer Kim,jennifer.kim@example.com,2026-06-14,Sunday Morning
Jacob Kim,jacob.kim@example.com,2026-06-14,Sunday Morning
James King,james.king@example.com,2026-06-14,Sunday Morning
Richard King,,2026-06-14,Sunday Morning
Gary King,gary.king@example.com,2026-06-14,Sunday Morning
Timothy Kowalski,timothy.kowalski@example.com,2026-06-14,Sunday Morning
Jennifer Lee,jennifer.lee@example.com,2026-06-14,Sunday Morning
Karen Lewis,karen.lewis@example.com,2026-06-14,Sunday Morning
Jeffrey Lewis,jeffrey.lewis@example.com,2026-06-14,Sunday Morning
Elizabeth Lopez,elizabeth.lopez@example.com,2026-06-14,Sunday Morning
Michelle Lopez,michelle.lopez@example.com,2026-06-14,Sunday Morning
Amanda Lopez,amanda.lopez@example.com,2026-06-14,Sunday Morning
Justin Martinez,justin.martinez@example.com,2026-06-14,Sunday Morning
Gary Miller,gary.miller@example.com,2026-06-14,Sunday Morning
Laura Miller,laura.miller@example.com,2026-06-14,Sunday Morning
Deborah Miller,deborah.miller@example.com,2026-06-14,Sunday Morning
Melissa Miller,melissa.miller@example.com,2026-06-14,Sunday Morning
Cynthia Miller,,2026-06-14,Sunday Morning
Ashley Mitchell,ashley.mitchell@example.com,2026-06-14,Sunday Morning
Jason Mitchell,jason.mitchell@example.com,2026-06-14,Sunday Morning
Barbara Mitchell,barbara.mitchell@example.com,2026-06-14,Sunday Morning
Edward Moore,edward.moore@example.com,2026-06-14,Sunday Morning
Thomas Moore,thomas.moore@example.com,2026-06-14,Sunday Morning
Emily Nelson,,2026-06-14,Sunday Morning
Brenda Nelson,brenda.nelson@example.com,2026-06-14,Sunday Morning
Michelle Nelson,michelle.nelson@example.com,2026-06-14,Sunday Morning
Jason Nelson,jason.nelson@example.com,2026-06-14,Sunday Morning
Thomas Nelson,thomas.nelson@example.com,2026-06-14,Sunday Morning
Barbara Nguyen,,2026-06-14,Sunday Morning
Sarah O'Brien,sarah.obrien@example.com,2026-06-14,Sunday Morning
Lisa O'Brien,lisa.obrien@example.com,2026-06-14,Sunday Morning
Mark Okafor,,2026-06-14,Sunday Morning
Lisa Okafor,lisa.okafor@example.com,2026-06-14,Sunday Morning
Jason Petrov,jason.petrov@example.com,2026-06-14,Sunday Morning
Richard Petrov,richard.petrov@example.com,2026-06-14,Sunday Morning
Kathleen Ramirez,kathleen.ramirez@example.com,2026-06-14,Sunday Morning
Pamela Ramirez,pamela.ramirez@example.com,2026-06-14,Sunday Morning
Ashley Ramirez,,2026-06-14,Sunday Morning
Karen Rivera,karen.rivera@example.com,2026-06-14,Sunday Morning
Brian Rivera,brian.rivera@example.com,2026-06-14,Sunday Morning
Brenda Roberts,brenda.roberts@example.com,2026-06-14,Sunday Morning
Carol Roberts,carol.roberts@example.com,2026-06-14,Sunday Morning
Jessica Robinson,jessica.robinson@example.com,2026-06-14,Sunday Morning
Joseph Rodriguez,joseph.rodriguez@example.com,2026-06-14,Sunday Morning
Jonathan Rodriguez,jonathan.rodriguez@example.com,2026-06-14,Sunday Morning
Ashley Rodriguez,ashley.rodriguez@example.com,2026-06-14,Sunday Morning
Daniel Rodriguez,daniel.rodriguez@example.com,2026-06-14,Sunday Morning
Kimberly Sanchez,kimberly.sanchez@example.com,2026-06-14,Sunday Morning
Matthew Sanchez,,2026-06-14,Sunday Morning
Cynthia Silva,cynthia.silva@example.com,2026-06-14,Sunday Morning
Justin Taylor,justin.taylor@example.com,2026-06-14,Sunday Morning
Stephanie Torres,stephanie.torres@example.com,2026-06-14,Sunday Morning
Amy Walker,,2026-06-14,Sunday Morning
Ruth Williams,,2026-06-14,Sunday Morning
Brandon Williams,brandon.williams@example.com,2026-06-14,Sunday Morning
Andrew Wilson,andrew.wilson@example.com,2026-06-14,Sunday Morning
Deborah Wright,deborah.wright@example.com,2026-06-14,Sunday Morning
Ronald Yamamoto,ronald.yamamoto@example.com,2026-06-14,Sunday Morning
Brian Yamamoto,brian.yamamoto@example.com,2026-06-14,Sunday Morning
Karen Young,karen.young@example.com,2026-06-14,Sunday Morning
Margaret Adams,margaret.adams@example.com,2026-06-17,Wednesday Night
Jessica Adams,jessica.adams@example.com,2026-06-17,Wednesday Night
Paul Allen,paul.allen@example.com,2026-06-17,Wednesday Night
Edward Baker,edward.baker@example.com,2026-06-17,Wednesday Night
Kevin Chen,kevin.chen@example.com,2026-06-17,Wednesday Night
Ryan Clark,ryan.clark@example.com,2026-06-17,Wednesday Night
Rebecca Clark,rebecca.clark@example.com,2026-06-17,Wednesday Night
Jonathan Davis,jonathan.davis@example.com,2026-06-17,Wednesday Night
Amy Davis,,2026-06-17,Wednesday Night
Deborah Hernandez,deborah.hernandez@example.com,2026-06-17,Wednesday Night
Linda Hernandez,linda.hernandez@example.com,2026-06-17,Wednesday Night
Edward Hill,edward.hill@example.com,2026-06-17,Wednesday Night
Angela Johnson,angela.johnson@example.com,2026-06-17,Wednesday Night
Linda Jones,linda.jones@example.com,2026-06-17,Wednesday Night
Nicole Lee,,2026-06-17,Wednesday Night
Samantha Lee,,2026-06-17,Wednesday Night
Justin Martinez,justin.martinez@example.com,2026-06-17,Wednesday Night
Deborah Miller,deborah.miller@example.com,2026-06-17,Wednesday Night
Linda Mitchell,linda.mitchell@example.com,2026-06-17,Wednesday Night
Edward Moore,edward.moore@example.com,2026-06-17,Wednesday Night
Brenda Nelson,brenda.nelson@example.com,2026-06-17,Wednesday Night
Jason Nelson,jason.nelson@example.com,2026-06-17,Wednesday Night
Ronald Rodriguez,,2026-06-17,Wednesday Night
Matthew Sanchez,,2026-06-17,Wednesday Night
Justin Taylor,justin.taylor@example.com,2026-06-17,Wednesday Night
Ruth Taylor,ruth.taylor@example.com,2026-06-17,Wednesday Night
Melissa Thomas,melissa.thomas@example.com,2026-06-17,Wednesday Night
Mary Torres,mary.torres@example.com,2026-06-17,Wednesday Night
Emily Williams,emily.williams@example.com,2026-06-17,Wednesday Night
Deborah Wright,deborah.wright@example.com,2026-06-17,Wednesday Night
Susan Yamamoto,susan.yamamoto@example.com,2026-06-17,Wednesday Night
Margaret Adams,margaret.adams@example.com,2026-06-21,Sunday Evening
Katherine Allen,katherine.allen@example.com,2026-06-21,Sunday Evening
Edward Baker,edward.baker@example.com,2026-06-21,Sunday Evening
Sandra Baker,,2026-06-21,Sunday Evening
Nancy Clark,nancy.clark@example.com,2026-06-21,Sunday Evening
Thomas Flores,thomas.flores@example.com,2026-06-21,Sunday Evening
Jason Garcia,jason.garcia@example.com,2026-06-21,Sunday Evening
Andrew Hall,andrew.hall@example.com,2026-06-21,Sunday Evening
Deborah Hernandez,deborah.hernandez@example.com,2026-06-21,Sunday Evening
Lisa Hernandez,lisa.hernandez@example.com,2026-06-21,Sunday Evening
Linda Jackson,,2026-06-21,Sunday Evening
Laura Jones,laura.jones@example.com,2026-06-21,Sunday Evening
Samantha Jones,samantha.jones@example.com,2026-06-21,Sunday Evening
Paul Jones,paul.jones@example.com,2026-06-21,Sunday Evening
Laura Miller,laura.miller@example.com,2026-06-21,Sunday Evening
Deborah Miller,deborah.miller@example.com,2026-06-21,Sunday Evening
Rebecca Nelson,rebecca.nelson@example.com,2026-06-21,Sunday Evening
Emily Nelson,,2026-06-21,Sunday Evening
Lisa O'Brien,lisa.obrien@example.com,2026-06-21,Sunday Evening
Emily Roberts,emily.roberts@example.com,2026-06-21,Sunday Evening
Timothy Roberts,,2026-06-21,Sunday Evening
Donald Rodriguez,donald.rodriguez@example.com,2026-06-21,Sunday Evening
Jonathan Rodriguez,jonathan.rodriguez@example.com,2026-06-21,Sunday Evening
Daniel Rodriguez,daniel.rodriguez@example.com,2026-06-21,Sunday Evening
Thomas Scott,thomas.scott@example.com,2026-06-21,Sunday Evening
Mary Torres,mary.torres@example.com,2026-06-21,Sunday Evening
Stephanie Torres,stephanie.torres@example.com,2026-06-21,Sunday Evening
Brian Yamamoto,brian.yamamoto@example.com,2026-06-21,Sunday Evening
Karen Young,karen.young@example.com,2026-06-21,Sunday Evening
Margaret Adams,margaret.adams@example.com,2026-06-21,Sunday Morning
Jessica Adams,jessica.adams@example.com,2026-06-21,Sunday Morning
Mark Adams,mark.adams@example.com,2026-06-21,Sunday Morning
Paul Allen,paul.allen@example.com,2026-06-21,Sunday Morning
George Anderson,,2026-06-21,Sunday Morning
Anthony Baker,anthony.baker@example.com,2026-06-21,Sunday Morning
Sandra Baker,,2026-06-21,Sunday Morning
Katherine Baker,,2026-06-21,Sunday Morning
Charles Brown,charles.brown@example.com,2026-06-21,Sunday Morning
Nicole Brown,nicole.brown@example.com,2026-06-21,Sunday Morning
Jessica Campbell,jessica.campbell@example.com,2026-06-21,Sunday Morning
Stephen Campbell,stephen.campbell@example.com,2026-06-21,Sunday Morning
Brian Campbell,,2026-06-21,Sunday Morning
Jeffrey Carter,jeffrey.carter@example.com,2026-06-21,Sunday Morning
Jacob Chen,jacob.chen@example.com,2026-06-21,Sunday Morning
Kevin Chen,kevin.chen@example.com,2026-06-21,Sunday Morning
Nancy Clark,nancy.clark@example.com,2026-06-21,Sunday Morning
Ryan Clark,ryan.clark@example.com,2026-06-21,Sunday Morning
Rebecca Clark,rebecca.clark@example.com,2026-06-21,Sunday Morning
Jonathan Davis,jonathan.davis@example.com,2026-06-21,Sunday Morning
Jason Davis,,2026-06-21,Sunday Morning
Amanda Diaz,amanda.diaz@example.com,2026-06-21,Sunday Morning
Brandon Diaz,brandon.diaz@example.com,2026-06-21,Sunday Morning
Timothy Flores,timothy.flores@example.com,2026-06-21,Sunday Morning
Matthew Flores,matthew.flores@example.com,2026-06-21,Sunday Morning
Jason Garcia,jason.garcia@example.com,2026-06-21,Sunday Morning
Patricia Garcia,patricia.garcia@example.com,2026-06-21,Sunday Morning
Brenda Gonzalez,brenda.gonzalez@example.com,2026-06-21,Sunday Morning
Pamela Gonzalez,pamela.gonzalez@example.com,2026-06-21,Sunday Morning
Mark Gonzalez,mark.gonzalez@example.com,2026-06-21,Sunday Morning
Sharon Green,,2026-06-21,Sunday Morning
Charles Hall,charles.hall@example.com,2026-06-21,Sunday Morning
Andrew Hall,andrew.hall@example.com,2026-06-21,Sunday Morning
Donald Hall,donald.hall@example.com,2026-06-21,Sunday Morning
Jason Hall,jason.hall@example.com,2026-06-21,Sunday Morning
Barbara Harris,barbara.harris@example.com,2026-06-21,Sunday Morning
Richard Harris,richard.harris@example.com,2026-06-21,Sunday Morning
Deborah Hernandez,deborah.hernandez@example.com,2026-06-21,Sunday Morning
Linda Hernandez,linda.hernandez@example.com,2026-06-21,Sunday Morning
Carol Hernandez,carol.hernandez@example.com,2026-06-21,Sunday Morning
Katherine Hill,katherine.hill@example.com,2026-06-21,Sunday Morning
Linda Jackson,,2026-06-21,Sunday Morning
Joseph Johnson,,2026-06-21,Sunday Morning
Jacob Johnson,jacob.johnson@example.com,2026-06-21,Sunday Morning
Angela Johnson,angela.johnson@example.com,2026-06-21,Sunday Morning
Laura Jones,laura.jones@example.com,2026-06-21,Sunday Morning
Betty Jones,betty.jones@example.com,2026-06-21,Sunday Morning
Jacob Jones,,2026-06-21,Sunday Morning
Linda Jones,linda.jones@example.com,2026-06-21,Sunday Morning
Jennifer Kim,jennifer.kim@example.com,2026-06-21,Sunday Morning
Richard Kim,richard.kim@example.com,2026-06-21,Sunday Morning
Jacob Kim,jacob.kim@example.com,2026-06-21,Sunday Morning
Gary King,gary.king@example.com,2026-06-21,Sunday Morning
Katherine King,katherine.king@example.com,2026-06-21,Sunday Morning
Timothy Kowalski,timothy.kowalski@example.com,2026-06-21,Sunday Morning
William Lee,william.lee@example.com,2026-06-21,Sunday Morning
Charles Lewis,charles.lewis@example.com,2026-06-21,Sunday Morning
Jeffrey Lewis,jeffrey.lewis@example.com,2026-06-21,Sunday Morning
Jacob Lewis,,2026-06-21,Sunday Morning
Laura Lopez,laura.lopez@example.com,2026-06-21,Sunday Morning
Elizabeth Lopez,elizabeth.lopez@example.com,2026-06-21,Sunday Morning
Justin Martinez,justin.martinez@example.com,2026-06-21,Sunday Morning
Michelle Miller,michelle.miller@example.com,2026-06-21,Sunday Morning
Laura Miller,laura.miller@example.com,2026-06-21,Sunday Morning
Deborah Miller,deborah.miller@example.com,2026-06-21,Sunday Morning
Kevin Miller,kevin.miller@example.com,2026-06-21,Sunday Morning
Barbara Mitchell,barbara.mitchell@example.com,2026-06-21,Sunday Morning
Kevin Moore,kevin.moore@example.com,2026-06-21,Sunday Morning
Mary Nelson,mary.nelson@example.com,2026-06-21,Sunday Morning
Michelle Nelson,michelle.nelson@example.com,2026-06-21,Sunday Morning
Jason Nelson,jason.nelson@example.com,2026-06-21,Sunday Morning
James Nelson,,2026-06-21,Sunday Morning
Barbara Nguyen,,2026-06-21,Sunday Morning
Lisa O'Brien,lisa.obrien@example.com,2026-06-21,Sunday Morning
John Okafor,,2026-06-21,Sunday Morning
Karen Okafor,,2026-06-21,Sunday Morning
Lisa Okafor,lisa.okafor@example.com,2026-06-21,Sunday Morning
Mark Perez,mark.perez@example.com,2026-06-21,Sunday Morning
Ruth Perez,ruth.perez@example.com,2026-06-21,Sunday Morning
Joshua Petrov,joshua.petrov@example.com,2026-06-21,Sunday Morning
Jason Petrov,jason.petrov@example.com,2026-06-21,Sunday Morning
Anthony Petrov,anthony.petrov@example.com,2026-06-21,Sunday Morning
Richard Petrov,richard.petrov@example.com,2026-06-21,Sunday Morning
Katherine Ramirez,katherine.ramirez@example.com,2026-06-21,Sunday Morning
Rebecca Ramirez,rebecca.ramirez@example.com,2026-06-21,Sunday Morning
Pamela Ramirez,pamela.ramirez@example.com,2026-06-21,Sunday Morning
Jonathan Roberts,jonathan.roberts@example.com,2026-06-21,Sunday Morning
Brenda Roberts,brenda.roberts@example.com,2026-06-21,Sunday Morning
Carol Roberts,carol.roberts@example.com,2026-06-21,Sunday Morning
John Robinson,john.robinson@example.com,2026-06-21,Sunday Morning
Donald Rodriguez,donald.rodriguez@example.com,2026-06-21,Sunday Morning
Ashley Rodriguez,ashley.rodriguez@example.com,2026-06-21,Sunday Morning
Daniel Rodriguez,daniel.rodriguez@example.com,2026-06-21,Sunday Morning
Emily Rodriguez,,2026-06-21,Sunday Morning
Kimberly Sanchez,kimberly.sanchez@example.com,2026-06-21,Sunday Morning
Matthew Sanchez,,2026-06-21,Sunday Morning
Shirley Sanchez,,2026-06-21,Sunday Morning
Jeffrey Scott,,2026-06-21,Sunday Morning
Anna Scott,anna.scott@example.com,2026-06-21,Sunday Morning
Stephen Smith,stephen.smith@example.com,2026-06-21,Sunday Morning
Ruth Taylor,ruth.taylor@example.com,2026-06-21,Sunday Morning
Edward Walker,edward.walker@example.com,2026-06-21,Sunday Morning
Ruth Williams,,2026-06-21,Sunday Morning
Brandon Williams,brandon.williams@example.com,2026-06-21,Sunday Morning
Andrew Wilson,andrew.wilson@example.com,2026-06-21,Sunday Morning
Cynthia Wilson,cynthia.wilson@example.com,2026-06-21,Sunday Morning
Deborah Wright,deborah.wright@example.com,2026-06-21,Sunday Morning
Brian Yamamoto,brian.yamamoto@example.com,2026-06-21,Sunday Morning
Lisa Young,lisa.young@example.com,2026-06-21,Sunday Morning
George Anderson,,2026-06-24,Wednesday Night
Michael Baker,michael.baker@example.com,2026-06-24,Wednesday Night
Ryan Clark,ryan.clark@example.com,2026-06-24,Wednesday Night
Rebecca Clark,rebecca.clark@example.com,2026-06-24,Wednesday Night
Thomas Flores,thomas.flores@example.com,2026-06-24,Wednesday Night
Katherine Hill,katherine.hill@example.com,2026-06-24,Wednesday Night
Gary King,gary.king@example.com,2026-06-24,Wednesday Night
Charles Lewis,charles.lewis@example.com,2026-06-24,Wednesday Night
Jacob Lewis,,2026-06-24,Wednesday Night
Thomas Nelson,thomas.nelson@example.com,2026-06-24,Wednesday Night
Kimberly Sanchez,kimberly.sanchez@example.com,2026-06-24,Wednesday Night
Elizabeth Sanchez,elizabeth.sanchez@example.com,2026-06-24,Wednesday Night
Cynthia Silva,cynthia.silva@example.com,2026-06-24,Wednesday Night
Justin Taylor,justin.taylor@example.com,2026-06-24,Wednesday Night
Melissa Thomas,melissa.thomas@example.com,2026-06-24,Wednesday Night
Margaret Adams,margaret.adams@example.com,2026-06-28,Sunday Evening
Michael Baker,michael.baker@example.com,2026-06-28,Sunday Evening
Katherine Baker,,2026-06-28,Sunday Evening
Amy Davis,,2026-06-28,Sunday Evening
Thomas Flores,thomas.flores@example.com,2026-06-28,Sunday Evening
Jason Garcia,jason.garcia@example.com,2026-06-28,Sunday Evening
Mark Gonzalez,mark.gonzalez@example.com,2026-06-28,Sunday Evening
Carol Hill,carol.hill@example.com,2026-06-28,Sunday Evening
Angela Johnson,angela.johnson@example.com,2026-06-28,Sunday Evening
Jennifer Lee,jennifer.lee@example.com,2026-06-28,Sunday Evening
Nicole Lee,,2026-06-28,Sunday Evening
Laura Miller,laura.miller@example.com,2026-06-28,Sunday Evening
Ronald Moore,ronald.moore@example.com,2026-06-28,Sunday Evening
Barbara Nelson,barbara.nelson@example.com,2026-06-28,Sunday Evening
Carol Roberts,carol.roberts@example.com,2026-06-28,Sunday Evening
Jessica Robinson,jessica.robinson@example.com,2026-06-28,Sunday Evening
Anna Scott,anna.scott@example.com,2026-06-28,Sunday Evening
Justin Taylor,justin.taylor@example.com,2026-06-28,Sunday Evening
Susan Thomas,susan.thomas@example.com,2026-06-28,Sunday Evening
Ruth Williams,,2026-06-28,Sunday Evening
Andrew Wilson,andrew.wilson@example.com,2026-06-28,Sunday Evening
Ronald Yamamoto,ronald.yamamoto@example.com,2026-06-28,Sunday Evening
Margaret Adams,margaret.adams@example.com,2026-06-28,Sunday Morning
Katherine Allen,katherine.allen@example.com,2026-06-28,Sunday Morning
Edward Allen,edward.allen@example.com,2026-06-28,Sunday Morning
Laura Allen,laura.allen@example.com,2026-06-28,Sunday Morning
Anthony Baker,anthony.baker@example.com,2026-06-28,Sunday Morning
Elizabeth Baker,elizabeth.baker@example.com,2026-06-28,Sunday Morning
Paul Baker,paul.baker@example.com,2026-06-28,Sunday Morning
Katherine Baker,,2026-06-28,Sunday Morning
Nicole Brown,nicole.brown@example.com,2026-06-28,Sunday Morning
James Campbell,james.campbell@example.com,2026-06-28,Sunday Morning
Stephen Campbell,stephen.campbell@example.com,2026-06-28,Sunday Morning
Amanda Carter,amanda.carter@example.com,2026-06-28,Sunday Morning
Jeffrey Carter,jeffrey.carter@example.com,2026-06-28,Sunday Morning
Kevin Chen,kevin.chen@example.com,2026-06-28,Sunday Morning
Daniel Chen,,2026-06-28,Sunday Morning
Nancy Clark,nancy.clark@example.com,2026-06-28,Sunday Morning
Ryan Clark,ryan.clark@example.com,2026-06-28,Sunday Morning
Jonathan Davis,jonathan.davis@example.com,2026-06-28,Sunday Morning
Amy Davis,,2026-06-28,Sunday Morning
Jason Davis,,2026-06-28,Sunday Morning
Amanda Diaz,amanda.diaz@example.com,2026-06-28,Sunday Morning
Matthew Flores,matthew.flores@example.com,2026-06-28,Sunday Morning
Jason Garcia,jason.garcia@example.com,2026-06-28,Sunday Morning
Patricia Garcia,patricia.garcia@example.com,2026-06-28,Sunday Morning
Pamela Gonzalez,pamela.gonzalez@example.com,2026-06-28,Sunday Morning
Mark Gonzalez,mark.gonzalez@example.com,2026-06-28,Sunday Morning
Laura Green,laura.green@example.com,2026-06-28,Sunday Morning
Charles Hall,charles.hall@example.com,2026-06-28,Sunday Morning
Andrew Hall,andrew.hall@example.com,2026-06-28,Sunday Morning
Kathleen Hall,kathleen.hall@example.com,2026-06-28,Sunday Morning
Jonathan Harris,jonathan.harris@example.com,2026-06-28,Sunday Morning
Linda Hernandez,linda.hernandez@example.com,2026-06-28,Sunday Morning
Lisa Hernandez,lisa.hernandez@example.com,2026-06-28,Sunday Morning
Carol Hernandez,carol.hernandez@example.com,2026-06-28,Sunday Morning
James Hill,,2026-06-28,Sunday Morning
Elizabeth Jackson,elizabeth.jackson@example.com,2026-06-28,Sunday Morning
Joseph Johnson,,2026-06-28,Sunday Morning
Amanda Johnson,amanda.johnson@example.com,2026-06-28,Sunday Morning
Timothy Johnson,timothy.johnson@example.com,2026-06-28,Sunday Morning
Gary Johnson,gary.johnson@example.com,2026-06-28,Sunday Morning
Andrew Johnson,andrew.johnson@example.com,2026-06-28,Sunday Morning
Laura Jones,laura.jones@example.com,2026-06-28,Sunday Morning
Paul Jones,paul.jones@example.com,2026-06-28,Sunday Morning
Linda Jones,linda.jones@example.com,2026-06-28,Sunday Morning
Richard Kim,richard.kim@example.com,2026-06-28,Sunday Morning
Jacob Kim,jacob.kim@example.com,2026-06-28,Sunday Morning
James King,james.king@example.com,2026-06-28,Sunday Morning
Richard King,,2026-06-28,Sunday Morning
Gary King,gary.king@example.com,2026-06-28,Sunday Morning
Andrew Kowalski,andrew.kowalski@example.com,2026-06-28,Sunday Morning
Timothy Kowalski,timothy.kowalski@example.com,2026-06-28,Sunday Morning
Nicole Lee,,2026-06-28,Sunday Morning
Samantha Lee,,2026-06-28,Sunday Morning
Charles Lewis,charles.lewis@example.com,2026-06-28,Sunday Morning
Jeffrey Lewis,jeffrey.lewis@example.com,2026-06-28,Sunday Morning
Elizabeth Lopez,elizabeth.lopez@example.com,2026-06-28,Sunday Morning
Michelle Lopez,michelle.lopez@example.com,2026-06-28,Sunday Morning
Amanda Lopez,amanda.lopez@example.com,2026-06-28,Sunday Morning
Michelle Miller,michelle.miller@example.com,2026-06-28,Sunday Morning
Deborah Miller,deborah.miller@example.com,2026-06-28,Sunday Morning
Melissa Miller,melissa.miller@example.com,2026-06-28,Sunday Morning
Ashley Mitchell,ashley.mitchell@example.com,2026-06-28,Sunday Morning
Jason Mitchell,jason.mitchell@example.com,2026-06-28,Sunday Morning
Patricia Mitchell,patricia.mitchell@example.com,2026-06-28,Sunday Morning
Edward Moore,edward.moore@example.com,2026-06-28,Sunday Morning
Thomas Moore,thomas.moore@example.com,2026-06-28,Sunday Morning
Rebecca Nelson,rebecca.nelson@example.com,2026-06-28,Sunday Morning
Emily Nelson,,2026-06-28,Sunday Morning
Jason Nelson,jason.nelson@example.com,2026-06-28,Sunday Morning
Barbara Nelson,barbara.nelson@example.com,2026-06-28,Sunday Morning
Thomas Nelson,thomas.nelson@example.com,2026-06-28,Sunday Morning
Sarah O'Brien,sarah.obrien@example.com,2026-06-28,Sunday Morning
Lisa O'Brien,lisa.obrien@example.com,2026-06-28,Sunday Morning
John Okafor,,2026-06-28,Sunday Morning
Mark Okafor,,2026-06-28,Sunday Morning
Lisa Okafor,lisa.okafor@example.com,2026-06-28,Sunday Morning
Karen Perez,,2026-06-28,Sunday Morning
Joshua Petrov,joshua.petrov@example.com,2026-06-28,Sunday Morning
Jason Petrov,jason.petrov@example.com,2026-06-28,Sunday Morning
Anthony Petrov,anthony.petrov@example.com,2026-06-28,Sunday Morning
Ashley Ramirez,,2026-06-28,Sunday Morning
Jonathan Roberts,jonathan.roberts@example.com,2026-06-28,Sunday Morning
Emily Roberts,emily.roberts@example.com,2026-06-28,Sunday Morning
Brenda Roberts,brenda.roberts@example.com,2026-06-28,Sunday Morning
Timothy Roberts,,2026-06-28,Sunday Morning
Mary Robinson,mary.robinson@example.com,2026-06-28,Sunday Morning
John Robinson,john.robinson@example.com,2026-06-28,Sunday Morning
Jessica Robinson,jessica.robinson@example.com,2026-06-28,Sunday Morning
Jason Rodriguez,jason.rodriguez@example.com,2026-06-28,Sunday Morning
Jonathan Rodriguez,jonathan.rodriguez@example.com,2026-06-28,Sunday Morning
Emily Rodriguez,,2026-06-28,Sunday Morning
Kimberly Sanchez,kimberly.sanchez@example.com,2026-06-28,Sunday Morning
Shirley Sanchez,,2026-06-28,Sunday Morning
Anna Scott,anna.scott@example.com,2026-06-28,Sunday Morning
Thomas Scott,thomas.scott@example.com,2026-06-28,Sunday Morning
Stephen Smith,stephen.smith@example.com,2026-06-28,Sunday Morning
Nicholas Taylor,nicholas.taylor@example.com,2026-06-28,Sunday Morning
Justin Taylor,justin.taylor@example.com,2026-06-28,Sunday Morning
Margaret Taylor,margaret.taylor@example.com,2026-06-28,Sunday Morning
Ruth Taylor,ruth.taylor@example.com,2026-06-28,Sunday Morning
Jacob Taylor,jacob.taylor@example.com,2026-06-28,Sunday Morning
Cynthia Thomas,cynthia.thomas@example.com,2026-06-28,Sunday Morning
Susan Thomas,susan.thomas@example.com,2026-06-28,Sunday Morning
Melissa Thomas,melissa.thomas@example.com,2026-06-28,Sunday Morning
Justin Torres,justin.torres@example.com,2026-06-28,Sunday Morning
Elizabeth Torres,elizabeth.torres@example.com,2026-06-28,Sunday Morning
Ruth Williams,,2026-06-28,Sunday Morning
Pamela Williams,pamela.williams@example.com,2026-06-28,Sunday Morning
Emily Williams,emily.williams@example.com,2026-06-28,Sunday Morning
Matthew Wilson,matthew.wilson@example.com,2026-06-28,Sunday Morning
Andrew Wilson,andrew.wilson@example.com,2026-06-28,Sunday Morning
Brian Yamamoto,brian.yamamoto@example.com,2026-06-28,Sunday Morning
Karen Young,karen.young@example.com,2026-06-28,Sunday Morning
Michael Baker,michael.baker@example.com,2026-07-01,Wednesday Night
Sharon Green,,2026-07-01,Wednesday Night
Deborah Hernandez,deborah.hernandez@example.com,2026-07-01,Wednesday Night
Charles Lewis,charles.lewis@example.com,2026-07-01,Wednesday Night
Laura Miller,laura.miller@example.com,2026-07-01,Wednesday Night
Jason Mitchell,jason.mitchell@example.com,2026-07-01,Wednesday Night
Edward Moore,edward.moore@example.com,2026-07-01,Wednesday Night
Rebecca Nelson,rebecca.nelson@example.com,2026-07-01,Wednesday Night
Emily Nelson,,2026-07-01,Wednesday Night
Michelle Nelson,michelle.nelson@example.com,2026-07-01,Wednesday Night
Ashley Ramirez,,2026-07-01,Wednesday Night
Emily Roberts,emily.roberts@example.com,2026-07-01,Wednesday Night
Jessica Robinson,jessica.robinson@example.com,2026-07-01,Wednesday Night
Emily Rodriguez,,2026-07-01,Wednesday Night
Cynthia Silva,cynthia.silva@example.com,2026-07-01,Wednesday Night
Justin Taylor,justin.taylor@example.com,2026-07-01,Wednesday Night
Pamela Williams,pamela.williams@example.com,2026-07-01,Wednesday Night
Brian Yamamoto,brian.yamamoto@example.com,2026-07-01,Wednesday Night