donor_full_name,donor_email,amount,date,fund_name,payment_method
Barbara Harris,barbara.harris@example.com,250.00,2025-01-05,General Fund,check
Jonathan Davis,jonathan.davis@example.com,50.00,2025-01-05,General Fund,check
Pamela Gonzalez,pamela.gonzalez@example.com,60.00,2025-01-05,Building Fund,online
Richard Harris,richard.harris@example.com,40.00,2025-01-05,General Fund,online
Ashley Mitchell,ashley.mitchell@example.com,300.00,2025-01-05,General Fund,online
Jonathan Roberts,jonathan.roberts@example.com,10.00,2025-01-05,General Fund,online
Sarah Ramirez,sarah.ramirez@example.com,200.00,2025-01-05,General Fund,online
Brenda Nelson,brenda.nelson@example.com,60.00,2025-01-05,General Fund,online
Linda Mitchell,linda.mitchell@example.com,250.00,2025-01-05,General Fund,online
Charles Brown,charles.brown@example.com,20.00,2025-01-05,Missions Fund,cash
Justin Torres,justin.torres@example.com,75.00,2025-01-05,General Fund,online
Charles Lewis,charles.lewis@example.com,2000.00,2025-01-05,Youth Ministry,online
Jason Petrov,jason.petrov@example.com,150.00,2025-01-05,General Fund,online
Jeffrey Scott,,40.00,2025-01-05,General Fund,online
Ruth Williams,,20.00,2025-01-05,General Fund,online
Katherine Allen,katherine.allen@example.com,200.00,2025-01-05,Youth Ministry,online
Laura Jones,laura.jones@example.com,40.00,2025-01-05,Building Fund,cash
Paul Allen,paul.allen@example.com,50.00,2025-01-05,General Fund,online
Ryan Clark,ryan.clark@example.com,200.00,2025-01-05,General Fund,online
Jason Rodriguez,jason.rodriguez@example.com,20.00,2025-01-05,Building Fund,online
Jacob Johnson,jacob.johnson@example.com,60.00,2025-01-05,General Fund,other
Donald Rodriguez,donald.rodriguez@example.com,20.00,2025-01-05,Building Fund,check
Cynthia Thomas,cynthia.thomas@example.com,20.00,2025-01-05,General Fund,online
Donald Hall,donald.hall@example.com,500.00,2025-01-05,General Fund,online
Mark Sanchez,mark.sanchez@example.com,150.00,2025-01-05,General Fund,online
Amy Davis,,100.00,2025-01-05,Building Fund,check
Katherine Hill,katherine.hill@example.com,750.00,2025-01-05,General Fund,online
Kathleen Hall,kathleen.hall@example.com,40.00,2025-01-05,Benevolence,online
Sandra Baker,,80.00,2025-01-05,General Fund,check
Susan Yamamoto,susan.yamamoto@example.com,60.00,2025-01-05,General Fund,check
John Robinson,john.robinson@example.com,300.00,2025-01-05,General Fund,cash
James Nelson,,30.00,2025-01-05,General Fund,online
Jeffrey Carter,jeffrey.carter@example.com,50.00,2025-01-05,Building Fund,online
Jessica Adams,jessica.adams@example.com,200.00,2025-01-05,General Fund,check
Amy Walker,,20.00,2025-01-05,General Fund,check
Sarah O'Brien,sarah.obrien@example.com,300.00,2025-01-05,General Fund,online
Karen Lewis,karen.lewis@example.com,75.00,2025-01-05,Building Fund,check
Jennifer Lee,jennifer.lee@example.com,100.00,2025-01-05,General Fund,online
Karen Young,karen.young@example.com,25.00,2025-01-05,Building Fund,online
Justin Martinez,justin.martinez@example.com,15.00,2025-01-05,General Fund,online
Paul Baker,paul.baker@example.com,10.00,2025-01-05,General Fund,cash
Jason Hall,jason.hall@example.com,10.00,2025-01-05,Youth Ministry,check
Ronald Moore,ronald.moore@example.com,300.00,2025-01-05,General Fund,online
Matthew Flores,matthew.flores@example.com,40.00,2025-01-05,General Fund,online
Barbara Silva,barbara.silva@example.com,120.00,2025-01-05,General Fund,online
Jessica Robinson,jessica.robinson@example.com,750.00,2025-01-05,General Fund,other
Deborah Miller,deborah.miller@example.com,60.00,2025-01-05,General Fund,online
Nicole Mitchell,nicole.mitchell@example.com,15.00,2025-01-05,Youth Ministry,check
Deborah Wright,deborah.wright@example.com,150.00,2025-01-05,General Fund,online
Ruth Taylor,ruth.taylor@example.com,30.00,2025-01-05,Youth Ministry,cash
Brandon Williams,brandon.williams@example.com,150.00,2025-01-05,General Fund,check
Thomas Scott,thomas.scott@example.com,250.00,2025-01-05,General Fund,online
Michael Baker,michael.baker@example.com,120.00,2025-01-05,Building Fund,online
Andrew Wilson,andrew.wilson@example.com,50.00,2025-01-05,General Fund,online
Gary King,gary.king@example.com,50.00,2025-01-05,General Fund,check
Elizabeth Sanchez,elizabeth.sanchez@example.com,30.00,2025-01-05,Missions Fund,check
Mark Perez,mark.perez@example.com,60.00,2025-01-05,General Fund,cash
Elizabeth Lopez,elizabeth.lopez@example.com,300.00,2025-01-05,Youth Ministry,online
Jeffrey Lewis,jeffrey.lewis@example.com,300.00,2025-01-05,General Fund,online
Karen Perez,,40.00,2025-01-05,General Fund,cash
Ronald Rodriguez,,80.00,2025-01-05,General Fund,cash
Edward Allen,edward.allen@example.com,100.00,2025-01-05,General Fund,online
Jacob Lewis,,750.00,2025-01-05,General Fund,cash
Katherine King,katherine.king@example.com,80.00,2025-01-05,General Fund,online
Sharon Green,,15.00,2025-01-05,General Fund,online
Lisa Okafor,lisa.okafor@example.com,50.00,2025-01-05,Youth Ministry,check
William Lee,william.lee@example.com,60.00,2025-01-05,Missions Fund,check
Stephanie Torres,stephanie.torres@example.com,75.00,2025-01-05,Youth Ministry,online
Cynthia Wilson,cynthia.wilson@example.com,100.00,2025-01-05,General Fund,online
Brian Rivera,brian.rivera@example.com,75.00,2025-01-05,Building Fund,online
Daniel Chen,,80.00,2025-01-05,General Fund,online
Angela Johnson,angela.johnson@example.com,25.00,2025-01-05,General Fund,check
Anonymous,,15.00,2025-01-05,General Fund,cash
Matthew Sanchez,,75.00,2025-01-06,Benevolence,check
Jacob Chen,jacob.chen@example.com,30.00,2025-01-06,General Fund,online
Kevin Chen,kevin.chen@example.com,250.00,2025-01-06,General Fund,check
Margaret Adams,margaret.adams@example.com,300.00,2025-01-07,General Fund,online
Deborah Hernandez,deborah.hernandez@example.com,20.00,2025-01-07,General Fund,other
Jason Nelson,jason.nelson@example.com,25.00,2025-01-07,Missions Fund,online
Brian Campbell,,50.00,2025-01-07,Building Fund,cash
Amanda Diaz,amanda.diaz@example.com,75.00,2025-01-07,General Fund,cash
Emily Nelson,,200.00,2025-01-08,Missions Fund,check
Emily Roberts,emily.roberts@example.com,20.00,2025-01-08,Youth Ministry,online
Mary Torres,mary.torres@example.com,2000.00,2025-01-08,General Fund,online
Carol Hill,carol.hill@example.com,200.00,2025-01-08,General Fund,online
Brenda Roberts,brenda.roberts@example.com,80.00,2025-01-08,General Fund,online
Stephen Campbell,stephen.campbell@example.com,60.00,2025-01-09,General Fund,online
Ashley Ramirez,,200.00,2025-01-09,General Fund,check
Nicole Brown,nicole.brown@example.com,120.00,2025-01-09,General Fund,check
Robert Green,robert.green@example.com,300.00,2025-01-09,General Fund,cash
Linda Jones,linda.jones@example.com,80.00,2025-01-09,General Fund,online
Pamela Gonzalez,pamela.gonzalez@example.com,60.00,2025-01-12,Youth Ministry,check
Richard Harris,richard.harris@example.com,1500.00,2025-01-12,General Fund,online
John Okafor,,60.00,2025-01-12,Building Fund,online
Sarah Ramirez,sarah.ramirez@example.com,200.00,2025-01-12,Building Fund,check
Edward Baker,edward.baker@example.com,150.00,2025-01-12,General Fund,online
Ryan Clark,ryan.clark@example.com,200.00,2025-01-12,General Fund,cash
Kathleen Brown,kathleen.brown@example.com,200.00,2025-01-12,General Fund,online
Emily Roberts,emily.roberts@example.com,50.00,2025-01-12,General Fund,check
Donald Rodriguez,donald.rodriguez@example.com,75.00,2025-01-12,Benevolence,online
Betty Jones,betty.jones@example.com,200.00,2025-01-12,Building Fund,online
Jason Nelson,jason.nelson@example.com,25.00,2025-01-12,General Fund,cash
Mark Sanchez,mark.sanchez@example.com,150.00,2025-01-12,General Fund,check
Richard Petrov,richard.petrov@example.com,20.00,2025-01-12,General Fund,check
Mary Torres,mary.torres@example.com,50.00,2025-01-12,Benevolence,check
Jeffrey Carter,jeffrey.carter@example.com,50.00,2025-01-12,General Fund,online
Amy Walker,,20.00,2025-01-12,General Fund,check
Jennifer Lee,jennifer.lee@example.com,100.00,2025-01-12,General Fund,online
Linda Jackson,,200.00,2025-01-12,Building Fund,online
Justin Martinez,justin.martinez@example.com,40.00,2025-01-12,Missions Fund,online
Matthew Flores,matthew.flores@example.com,40.00,2025-01-12,Missions Fund,cash
Deborah Wright,deborah.wright@example.com,150.00,2025-01-12,General Fund,cash
Ruth Taylor,ruth.taylor@example.com,75.00,2025-01-12,General Fund,check
Brandon Williams,brandon.williams@example.com,150.00,2025-01-12,Youth Ministry,check
Stephen Campbell,stephen.campbell@example.com,80.00,2025-01-12,Missions Fund,check
Carol Roberts,carol.roberts@example.com,30.00,2025-01-12,General Fund,online
Ashley Ramirez,,40.00,2025-01-12,General Fund,online
Mark Perez,mark.perez@example.com,60.00,2025-01-12,General Fund,check
Brian Campbell,,50.00,2025-01-12,General Fund,online
Jeffrey Lewis,jeffrey.lewis@example.com,300.00,2025-01-12,General Fund,check
Ronald Rodriguez,,80.00,2025-01-12,Building Fund,cash
Thomas Nelson,thomas.nelson@example.com,30.00,2025-01-12,General Fund,online
Lisa Okafor,lisa.okafor@example.com,50.00,2025-01-12,Missions Fund,online
William Lee,william.lee@example.com,60.00,2025-01-12,General Fund,online
Linda Jones,linda.jones@example.com,80.00,2025-01-12,Missions Fund,online
Daniel Chen,,80.00,2025-01-12,General Fund,check
Angela Johnson,angela.johnson@example.com,250.00,2025-01-12,Building Fund,online
Timothy Kowalski,timothy.kowalski@example.com,30.00,2025-01-12,General Fund,online
Anonymous,,60.00,2025-01-12,General Fund,cash
Karen Young,karen.young@example.com,25.00,2025-01-13,Building Fund,check
Kevin Chen,kevin.chen@example.com,40.00,2025-01-13,Missions Fund,online
Brian Rivera,brian.rivera@example.com,75.00,2025-01-13,General Fund,check
Emily Nelson,,10.00,2025-01-14,General Fund,cash
Sandra Baker,,10.00,2025-01-14,General Fund,online
Ronald Yamamoto,ronald.yamamoto@example.com,20.00,2025-01-14,General Fund,check
Rebecca Clark,rebecca.clark@example.com,25.00,2025-01-14,General Fund,online
Kevin Miller,kevin.miller@example.com,200.00,2025-01-15,General Fund,cash
Deborah Miller,deborah.miller@example.com,60.00,2025-01-16,Building Fund,check
Edward Moore,edward.moore@example.com,75.00,2025-01-19,General Fund,online
John Okafor,,60.00,2025-01-19,Missions Fund,cash
Emily Nelson,,200.00,2025-01-19,Benevolence,check
Sarah Ramirez,sarah.ramirez@example.com,100.00,2025-01-19,General Fund,cash
Ryan Clark,ryan.clark@example.com,200.00,2025-01-19,Benevolence,check
Kathleen Brown,kathleen.brown@example.com,200.00,2025-01-19,Benevolence,check
Emily Roberts,emily.roberts@example.com,20.00,2025-01-19,General Fund,check
Jason Nelson,jason.nelson@example.com,25.00,2025-01-19,Missions Fund,online
Mark Sanchez,mark.sanchez@example.com,150.00,2025-01-19,General Fund,cash
Matthew Wilson,matthew.wilson@example.com,100.00,2025-01-19,Missions Fund,online
Richard Petrov,richard.petrov@example.com,150.00,2025-01-19,General Fund,check
Mary Torres,mary.torres@example.com,2000.00,2025-01-19,General Fund,check
Sandra Baker,,10.00,2025-01-19,Building Fund,check
James Nelson,,30.00,2025-01-19,Building Fund,online
Jeffrey Carter,jeffrey.carter@example.com,50.00,2025-01-19,General Fund,online
Karen Young,karen.young@example.com,60.00,2025-01-19,General Fund,online
Justin Martinez,justin.martinez@example.com,40.00,2025-01-19,Missions Fund,online
Ronald Moore,ronald.moore@example.com,300.00,2025-01-19,General Fund,online
Ronald Yamamoto,ronald.yamamoto@example.com,20.00,2025-01-19,General Fund,check
Carol Hill,carol.hill@example.com,200.00,2025-01-19,Building Fund,online
Stephen Campbell,stephen.campbell@example.com,80.00,2025-01-19,General Fund,check
Rebecca Clark,rebecca.clark@example.com,25.00,2025-01-19,Missions Fund,cash
Carol Roberts,carol.roberts@example.com,30.00,2025-01-19,General Fund,check
Elizabeth Sanchez,elizabeth.sanchez@example.com,30.00,2025-01-19,Missions Fund,online
Ashley Ramirez,,40.00,2025-01-19,Benevolence,cash
Mark Perez,mark.perez@example.com,60.00,2025-01-19,Building Fund,check
Brian Campbell,,50.00,2025-01-19,General Fund,online
Jeffrey Lewis,jeffrey.lewis@example.com,300.00,2025-01-19,General Fund,online
Thomas Nelson,thomas.nelson@example.com,30.00,2025-01-19,General Fund,online
Kevin Chen,kevin.chen@example.com,40.00,2025-01-19,General Fund,cash
Linda Jones,linda.jones@example.com,80.00,2025-01-19,General Fund,other
Brian Rivera,brian.rivera@example.com,80.00,2025-01-19,General Fund,check
Daniel Chen,,80.00,2025-01-19,General Fund,online
Timothy Johnson,timothy.johnson@example.com,150.00,2025-01-20,General Fund,online
Amy Walker,,20.00,2025-01-20,General Fund,online
Lisa Okafor,lisa.okafor@example.com,50.00,2025-01-20,General Fund,online
Pamela Gonzalez,pamela.gonzalez@example.com,60.00,2025-01-21,Missions Fund,check
Linda Jackson,,200.00,2025-01-21,Youth Ministry,online
Brandon Williams,brandon.williams@example.com,150.00,2025-01-21,General Fund,other
Paul Baker,paul.baker@example.com,10.00,2025-01-22,Building Fund,online
Deborah Wright,deborah.wright@example.com,150.00,2025-01-22,General Fund,other
Matthew Flores,matthew.flores@example.com,40.00,2025-01-23,General Fund,online
Edward Hill,edward.hill@example.com,25.00,2025-01-23,Building Fund,online
Pamela Gonzalez,pamela.gonzalez@example.com,60.00,2025-01-26,General Fund,online
Richard Harris,richard.harris@example.com,40.00,2025-01-26,General Fund,cash
John Okafor,,750.00,2025-01-26,General Fund,online
Emily Nelson,,200.00,2025-01-26,General Fund,other
James King,james.king@example.com,50.00,2025-01-26,General Fund,other
Ryan Clark,ryan.clark@example.com,200.00,2025-01-26,General Fund,online
Emily Roberts,emily.roberts@example.com,20.00,2025-01-26,General Fund,cash
Donald Rodriguez,donald.rodriguez@example.com,20.00,2025-01-26,Youth Ministry,online
Betty Jones,betty.jones@example.com,200.00,2025-01-26,General Fund,check
Jason Nelson,jason.nelson@example.com,25.00,2025-01-26,General Fund,online
Richard Petrov,richard.petrov@example.com,20.00,2025-01-26,Benevolence,online
Mary Torres,mary.torres@example.com,2000.00,2025-01-26,Missions Fund,online
Sandra Baker,,10.00,2025-01-26,Building Fund,cash
Amy Walker,,20.00,2025-01-26,Missions Fund,cash
Jennifer Lee,jennifer.lee@example.com,100.00,2025-01-26,General Fund,online
Laura Miller,laura.miller@example.com,100.00,2025-01-26,Benevolence,online
Linda Jackson,,200.00,2025-01-26,Youth Ministry,online
Jason Hall,jason.hall@example.com,10.00,2025-01-26,Benevolence,online
Matthew Flores,matthew.flores@example.com,40.00,2025-01-26,General Fund,cash
Ronald Yamamoto,ronald.yamamoto@example.com,20.00,2025-01-26,General Fund,online
Deborah Miller,deborah.miller@example.com,60.00,2025-01-26,General Fund,cash
Deborah Wright,deborah.wright@example.com,150.00,2025-01-26,Building Fund,online
Ruth Taylor,ruth.taylor@example.com,75.00,2025-01-26,Building Fund,check
Stephen Campbell,stephen.campbell@example.com,80.00,2025-01-26,General Fund,online
Elizabeth Sanchez,elizabeth.sanchez@example.com,30.00,2025-01-26,General Fund,check
Ashley Ramirez,,40.00,2025-01-26,General Fund,online
Mark Perez,mark.perez@example.com,60.00,2025-01-26,General Fund,check
Samantha Lee,,60.00,2025-01-26,Missions Fund,check
Kevin Chen,kevin.chen@example.com,750.00,2025-01-26,Building Fund,online
Lisa Okafor,lisa.okafor@example.com,50.00,2025-01-26,General Fund,check
William Lee,william.lee@example.com,250.00,2025-01-26,Building Fund,check
Linda Jones,linda.jones@example.com,75.00,2025-01-26,Benevolence,cash
Katherine Baker,,120.00,2025-01-26,General Fund,online
Brian Rivera,brian.rivera@example.com,75.00,2025-01-26,General Fund,cash
Daniel Chen,,60.00,2025-01-26,General Fund,check
Angela Johnson,angela.johnson@example.com,25.00,2025-01-26,General Fund,online
Emily Rodriguez,,200.00,2025-01-26,Building Fund,cash
Anonymous,,100.00,2025-01-26,Youth Ministry,cash
Anonymous,,40.00,2025-01-26,Building Fund,cash
Anonymous,,50.00,2025-01-26,Building Fund,cash
Kathleen Brown,kathleen.brown@example.com,200.00,2025-01-27,Missions Fund,cash
James Nelson,,30.00,2025-01-27,Missions Fund,check
Jeffrey Lewis,jeffrey.lewis@example.com,300.00,2025-01-28,Benevolence,cash
Ronald Rodriguez,,80.00,2025-01-28,General Fund,online
Jeffrey Carter,jeffrey.carter@example.com,100.00,2025-01-29,General Fund,other
Rebecca Clark,rebecca.clark@example.com,25.00,2025-01-29,Youth Ministry,online
Carol Roberts,carol.roberts@example.com,75.00,2025-01-29,General Fund,online
Sarah O'Brien,sarah.obrien@example.com,75.00,2025-01-30,General Fund,online
Paul Baker,paul.baker@example.com,10.00,2025-01-30,Missions Fund,online
Joseph Johnson,,60.00,2025-02-02,General Fund,online
Barbara Harris,barbara.harris@example.com,250.00,2025-02-02,Missions Fund,check
Jonathan Davis,jonathan.davis@example.com,50.00,2025-02-02,Missions Fund,online
Pamela Gonzalez,pamela.gonzalez@example.com,60.00,2025-02-02,Building Fund,check
Richard Harris,richard.harris@example.com,40.00,2025-02-02,General Fund,online
Andrew Hall,andrew.hall@example.com,60.00,2025-02-02,General Fund,online
John Okafor,,60.00,2025-02-02,General Fund,online
Margaret Adams,margaret.adams@example.com,50.00,2025-02-02,General Fund,online
Ashley Mitchell,ashley.mitchell@example.com,300.00,2025-02-02,Youth Ministry,online
Scott Robinson,scott.robinson@example.com,80.00,2025-02-02,Building Fund,online
Jonathan Roberts,jonathan.roberts@example.com,10.00,2025-02-02,General Fund,cash
Emily Nelson,,100.00,2025-02-02,Building Fund,check
Sarah Ramirez,sarah.ramirez@example.com,10.00,2025-02-02,General Fund,online
Linda Mitchell,linda.mitchell@example.com,250.00,2025-02-02,General Fund,check
Rebecca Davis,rebecca.davis@example.com,120.00,2025-02-02,General Fund,online
Justin Torres,justin.torres@example.com,75.00,2025-02-02,General Fund,check
Charles Lewis,charles.lewis@example.com,2000.00,2025-02-02,Building Fund,online
Jason Petrov,jason.petrov@example.com,150.00,2025-02-02,General Fund,online
Jeffrey Scott,,40.00,2025-02-02,General Fund,other
Ruth Williams,,20.00,2025-02-02,General Fund,online
Matthew Sanchez,,75.00,2025-02-02,General Fund,check
Shirley Sanchez,,25.00,2025-02-02,General Fund,check
Katherine Allen,katherine.allen@example.com,200.00,2025-02-02,General Fund,online
Laura Jones,laura.jones@example.com,40.00,2025-02-02,General Fund,check
Ryan Clark,ryan.clark@example.com,200.00,2025-02-02,Youth Ministry,check
Kathleen Brown,kathleen.brown@example.com,200.00,2025-02-02,General Fund,online
Emily Roberts,emily.roberts@example.com,60.00,2025-02-02,General Fund,online
Jason Rodriguez,jason.rodriguez@example.com,20.00,2025-02-02,General Fund,online
Jacob Johnson,jacob.johnson@example.com,30.00,2025-02-02,General Fund,check
Deborah Hernandez,deborah.hernandez@example.com,200.00,2025-02-02,General Fund,cash
Betty Jones,betty.jones@example.com,200.00,2025-02-02,General Fund,online
Donald Hall,donald.hall@example.com,500.00,2025-02-02,General Fund,check
Mark Sanchez,mark.sanchez@example.com,120.00,2025-02-02,General Fund,check
Jessica Campbell,jessica.campbell@example.com,1500.00,2025-02-02,Missions Fund,check
Matthew Wilson,matthew.wilson@example.com,2000.00,2025-02-02,General Fund,cash
Mary Torres,mary.torres@example.com,2000.00,2025-02-02,Building Fund,check
Amy Davis,,250.00,2025-02-02,Building Fund,online
Kathleen Hall,kathleen.hall@example.com,40.00,2025-02-02,General Fund,online
Pamela Williams,pamela.williams@example.com,1000.00,2025-02-02,Youth Ministry,cash
James Nelson,,30.00,2025-02-02,General Fund,other
Jessica Adams,jessica.adams@example.com,100.00,2025-02-02,General Fund,other
Sarah O'Brien,sarah.obrien@example.com,75.00,2025-02-02,General Fund,check
Andrew Kowalski,andrew.kowalski@example.com,20.00,2025-02-02,Building Fund,online
Karen Lewis,karen.lewis@example.com,75.00,2025-02-02,General Fund,cash
Jennifer Lee,jennifer.lee@example.com,100.00,2025-02-02,General Fund,online
Karen Young,karen.young@example.com,60.00,2025-02-02,General Fund,check
Jacob Chen,jacob.chen@example.com,30.00,2025-02-02,General Fund,online
Linda Jackson,,200.00,2025-02-02,Youth Ministry,online
Paul Baker,paul.baker@example.com,10.00,2025-02-02,General Fund,online
Jason Hall,jason.hall@example.com,30.00,2025-02-02,Youth Ministry,online
Ronald Moore,ronald.moore@example.com,250.00,2025-02-02,General Fund,check
Deborah Wright,deborah.wright@example.com,150.00,2025-02-02,Building Fund,check
Ruth Taylor,ruth.taylor@example.com,750.00,2025-02-02,General Fund,cash
Carol Hill,carol.hill@example.com,200.00,2025-02-02,Missions Fund,other
Edward Hill,edward.hill@example.com,25.00,2025-02-02,General Fund,online
Stephen Campbell,stephen.campbell@example.com,500.00,2025-02-02,General Fund,check
Rebecca Clark,rebecca.clark@example.com,25.00,2025-02-02,Missions Fund,other
Brenda Roberts,brenda.roberts@example.com,80.00,2025-02-02,General Fund,online
Andrew Wilson,andrew.wilson@example.com,50.00,2025-02-02,General Fund,online
Ashley Ramirez,,40.00,2025-02-02,General Fund,check
Brian Campbell,,100.00,2025-02-02,General Fund,online
Nicole Brown,nicole.brown@example.com,30.00,2025-02-02,General Fund,online
Ronald Rodriguez,,80.00,2025-02-02,General Fund,check
Thomas Nelson,thomas.nelson@example.com,150.00,2025-02-02,Youth Ministry,check
Samantha Okafor,,30.00,2025-02-02,General Fund,online
Jacob Lewis,,750.00,2025-02-02,General Fund,online
Katherine King,katherine.king@example.com,25.00,2025-02-02,Building Fund,check
Sharon Green,,15.00,2025-02-02,Building Fund,online
Robert Green,robert.green@example.com,300.00,2025-02-02,Youth Ministry,cash
Lisa Okafor,lisa.okafor@example.com,50.00,2025-02-02,Missions Fund,online
William Lee,william.lee@example.com,20.00,2025-02-02,Building Fund,cash
Stephanie Torres,stephanie.torres@example.com,75.00,2025-02-02,General Fund,cash
Cynthia Wilson,cynthia.wilson@example.com,100.00,2025-02-02,Building Fund,online
Daniel Chen,,2000.00,2025-02-02,General Fund,online
Angela Johnson,angela.johnson@example.com,25.00,2025-02-02,General Fund,online
Timothy Kowalski,timothy.kowalski@example.com,30.00,2025-02-02,General Fund,other
Katherine Hill,katherine.hill@example.com,750.00,2025-02-03,General Fund,online
Matthew Flores,matthew.flores@example.com,40.00,2025-02-03,General Fund,check
Brandon Williams,brandon.williams@example.com,75.00,2025-02-03,Youth Ministry,online
Carol Roberts,carol.roberts@example.com,60.00,2025-02-03,General Fund,online
Michael Baker,michael.baker@example.com,20.00,2025-02-03,Youth Ministry,online
Emily Rodriguez,,200.00,2025-02-03,General Fund,online
Jason Nelson,jason.nelson@example.com,25.00,2025-02-04,Benevolence,online
Sandra Baker,,10.00,2025-02-04,Youth Ministry,check
Jeffrey Carter,jeffrey.carter@example.com,50.00,2025-02-04,General Fund,check
Deborah Miller,deborah.miller@example.com,60.00,2025-02-04,General Fund,online
Mark Perez,mark.perez@example.com,60.00,2025-02-04,Youth Ministry,check
Gary Johnson,gary.johnson@example.com,100.00,2025-02-05,Missions Fund,online
Jeffrey Lewis,jeffrey.lewis@example.com,300.00,2025-02-05,Benevolence,online
Amanda Diaz,amanda.diaz@example.com,75.00,2025-02-05,Building Fund,check
Paul Allen,paul.allen@example.com,50.00,2025-02-06,Missions Fund,check
Donald Rodriguez,donald.rodriguez@example.com,20.00,2025-02-06,General Fund,online
Timothy Lewis,,15.00,2025-02-06,General Fund,check
Laura Miller,laura.miller@example.com,20.00,2025-02-06,Youth Ministry,online
Barbara Silva,barbara.silva@example.com,120.00,2025-02-06,Building Fund,online
Karen Perez,,40.00,2025-02-06,General Fund,check
Pamela Gonzalez,pamela.gonzalez@example.com,60.00,2025-02-09,General Fund,check
John Okafor,,60.00,2025-02-09,Missions Fund,online
Amanda Johnson,amanda.johnson@example.com,100.00,2025-02-09,Missions Fund,online
Emily Nelson,,200.00,2025-02-09,Building Fund,cash
Sarah Ramirez,sarah.ramirez@example.com,200.00,2025-02-09,Youth Ministry,online
Charles Brown,charles.brown@example.com,30.00,2025-02-09,Benevolence,online
Ryan Clark,ryan.clark@example.com,200.00,2025-02-09,Building Fund,other
Kathleen Brown,kathleen.brown@example.com,200.00,2025-02-09,General Fund,online
Betty Jones,betty.jones@example.com,80.00,2025-02-09,General Fund,online
Mark Sanchez,mark.sanchez@example.com,150.00,2025-02-09,General Fund,check
Matthew Wilson,matthew.wilson@example.com,100.00,2025-02-09,Building Fund,check
James Nelson,,30.00,2025-02-09,Missions Fund,online
Karen Young,karen.young@example.com,60.00,2025-02-09,General Fund,check
Lisa Hernandez,lisa.hernandez@example.com,60.00,2025-02-09,General Fund,online
Paul Baker,paul.baker@example.com,10.00,2025-02-09,General Fund,online
Jason Hall,jason.hall@example.com,10.00,2025-02-09,Missions Fund,online
Ronald Moore,ronald.moore@example.com,300.00,2025-02-09,Building Fund,online
Matthew Flores,matthew.flores@example.com,40.00,2025-02-09,Building Fund,online
Deborah Miller,deborah.miller@example.com,60.00,2025-02-09,Benevolence,online
Deborah Wright,deborah.wright@example.com,150.00,2025-02-09,General Fund,online
Ruth Taylor,ruth.taylor@example.com,75.00,2025-02-09,General Fund,check
Edward Hill,edward.hill@example.com,100.00,2025-02-09,Building Fund,check
Stephen Campbell,stephen.campbell@example.com,80.00,2025-02-09,General Fund,cash
Rebecca Clark,rebecca.clark@example.com,25.00,2025-02-09,General Fund,cash
Carol Roberts,carol.roberts@example.com,30.00,2025-02-09,General Fund,online
Daniel Rodriguez,daniel.rodriguez@example.com,50.00,2025-02-09,General Fund,online
Ashley Ramirez,,40.00,2025-02-09,Youth Ministry,check
Mark Perez,mark.perez@example.com,60.00,2025-02-09,General Fund,online
Brian Campbell,,50.00,2025-02-09,Benevolence,online
Jeffrey Lewis,jeffrey.lewis@example.com,300.00,2025-02-09,General Fund,check
Ronald Rodriguez,,80.00,2025-02-09,General Fund,online
Thomas Nelson,thomas.nelson@example.com,30.00,2025-02-09,Building Fund,check
Michelle Lopez,michelle.lopez@example.com,100.00,2025-02-09,Building Fund,online
William Lee,william.lee@example.com,20.00,2025-02-09,Missions Fund,check
Brian Rivera,brian.rivera@example.com,75.00,2025-02-09,General Fund,check
Daniel Chen,,250.00,2025-02-09,Building Fund,online
Angela Johnson,angela.johnson@example.com,25.00,2025-02-09,Missions Fund,online
Anonymous,,80.00,2025-02-09,Building Fund,cash
Emily Roberts,emily.roberts@example.com,20.00,2025-02-10,Building Fund,check
Donald Rodriguez,donald.rodriguez@example.com,20.00,2025-02-10,Youth Ministry,online
Ronald Yamamoto,ronald.yamamoto@example.com,20.00,2025-02-10,General Fund,online
Mark Adams,mark.adams@example.com,25.00,2025-02-10,Building Fund,online
Anna Wright,anna.wright@example.com,20.00,2025-02-10,Youth Ministry,online
Richard Petrov,richard.petrov@example.com,30.00,2025-02-11,General Fund,check
Linda Jackson,,200.00,2025-02-12,General Fund,check
Justin Martinez,justin.martinez@example.com,50.00,2025-02-12,General Fund,check
Linda Jones,linda.jones@example.com,80.00,2025-02-12,General Fund,other
Elizabeth Sanchez,elizabeth.sanchez@example.com,30.00,2025-02-13,General Fund,check
Emily Rodriguez,,200.00,2025-02-13,General Fund,online
Richard Harris,richard.harris@example.com,40.00,2025-02-16,General Fund,online
Edward Moore,edward.moore@example.com,75.00,2025-02-16,General Fund,online
John Okafor,,60.00,2025-02-16,General Fund,online
Joshua Petrov,joshua.petrov@example.com,250.00,2025-02-16,Building Fund,online
Amanda Johnson,amanda.johnson@example.com,100.00,2025-02-16,Building Fund,online
Ryan Clark,ryan.clark@example.com,200.00,2025-02-16,Youth Ministry,online
Kathleen Brown,kathleen.brown@example.com,200.00,2025-02-16,Building Fund,check
Emily Roberts,emily.roberts@example.com,75.00,2025-02-16,General Fund,cash
Donald Rodriguez,donald.rodriguez@example.com,200.00,2025-02-16,General Fund,online
Jason Nelson,jason.nelson@example.com,25.00,2025-02-16,General Fund,check
Mark Sanchez,mark.sanchez@example.com,150.00,2025-02-16,Missions Fund,other
Matthew Wilson,matthew.wilson@example.com,2000.00,2025-02-16,General Fund,online
Sandra Baker,,10.00,2025-02-16,General Fund,cash
James Nelson,,30.00,2025-02-16,General Fund,cash
Amy Walker,,20.00,2025-02-16,Missions Fund,online
Sarah O'Brien,sarah.obrien@example.com,60.00,2025-02-16,General Fund,cash
Linda Jackson,,200.00,2025-02-16,Building Fund,cash
Justin Martinez,justin.martinez@example.com,40.00,2025-02-16,General Fund,cash
Matthew Flores,matthew.flores@example.com,250.00,2025-02-16,General Fund,cash
Ruth Taylor,ruth.taylor@example.com,75.00,2025-02-16,Missions Fund,check
Brandon Williams,brandon.williams@example.com,150.00,2025-02-16,General Fund,online
Carol Hill,carol.hill@example.com,200.00,2025-02-16,General Fund,online
Stephen Campbell,stephen.campbell@example.com,1000.00,2025-02-16,General Fund,online
Barbara Mitchell,barbara.mitchell@example.com,120.00,2025-02-16,General Fund,online
Carol Roberts,carol.roberts@example.com,30.00,2025-02-16,General Fund,online
Elizabeth Sanchez,elizabeth.sanchez@example.com,30.00,2025-02-16,General Fund,cash
Ashley Ramirez,,40.00,2025-02-16,General Fund,online
Mark Perez,mark.perez@example.com,60.00,2025-02-16,General Fund,online
Jeffrey Lewis,jeffrey.lewis@example.com,300.00,2025-02-16,General Fund,cash
Ronald Rodriguez,,80.00,2025-02-16,Building Fund,check
Thomas Nelson,thomas.nelson@example.com,30.00,2025-02-16,Youth Ministry,online
Kevin Chen,kevin.chen@example.com,40.00,2025-02-16,General Fund,online
Brian Rivera,brian.rivera@example.com,75.00,2025-02-16,General Fund,online
Angela Johnson,angela.johnson@example.com,25.00,2025-02-16,General Fund,cash
Timothy Kowalski,timothy.kowalski@example.com,30.00,2025-02-16,General Fund,online
Emily Rodriguez,,200.00,2025-02-16,General Fund,check
Anonymous,,15.00,2025-02-16,General Fund,cash
Anonymous,,100.00,2025-02-16,General Fund,cash
Anonymous,,40.00,2025-02-16,General Fund,cash
Ronald Moore,ronald.moore@example.com,300.00,2025-02-17,Missions Fund,cash
Edward Hill,edward.hill@example.com,25.00,2025-02-17,General Fund,online
Emily Nelson,,200.00,2025-02-18,Building Fund,check
Richard Petrov,richard.petrov@example.com,20.00,2025-02-18,General Fund,online
Mary Torres,mary.torres@example.com,2000.00,2025-02-18,General Fund,online
Linda Jones,linda.jones@example.com,80.00,2025-02-18,Building Fund,online
Karen Young,karen.young@example.com,60.00,2025-02-19,Youth Ministry,online
Ronald Yamamoto,ronald.yamamoto@example.com,20.00,2025-02-19,Youth Ministry,cash
Deborah Miller,deborah.miller@example.com,60.00,2025-02-19,General Fund,online
Sarah Ramirez,sarah.ramirez@example.com,200.00,2025-02-20,Building Fund,cash
Daniel Chen,,80.00,2025-02-20,General Fund,online
Pamela Gonzalez,pamela.gonzalez@example.com,60.00,2025-02-23,General Fund,cash
Richard Harris,richard.harris@example.com,40.00,2025-02-23,General Fund,cash
John Okafor,,10.00,2025-02-23,General Fund,online
Emily Nelson,,200.00,2025-02-23,Building Fund,online
Justin Taylor,justin.taylor@example.com,500.00,2025-02-23,General Fund,check
Ryan Clark,ryan.clark@example.com,200.00,2025-02-23,Building Fund,online
Kathleen Brown,kathleen.brown@example.com,200.00,2025-02-23,General Fund,check
Emily Roberts,emily.roberts@example.com,20.00,2025-02-23,Missions Fund,check
Donald Rodriguez,donald.rodriguez@example.com,20.00,2025-02-23,Building Fund,online
Betty Jones,betty.jones@example.com,200.00,2025-02-23,General Fund,online
Jason Nelson,jason.nelson@example.com,25.00,2025-02-23,General Fund,cash
Mark Sanchez,mark.sanchez@example.com,750.00,2025-02-23,Building Fund,online
Mary Torres,mary.torres@example.com,2000.00,2025-02-23,Youth Ministry,online
Sandra Baker,,150.00,2025-02-23,Building Fund,online
James Nelson,,30.00,2025-02-23,Missions Fund,online
Jeffrey Carter,jeffrey.carter@example.com,150.00,2025-02-23,General Fund,online
Sarah O'Brien,sarah.obrien@example.com,75.00,2025-02-23,Building Fund,online
Linda Jackson,,200.00,2025-02-23,Missions Fund,online
Justin Martinez,justin.martinez@example.com,40.00,2025-02-23,Benevolence,online
Matthew Flores,matthew.flores@example.com,15.00,2025-02-23,General Fund,online
Ronald Yamamoto,ronald.yamamoto@example.com,20.00,2025-02-23,General Fund,check
Deborah Miller,deborah.miller@example.com,60.00,2025-02-23,General Fund,cash
Deborah Wright,deborah.wright@example.com,150.00,2025-02-23,General Fund,online
Stephen Campbell,stephen.campbell@example.com,300.00,2025-02-23,Missions Fund,online
Rebecca Clark,rebecca.clark@example.com,1000.00,2025-02-23,General Fund,check
Carol Roberts,carol.roberts@example.com,30.00,2025-02-23,General Fund,other
Elizabeth Sanchez,elizabeth.sanchez@example.com,30.00,2025-02-23,Building Fund,other
Ashley Ramirez,,40.00,2025-02-23,General Fund,online
Mark Perez,mark.perez@example.com,60.00,2025-02-23,General Fund,check
Jeffrey Lewis,jeffrey.lewis@example.com,300.00,2025-02-23,Youth Ministry,online
Kevin Chen,kevin.chen@example.com,80.00,2025-02-23,General Fund,check
Lisa Okafor,lisa.okafor@example.com,50.00,2025-02-23,General Fund,online
William Lee,william.lee@example.com,30.00,2025-02-23,Benevolence,online
Linda Jones,linda.jones@example.com,60.00,2025-02-23,General Fund,online
Daniel Chen,,80.00,2025-02-23,General Fund,online
Angela Johnson,angela.johnson@example.com,25.00,2025-02-23,General Fund,check
Timothy Kowalski,timothy.kowalski@example.com,30.00,2025-02-23,Building Fund,online
Emily Rodriguez,,200.00,2025-02-23,Building Fund,check
Anonymous,,15.00,2025-02-23,Building Fund,cash
Anonymous,,10.00,2025-02-23,Building Fund,cash
Anonymous,,100.00,2025-02-23,Youth Ministry,cash
Anonymous,,60.00,2025-02-23,General Fund,cash
Anonymous,,10.00,2025-02-23,General Fund,cash
Anonymous,,25.00,2025-02-23,Missions Fund,cash
Amy Walker,,20.00,2025-02-24,General Fund,online
Karen Young,karen.young@example.com,60.00,2025-02-24,General Fund,online
Brandon Williams,brandon.williams@example.com,150.00,2025-02-24,General Fund,cash
Jason Hall,jason.hall@example.com,200.00,2025-02-25,General Fund,online
Ruth Taylor,ruth.taylor@example.com,250.00,2025-02-25,Missions Fund,online
Matthew Wilson,matthew.wilson@example.com,2000.00,2025-02-26,Missions Fund,other
Paul Baker,paul.baker@example.com,10.00,2025-02-26,Building Fund,check
Carol Hill,carol.hill@example.com,200.00,2025-02-26,Missions Fund,online
Edward Hill,edward.hill@example.com,25.00,2025-02-26,General Fund,online
Brian Rivera,brian.rivera@example.com,75.00,2025-02-26,General Fund,online
Ronald Rodriguez,,25.00,2025-02-27,Building Fund,check
Thomas Nelson,thomas.nelson@example.com,40.00,2025-02-27,General Fund,online
Joseph Johnson,,60.00,2025-03-02,General Fund,cash
Barbara Harris,barbara.harris@example.com,250.00,2025-03-02,General Fund,online
Jonathan Davis,jonathan.davis@example.com,50.00,2025-03-02,Missions Fund,check
Pamela Gonzalez,pamela.gonzalez@example.com,300.00,2025-03-02,Building Fund,online
Richard Harris,richard.harris@example.com,100.00,2025-03-02,General Fund,online
Andrew Hall,andrew.hall@example.com,300.00,2025-03-02,General Fund,check
John Okafor,,60.00,2025-03-02,General Fund,check
Margaret Adams,margaret.adams@example.com,300.00,2025-03-02,Building Fund,online
Ashley Mitchell,ashley.mitchell@example.com,300.00,2025-03-02,Benevolence,online
Jonathan Roberts,jonathan.roberts@example.com,250.00,2025-03-02,General Fund,online
Emily Nelson,,30.00,2025-03-02,Youth Ministry,online
Sarah Ramirez,sarah.ramirez@example.com,10.00,2025-03-02,Missions Fund,cash
Linda Mitchell,linda.mitchell@example.com,250.00,2025-03-02,General Fund,check
Justin Torres,justin.torres@example.com,75.00,2025-03-02,General Fund,check
Charles Lewis,charles.lewis@example.com,2000.00,2025-03-02,General Fund,online
Jason Petrov,jason.petrov@example.com,150.00,2025-03-02,General Fund,online
Ruth Williams,,20.00,2025-03-02,Benevolence,check
Matthew Sanchez,,75.00,2025-03-02,General Fund,check
Laura Jones,laura.jones@example.com,40.00,2025-03-02,General Fund,cash
Paul Wilson,paul.wilson@example.com,300.00,2025-03-02,Building Fund,check
Paul Allen,paul.allen@example.com,50.00,2025-03-02,General Fund,online
Ryan Clark,ryan.clark@example.com,200.00,2025-03-02,General Fund,online
Emily Roberts,emily.roberts@example.com,20.00,2025-03-02,General Fund,cash
Jason Rodriguez,jason.rodriguez@example.com,20.00,2025-03-02,Building Fund,online
Jacob Johnson,jacob.johnson@example.com,30.00,2025-03-02,Building Fund,online
Donald Rodriguez,donald.rodriguez@example.com,20.00,2025-03-02,General Fund,check
Deborah Hernandez,deborah.hernandez@example.com,200.00,2025-03-02,General Fund,online
Jason Nelson,jason.nelson@example.com,25.00,2025-03-02,Benevolence,online
Donald Hall,donald.hall@example.com,500.00,2025-03-02,Building Fund,online
Matthew Wilson,matthew.wilson@example.com,2000.00,2025-03-02,Youth Ministry,check
Richard Petrov,richard.petrov@example.com,30.00,2025-03-02,Youth Ministry,cash
Mary Torres,mary.torres@example.com,2000.00,2025-03-02,General Fund,online
Amy Davis,,100.00,2025-03-02,General Fund,check
Katherine Hill,katherine.hill@example.com,750.00,2025-03-02,General Fund,other
Timothy Lewis,,20.00,2025-03-02,Benevolence,cash
Kathleen Hall,kathleen.hall@example.com,200.00,2025-03-02,Missions Fund,check
John Robinson,john.robinson@example.com,300.00,2025-03-02,Building Fund,check
Jeffrey Carter,jeffrey.carter@example.com,50.00,2025-03-02,General Fund,online
Jessica Adams,jessica.adams@example.com,100.00,2025-03-02,General Fund,cash
Amy Walker,,20.00,2025-03-02,General Fund,online
Karen Lewis,karen.lewis@example.com,60.00,2025-03-02,General Fund,check
Jacob Chen,jacob.chen@example.com,30.00,2025-03-02,General Fund,online
Linda Jackson,,200.00,2025-03-02,General Fund,check
Paul Baker,paul.baker@example.com,10.00,2025-03-02,General Fund,check
Jason Hall,jason.hall@example.com,10.00,2025-03-02,Benevolence,check
Ronald Moore,ronald.moore@example.com,300.00,2025-03-02,Missions Fund,check
Barbara Silva,barbara.silva@example.com,50.00,2025-03-02,General Fund,check
Ronald Yamamoto,ronald.yamamoto@example.com,20.00,2025-03-02,General Fund,cash
Jessica Robinson,jessica.robinson@example.com,250.00,2025-03-02,General Fund,online
Deborah Miller,deborah.miller@example.com,60.00,2025-03-02,General Fund,online
Ruth Taylor,ruth.taylor@example.com,75.00,2025-03-02,General Fund,online
Brandon Williams,brandon.williams@example.com,150.00,2025-03-02,Youth Ministry,check
Carol Hill,carol.hill@example.com,200.00,2025-03-02,Youth Ministry,online
Edward Hill,edward.hill@example.com,50.00,2025-03-02,General Fund,other
Stephen Campbell,stephen.campbell@example.com,80.00,2025-03-02,Youth Ministry,check
Thomas Scott,thomas.scott@example.com,250.00,2025-03-02,General Fund,check
Melissa Miller,melissa.miller@example.com,75.00,2025-03-02,General Fund,check
Brenda Roberts,brenda.roberts@example.com,75.00,2025-03-02,General Fund,check
Carol Roberts,carol.roberts@example.com,750.00,2025-03-02,Building Fund,other
Michael Baker,michael.baker@example.com,60.00,2025-03-02,Youth Ministry,check
Gary King,gary.king@example.com,20.00,2025-03-02,General Fund,check
Elizabeth Sanchez,elizabeth.sanchez@example.com,30.00,2025-03-02,Benevolence,online
Carol Hernandez,carol.hernandez@example.com,20.00,2025-03-02,General Fund,other
Ashley Ramirez,,40.00,2025-03-02,General Fund,online
Mark Perez,mark.perez@example.com,60.00,2025-03-02,General Fund,other
Brian Campbell,,50.00,2025-03-02,General Fund,check
Elizabeth Lopez,elizabeth.lopez@example.com,150.00,2025-03-02,Youth Ministry,online
Nicole Brown,nicole.brown@example.com,120.00,2025-03-02,Missions Fund,cash
Jeffrey Lewis,jeffrey.lewis@example.com,300.00,2025-03-02,General Fund,other
Karen Perez,,40.00,2025-03-02,Building Fund,online
Amanda Diaz,amanda.diaz@example.com,75.00,2025-03-02,General Fund,online
Kevin Chen,kevin.chen@example.com,40.00,2025-03-02,General Fund,online
Jacob Lewis,,750.00,2025-03-02,Building Fund,other
Robert Green,robert.green@example.com,300.00,2025-03-02,General Fund,online
William Lee,william.lee@example.com,60.00,2025-03-02,Missions Fund,check
Linda Jones,linda.jones@example.com,80.00,2025-03-02,General Fund,online
Stephanie Torres,stephanie.torres@example.com,75.00,2025-03-02,Youth Ministry,other
Patricia Mitchell,patricia.mitchell@example.com,50.00,2025-03-02,General Fund,check
Cynthia Wilson,cynthia.wilson@example.com,100.00,2025-03-02,General Fund,check
Angela Johnson,angela.johnson@example.com,25.00,2025-03-02,Building Fund,online
Brandon Diaz,brandon.diaz@example.com,500.00,2025-03-02,Youth Ministry,check
Emily Rodriguez,,250.00,2025-03-02,General Fund,check
Anonymous,,20.00,2025-03-02,General Fund,cash
James Nelson,,75.00,2025-03-03,General Fund,online
Lisa Okafor,lisa.okafor@example.com,50.00,2025-03-03,Building Fund,check
Kathleen Brown,kathleen.brown@example.com,200.00,2025-03-04,General Fund,check
Susan Yamamoto,susan.yamamoto@example.com,1500.00,2025-03-04,Missions Fund,cash
Deborah Wright,deborah.wright@example.com,150.00,2025-03-04,General Fund,check
Sharon Green,,15.00,2025-03-04,General Fund,online
Scott Robinson,scott.robinson@example.com,500.00,2025-03-05,Building Fund,check
Sarah O'Brien,sarah.obrien@example.com,75.00,2025-03-05,Missions Fund,online
Jennifer Lee,jennifer.lee@example.com,100.00,2025-03-05,General Fund,online
Karen Young,karen.young@example.com,300.00,2025-03-05,General Fund,cash
Ronald Rodriguez,,80.00,2025-03-05,General Fund,online
Edward Allen,edward.allen@example.com,20.00,2025-03-05,General Fund,online
Timothy Kowalski,timothy.kowalski@example.com,30.00,2025-03-05,General Fund,check
George Anderson,,50.00,2025-03-06,General Fund,online
Betty Jones,betty.jones@example.com,200.00,2025-03-06,Building Fund,check
Pamela Williams,pamela.williams@example.com,1000.00,2025-03-06,General Fund,online
Andrew Kowalski,andrew.kowalski@example.com,20.00,2025-03-06,Building Fund,cash
Katherine King,katherine.king@example.com,80.00,2025-03-06,General Fund,online
Brian Rivera,brian.rivera@example.com,30.00,2025-03-06,General Fund,online
Ryan Clark,ryan.clark@example.com,200.00,2025-03-09,General Fund,online
Donald Rodriguez,donald.rodriguez@example.com,20.00,2025-03-09,Building Fund,online
Jason Nelson,jason.nelson@example.com,25.00,2025-03-09,General Fund,other
Matthew Wilson,matthew.wilson@example.com,2000.00,2025-03-09,General Fund,check
Richard Petrov,richard.petrov@example.com,30.00,2025-03-09,Youth Ministry,online
Mary Torres,mary.torres@example.com,2000.00,2025-03-09,General Fund,online
Sandra Baker,,10.00,2025-03-09,General Fund,other
James Nelson,,30.00,2025-03-09,General Fund,check
Jeffrey Carter,jeffrey.carter@example.com,50.00,2025-03-09,Missions Fund,check
Amy Walker,,20.00,2025-03-09,Building Fund,check
Jennifer Lee,jennifer.lee@example.com,120.00,2025-03-09,Missions Fund,online
Karen Young,karen.young@example.com,25.00,2025-03-09,Building Fund,online
Linda Jackson,,15.00,2025-03-09,Building Fund,online
Paul Baker,paul.baker@example.com,200.00,2025-03-09,General Fund,online
Ronald Moore,ronald.moore@example.com,300.00,2025-03-09,General Fund,online
Matthew Flores,matthew.flores@example.com,750.00,2025-03-09,General Fund,check
Deborah Miller,deborah.miller@example.com,100.00,2025-03-09,Youth Ministry,online
Deborah Wright,deborah.wright@example.com,150.00,2025-03-09,General Fund,online
Brandon Williams,brandon.williams@example.com,15.00,2025-03-09,Benevolence,check
Carol Hill,carol.hill@example.com,200.00,2025-03-09,General Fund,online
Edward Hill,edward.hill@example.com,250.00,2025-03-09,Missions Fund,online
Stephen Campbell,stephen.campbell@example.com,80.00,2025-03-09,Building Fund,online
Rebecca Clark,rebecca.clark@example.com,25.00,2025-03-09,General Fund,check
Carol Roberts,carol.roberts@example.com,30.00,2025-03-09,General Fund,cash
Elizabeth Sanchez,elizabeth.sanchez@example.com,10.00,2025-03-09,Missions Fund,online
Ashley Ramirez,,40.00,2025-03-09,General Fund,other
Mark Perez,mark.perez@example.com,120.00,2025-03-09,General Fund,online
Jeffrey Lewis,jeffrey.lewis@example.com,300.00,2025-03-09,General Fund,check
Thomas Nelson,thomas.nelson@example.com,30.00,2025-03-09,General Fund,online
Kevin Chen,kevin.chen@example.com,40.00,2025-03-09,General Fund,check
Lisa Okafor,lisa.okafor@example.com,60.00,2025-03-09,Youth Ministry,online
Brian Rivera,brian.rivera@example.com,75.00,2025-03-09,General Fund,online
Timothy Kowalski,timothy.kowalski@example.com,30.00,2025-03-09,Youth Ministry,online
Emily Rodriguez,,200.00,2025-03-09,Youth Ministry,online
Anonymous,,50.00,2025-03-09,General Fund,cash
Anonymous,,80.00,2025-03-09,General Fund,cash
Anonymous,,80.00,2025-03-09,General Fund,cash
Sarah Ramirez,sarah.ramirez@example.com,200.00,2025-03-10,Building Fund,cash
Justin Martinez,justin.martinez@example.com,40.00,2025-03-10,General Fund,online
Pamela Gonzalez,pamela.gonzalez@example.com,10.00,2025-03-11,General Fund,cash
Linda Jones,linda.jones@example.com,80.00,2025-03-11,General Fund,online
Emily Nelson,,200.00,2025-03-12,General Fund,online
Jason Garcia,jason.garcia@example.com,25.00,2025-03-12,General Fund,check
Kathleen Brown,kathleen.brown@example.com,200.00,2025-03-13,General Fund,cash
Sarah O'Brien,sarah.obrien@example.com,75.00,2025-03-13,General Fund,online
Ronald Yamamoto,ronald.yamamoto@example.com,20.00,2025-03-13,Youth Ministry,online
Ronald Rodriguez,,80.00,2025-03-13,General Fund,online
William Lee,william.lee@example.com,60.00,2025-03-13,General Fund,online
Emily Nelson,,2000.00,2025-03-16,Building Fund,check
Shirley Sanchez,,25.00,2025-03-16,General Fund,other
Ryan Clark,ryan.clark@example.com,200.00,2025-03-16,Building Fund,other
Emily Roberts,emily.roberts@example.com,20.00,2025-03-16,Youth Ministry,online
Donald Rodriguez,donald.rodriguez@example.com,20.00,2025-03-16,Missions Fund,online
Michelle Miller,michelle.miller@example.com,50.00,2025-03-16,Youth Ministry,online
Jason Nelson,jason.nelson@example.com,25.00,2025-03-16,General Fund,online
Richard Petrov,richard.petrov@example.com,20.00,2025-03-16,General Fund,online
James Nelson,,30.00,2025-03-16,Building Fund,online
Jeffrey Carter,jeffrey.carter@example.com,50.00,2025-03-16,Youth Ministry,online
Amy Walker,,20.00,2025-03-16,General Fund,online
Sarah O'Brien,sarah.obrien@example.com,75.00,2025-03-16,General Fund,online
Jennifer Lee,jennifer.lee@example.com,100.00,2025-03-16,General Fund,online
Justin Martinez,justin.martinez@example.com,40.00,2025-03-16,General Fund,check
Jason Hall,jason.hall@example.com,10.00,2025-03-16,General Fund,online
Matthew Flores,matthew.flores@example.com,40.00,2025-03-16,General Fund,online
Ronald Yamamoto,ronald.yamamoto@example.com,20.00,2025-03-16,Missions Fund,check
Deborah Miller,deborah.miller@example.com,60.00,2025-03-16,General Fund,other
Deborah Wright,deborah.wright@example.com,150.00,2025-03-16,General Fund,online
Ruth Taylor,ruth.taylor@example.com,75.00,2025-03-16,Building Fund,online
Brandon Williams,brandon.williams@example.com,150.00,2025-03-16,General Fund,check
Edward Hill,edward.hill@example.com,25.00,2025-03-16,Youth Ministry,check
Stephen Campbell,stephen.campbell@example.com,80.00,2025-03-16,Building Fund,online
Rebecca Clark,rebecca.clark@example.com,25.00,2025-03-16,General Fund,online
Ashley Ramirez,,40.00,2025-03-16,Youth Ministry,cash
Mark Perez,mark.perez@example.com,60.00,2025-03-16,General Fund,check
Brian Campbell,,50.00,2025-03-16,General Fund,check
Jeffrey Lewis,jeffrey.lewis@example.com,300.00,2025-03-16,General Fund,online
Jason Garcia,jason.garcia@example.com,10.00,2025-03-16,General Fund,online
William Lee,william.lee@example.com,75.00,2025-03-16,General Fund,online
Linda Jones,linda.jones@example.com,60.00,2025-03-16,Missions Fund,online
Brian Rivera,brian.rivera@example.com,75.00,2025-03-16,Missions Fund,other
Angela Johnson,angela.johnson@example.com,15.00,2025-03-16,Building Fund,check
Timothy Kowalski,timothy.kowalski@example.com,30.00,2025-03-16,Building Fund,cash
Emily Rodriguez,,200.00,2025-03-16,Benevolence,other
Anonymous,,20.00,2025-03-16,General Fund,cash
Anonymous,,15.00,2025-03-16,Youth Ministry,cash
Linda Jackson,,15.00,2025-03-17,General Fund,online
Paul Baker,paul.baker@example.com,10.00,2025-03-17,General Fund,online
Carol Hill,carol.hill@example.com,200.00,2025-03-17,Building Fund,cash
Ronald Rodriguez,,80.00,2025-03-17,General Fund,check
Charles Hall,charles.hall@example.com,15.00,2025-03-18,Missions Fund,check
Sarah Ramirez,sarah.ramirez@example.com,200.00,2025-03-18,General Fund,check
John Okafor,,60.00,2025-03-19,Missions Fund,cash
Mark Sanchez,mark.sanchez@example.com,150.00,2025-03-19,General Fund,check
Thomas Nelson,thomas.nelson@example.com,30.00,2025-03-20,General Fund,check
Elizabeth Lewis,elizabeth.lewis@example.com,100.00,2025-03-20,General Fund,online
Charles Hall,charles.hall@example.com,10.00,2025-03-23,General Fund,online
Richard Harris,richard.harris@example.com,40.00,2025-03-23,General Fund,online
John Okafor,,100.00,2025-03-23,General Fund,check
Sarah Ramirez,sarah.ramirez@example.com,200.00,2025-03-23,General Fund,online
Ryan Clark,ryan.clark@example.com,200.00,2025-03-23,General Fund,check
Kathleen Brown,kathleen.brown@example.com,200.00,2025-03-23,Missions Fund,online
Emily Roberts,emily.roberts@example.com,20.00,2025-03-23,General Fund,online
Donald Moore,donald.moore@example.com,30.00,2025-03-23,General Fund,online
Donald Rodriguez,donald.rodriguez@example.com,20.00,2025-03-23,General Fund,online
Betty Jones,betty.jones@example.com,200.00,2025-03-23,Youth Ministry,online
Mark Sanchez,mark.sanchez@example.com,150.00,2025-03-23,General Fund,online
Matthew Wilson,matthew.wilson@example.com,2000.00,2025-03-23,Youth Ministry,online
Richard Petrov,richard.petrov@example.com,20.00,2025-03-23,General Fund,online
Mary Torres,mary.torres@example.com,150.00,2025-03-23,Building Fund,online
James Nelson,,30.00,2025-03-23,General Fund,online
Amy Walker,,20.00,2025-03-23,General Fund,other
Jennifer Lee,jennifer.lee@example.com,300.00,2025-03-23,General Fund,check
Karen Young,karen.young@example.com,60.00,2025-03-23,General Fund,online
Justin Martinez,justin.martinez@example.com,120.00,2025-03-23,Benevolence,online
Jason Hall,jason.hall@example.com,10.00,2025-03-23,General Fund,check
Ronald Moore,ronald.moore@example.com,300.00,2025-03-23,General Fund,online
Emily Williams,emily.williams@example.com,1000.00,2025-03-23,General Fund,cash
Deborah Wright,deborah.wright@example.com,150.00,2025-03-23,General Fund,online
Carol Hill,carol.hill@example.com,200.00,2025-03-23,Youth Ministry,online
Edward Hill,edward.hill@example.com,25.00,2025-03-23,Youth Ministry,check
Rebecca Clark,rebecca.clark@example.com,250.00,2025-03-23,General Fund,online
Ashley Ramirez,,40.00,2025-03-23,General Fund,check
Mark Perez,mark.perez@example.com,60.00,2025-03-23,General Fund,cash
Brian Campbell,,50.00,2025-03-23,Benevolence,check
Ronald Rodriguez,,15.00,2025-03-23,Building Fund,online
Thomas Nelson,thomas.nelson@example.com,30.00,2025-03-23,General Fund,cash
Ruth Perez,ruth.perez@example.com,150.00,2025-03-23,Benevolence,online
Lisa Okafor,lisa.okafor@example.com,150.00,2025-03-23,General Fund,check
Jason Garcia,jason.garcia@example.com,25.00,2025-03-23,Youth Ministry,online
Brian Rivera,brian.rivera@example.com,75.00,2025-03-23,General Fund,online
Angela Johnson,angela.johnson@example.com,25.00,2025-03-23,General Fund,check
Timothy Kowalski,timothy.kowalski@example.com,30.00,2025-03-23,General Fund,check
Emily Rodriguez,,200.00,2025-03-23,Building Fund,other
Anonymous,,50.00,2025-03-23,General Fund,cash
Ronald Yamamoto,ronald.yamamoto@example.com,20.00,2025-03-24,General Fund,online
Ruth Taylor,ruth.taylor@example.com,75.00,2025-03-24,Missions Fund,check
Linda Jones,linda.jones@example.com,80.00,2025-03-24,General Fund,online
Jason Nelson,jason.nelson@example.com,25.00,2025-03-25,General Fund,online
Sandra Baker,,10.00,2025-03-25,General Fund,check
Linda Jackson,,80.00,2025-03-25,General Fund,online
Deborah Miller,deborah.miller@example.com,1500.00,2025-03-25,General Fund,online
Daniel Chen,,300.00,2025-03-25,General Fund,online
Jeffrey Lewis,jeffrey.lewis@example.com,300.00,2025-03-26,General Fund,online
Jeffrey Carter,jeffrey.carter@example.com,50.00,2025-03-27,General Fund,online
Paul Baker,paul.baker@example.com,10.00,2025-03-27,Missions Fund,cash
Carol Roberts,carol.roberts@example.com,30.00,2025-03-27,Benevolence,cash
Elizabeth Sanchez,elizabeth.sanchez@example.com,15.00,2025-03-27,General Fund,check
Charles Hall,charles.hall@example.com,10.00,2025-03-30,General Fund,online
Pamela Gonzalez,pamela.gonzalez@example.com,60.00,2025-03-30,General Fund,other
Richard Harris,richard.harris@example.com,200.00,2025-03-30,Building Fund,online
John Okafor,,60.00,2025-03-30,General Fund,online
Emily Nelson,,200.00,2025-03-30,General Fund,check
Sarah Ramirez,sarah.ramirez@example.com,200.00,2025-03-30,Missions Fund,online
Ryan Clark,ryan.clark@example.com,200.00,2025-03-30,Missions Fund,check
Emily Roberts,emily.roberts@example.com,20.00,2025-03-30,General Fund,online
Gary Johnson,gary.johnson@example.com,100.00,2025-03-30,General Fund,online
Donald Rodriguez,donald.rodriguez@example.com,20.00,2025-03-30,Youth Ministry,online
Betty Jones,betty.jones@example.com,200.00,2025-03-30,General Fund,cash
Jason Nelson,jason.nelson@example.com,25.00,2025-03-30,Youth Ministry,online
Mary Torres,mary.torres@example.com,2000.00,2025-03-30,General Fund,check
Amy Walker,,20.00,2025-03-30,General Fund,online
Linda Jackson,,200.00,2025-03-30,General Fund,check
Lisa Hernandez,lisa.hernandez@example.com,60.00,2025-03-30,General Fund,check
Jason Hall,jason.hall@example.com,10.00,2025-03-30,Youth Ministry,online
Matthew Flores,matthew.flores@example.com,40.00,2025-03-30,Youth Ministry,online
Ronald Yamamoto,ronald.yamamoto@example.com,20.00,2025-03-30,General Fund,check
Deborah Miller,deborah.miller@example.com,60.00,2025-03-30,Missions Fund,cash
Emily Williams,emily.williams@example.com,20.00,2025-03-30,General Fund,check
Ruth Taylor,ruth.taylor@example.com,75.00,2025-03-30,General Fund,online
Carol Hill,carol.hill@example.com,200.00,2025-03-30,General Fund,check
Edward Hill,edward.hill@example.com,25.00,2025-03-30,General Fund,cash
Stephen Campbell,stephen.campbell@example.com,80.00,2025-03-30,General Fund,online
Rebecca Clark,rebecca.clark@example.com,25.00,2025-03-30,Youth Ministry,online
Carol Roberts,carol.roberts@example.com,30.00,2025-03-30,General Fund,online
Elizabeth Sanchez,elizabeth.sanchez@example.com,2000.00,2025-03-30,Building Fund,online
Brian Campbell,,50.00,2025-03-30,General Fund,check
Jeffrey Lewis,jeffrey.lewis@example.com,300.00,2025-03-30,Benevolence,check
Thomas Nelson,thomas.nelson@example.com,30.00,2025-03-30,General Fund,check
Lisa Okafor,lisa.okafor@example.com,50.00,2025-03-30,General Fund,online
Jason Garcia,jason.garcia@example.com,25.00,2025-03-30,General Fund,online
Linda Jones,linda.jones@example.com,80.00,2025-03-30,Building Fund,online
Donald Moore,donald.moore@example.com,30.00,2025-03-31,Benevolence,online
James Nelson,,30.00,2025-03-31,Building Fund,other
Karen Young,karen.young@example.com,60.00,2025-03-31,General Fund,online
Jeffrey Carter,jeffrey.carter@example.com,60.00,2025-04-01,General Fund,other
Paul Baker,paul.baker@example.com,10.00,2025-04-01,Missions Fund,check
Daniel Chen,,80.00,2025-04-01,Building Fund,online
Emily Rodriguez,,200.00,2025-04-01,Youth Ministry,online
Richard Petrov,richard.petrov@example.com,20.00,2025-04-02,Youth Ministry,check
Sandra Baker,,200.00,2025-04-02,General Fund,cash
Jennifer Lee,jennifer.lee@example.com,100.00,2025-04-02,General Fund,other
Deborah Wright,deborah.wright@example.com,150.00,2025-04-02,General Fund,check
Kevin Chen,kevin.chen@example.com,40.00,2025-04-02,Building Fund,online
Angela Johnson,angela.johnson@example.com,25.00,2025-04-02,General Fund,check
Mark Sanchez,mark.sanchez@example.com,150.00,2025-04-03,Benevolence,cash
Ronald Moore,ronald.moore@example.com,300.00,2025-04-03,General Fund,online
Charles Hall,charles.hall@example.com,40.00,2025-04-06,General Fund,other
Jonathan Davis,jonathan.davis@example.com,50.00,2025-04-06,General Fund,online
Richard Harris,richard.harris@example.com,40.00,2025-04-06,General Fund,cash
Andrew Hall,andrew.hall@example.com,60.00,2025-04-06,Building Fund,check
Edward Moore,edward.moore@example.com,75.00,2025-04-06,Missions Fund,online
George Anderson,,50.00,2025-04-06,Missions Fund,check
Jonathan Roberts,jonathan.roberts@example.com,40.00,2025-04-06,Building Fund,cash
Emily Nelson,,200.00,2025-04-06,Building Fund,online
Linda Mitchell,linda.mitchell@example.com,250.00,2025-04-06,General Fund,online
Rebecca Davis,rebecca.davis@example.com,120.00,2025-04-06,General Fund,other
Charles Lewis,charles.lewis@example.com,2000.00,2025-04-06,General Fund,online
Jason Petrov,jason.petrov@example.com,150.00,2025-04-06,Building Fund,check
Matthew Sanchez,,75.00,2025-04-06,Youth Ministry,online
Katherine Allen,katherine.allen@example.com,200.00,2025-04-06,General Fund,check
Laura Jones,laura.jones@example.com,40.00,2025-04-06,General Fund,online
Paul Allen,paul.allen@example.com,20.00,2025-04-06,Missions Fund,online
Ryan Clark,ryan.clark@example.com,200.00,2025-04-06,General Fund,online
Anna Scott,anna.scott@example.com,60.00,2025-04-06,General Fund,check
Jason Rodriguez,jason.rodriguez@example.com,10.00,2025-04-06,General Fund,online
Jacob Johnson,jacob.johnson@example.com,30.00,2025-04-06,General Fund,check
Betty Jones,betty.jones@example.com,200.00,2025-04-06,General Fund,online
Donald Hall,donald.hall@example.com,500.00,2025-04-06,General Fund,online
Matthew Wilson,matthew.wilson@example.com,2000.00,2025-04-06,General Fund,cash
Richard Petrov,richard.petrov@example.com,20.00,2025-04-06,General Fund,online
Mary Torres,mary.torres@example.com,2000.00,2025-04-06,Building Fund,online
Amy Davis,,100.00,2025-04-06,Building Fund,online
Katherine Hill,katherine.hill@example.com,750.00,2025-04-06,Missions Fund,online
Susan Yamamoto,susan.yamamoto@example.com,500.00,2025-04-06,General Fund,online
John Robinson,john.robinson@example.com,300.00,2025-04-06,General Fund,check
James Nelson,,300.00,2025-04-06,General Fund,online
Jeffrey Carter,jeffrey.carter@example.com,50.00,2025-04-06,General Fund,check
Jessica Adams,jessica.adams@example.com,100.00,2025-04-06,General Fund,online
Amy Walker,,20.00,2025-04-06,General Fund,online
Sarah O'Brien,sarah.obrien@example.com,75.00,2025-04-06,Missions Fund,cash
Andrew Kowalski,andrew.kowalski@example.com,120.00,2025-04-06,General Fund,cash
Karen Young,karen.young@example.com,60.00,2025-04-06,General Fund,check
Jacob Chen,jacob.chen@example.com,120.00,2025-04-06,General Fund,online
Justin Martinez,justin.martinez@example.com,40.00,2025-04-06,General Fund,online
Paul Baker,paul.baker@example.com,10.00,2025-04-06,General Fund,online
Jason Hall,jason.hall@example.com,10.00,2025-04-06,General Fund,online
Ronald Moore,ronald.moore@example.com,300.00,2025-04-06,General Fund,online
Angela Petrov,angela.petrov@example.com,250.00,2025-04-06,Building Fund,check
Matthew Flores,matthew.flores@example.com,15.00,2025-04-06,General Fund,online
Barbara Silva,barbara.silva@example.com,20.00,2025-04-06,General Fund,check
Jessica Robinson,jessica.robinson@example.com,250.00,2025-04-06,Missions Fund,online
Deborah Miller,deborah.miller@example.com,60.00,2025-04-06,Youth Ministry,online
Emily Williams,emily.williams@example.com,25.00,2025-04-06,Missions Fund,check
Ruth Taylor,ruth.taylor@example.com,75.00,2025-04-06,General Fund,online
Brandon Williams,brandon.williams@example.com,150.00,2025-04-06,General Fund,online
Edward Hill,edward.hill@example.com,25.00,2025-04-06,Missions Fund,online
Melissa Miller,melissa.miller@example.com,75.00,2025-04-06,Benevolence,online
Michael Baker,michael.baker@example.com,20.00,2025-04-06,General Fund,online
Andrew Wilson,andrew.wilson@example.com,200.00,2025-04-06,General Fund,online
Gary King,gary.king@example.com,50.00,2025-04-06,General Fund,cash
Elizabeth Sanchez,elizabeth.sanchez@example.com,30.00,2025-04-06,General Fund,cash
Carol Hernandez,carol.hernandez@example.com,75.00,2025-04-06,General Fund,online
Mark Perez,mark.perez@example.com,60.00,2025-04-06,Benevolence,check
Brian Campbell,,250.00,2025-04-06,General Fund,online
Elizabeth Lopez,elizabeth.lopez@example.com,75.00,2025-04-06,Benevolence,online
Jeffrey Lewis,jeffrey.lewis@example.com,1500.00,2025-04-06,Missions Fund,check
Kevin Miller,kevin.miller@example.com,200.00,2025-04-06,General Fund,check
Ronald Rodriguez,,80.00,2025-04-06,Missions Fund,online
Thomas Nelson,thomas.nelson@example.com,30.00,2025-04-06,Building Fund,check
Kevin Chen,kevin.chen@example.com,40.00,2025-04-06,Youth Ministry,online
Jacob Lewis,,750.00,2025-04-06,General Fund,online
Sharon Green,,15.00,2025-04-06,Youth Ministry,check
Lisa Okafor,lisa.okafor@example.com,50.00,2025-04-06,General Fund,online
Jennifer Chen,jennifer.chen@example.com,1000.00,2025-04-06,Building Fund,online
Kevin Moore,kevin.moore@example.com,120.00,2025-04-06,Building Fund,online
Linda Jones,linda.jones@example.com,80.00,2025-04-06,General Fund,cash
Stephanie Torres,stephanie.torres@example.com,75.00,2025-04-06,General Fund,cash
Patricia Mitchell,patricia.mitchell@example.com,25.00,2025-04-06,Youth Ministry,online
Cynthia Wilson,cynthia.wilson@example.com,1500.00,2025-04-06,General Fund,online
Daniel Chen,,80.00,2025-04-06,Building Fund,online
Angela Johnson,angela.johnson@example.com,25.00,2025-04-06,Youth Ministry,other
Timothy Kowalski,timothy.kowalski@example.com,30.00,2025-04-06,General Fund,other
Anonymous,,75.00,2025-04-06,General Fund,cash
Anonymous,,25.00,2025-04-06,Missions Fund,cash
Ruth Williams,,20.00,2025-04-07,General Fund,online
Emily Roberts,emily.roberts@example.com,20.00,2025-04-07,Building Fund,online
Kathleen Hall,kathleen.hall@example.com,40.00,2025-04-07,General Fund,online
Pamela Williams,pamela.williams@example.com,1000.00,2025-04-07,Building Fund,check
Carol Roberts,carol.roberts@example.com,300.00,2025-04-07,General Fund,online
Edward Allen,edward.allen@example.com,20.00,2025-04-07,General Fund,online
Katherine King,katherine.king@example.com,80.00,2025-04-07,Benevolence,cash
Joseph Johnson,,200.00,2025-04-08,Missions Fund,cash
Scott Robinson,scott.robinson@example.com,80.00,2025-04-08,Building Fund,online
Kathleen Brown,kathleen.brown@example.com,200.00,2025-04-08,General Fund,online
Jason Nelson,jason.nelson@example.com,25.00,2025-04-08,General Fund,online
Deborah Wright,deborah.wright@example.com,150.00,2025-04-08,General Fund,check
Thomas Scott,thomas.scott@example.com,250.00,2025-04-08,General Fund,check
Ashley Ramirez,,40.00,2025-04-08,General Fund,other
Nicole Brown,nicole.brown@example.com,10.00,2025-04-08,Missions Fund,online
Karen Perez,,40.00,2025-04-08,General Fund,online
Amanda Diaz,amanda.diaz@example.com,500.00,2025-04-08,Missions Fund,check
Robert Green,robert.green@example.com,300.00,2025-04-08,General Fund,online
William Lee,william.lee@example.com,60.00,2025-04-08,Benevolence,online
Ashley Mitchell,ashley.mitchell@example.com,300.00,2025-04-09,General Fund,check
Justin Torres,justin.torres@example.com,75.00,2025-04-10,Youth Ministry,check
Jeffrey Scott,,15.00,2025-04-10,General Fund,online
Mark Sanchez,mark.sanchez@example.com,150.00,2025-04-10,General Fund,other
Karen Lewis,karen.lewis@example.com,75.00,2025-04-10,General Fund,cash
Carol Hill,carol.hill@example.com,200.00,2025-04-10,General Fund,online
Emily Rodriguez,,300.00,2025-04-10,General Fund,online
Charles Hall,charles.hall@example.com,150.00,2025-04-13,General Fund,online
Pamela Gonzalez,pamela.gonzalez@example.com,60.00,2025-04-13,General Fund,cash
Richard Harris,richard.harris@example.com,40.00,2025-04-13,General Fund,check
Edward Moore,edward.moore@example.com,75.00,2025-04-13,General Fund,check
John Okafor,,80.00,2025-04-13,General Fund,cash
Emily Nelson,,200.00,2025-04-13,General Fund,online
Ryan Clark,ryan.clark@example.com,60.00,2025-04-13,General Fund,cash
Kathleen Brown,kathleen.brown@example.com,200.00,2025-04-13,Building Fund,online
Donald Rodriguez,donald.rodriguez@example.com,20.00,2025-04-13,General Fund,online
Mark Sanchez,mark.sanchez@example.com,150.00,2025-04-13,General Fund,check
Mary Torres,mary.torres@example.com,2000.00,2025-04-13,General Fund,cash
James Nelson,,30.00,2025-04-13,Youth Ministry,cash
Amy Walker,,20.00,2025-04-13,Building Fund,online
Jennifer Lee,jennifer.lee@example.com,100.00,2025-04-13,Missions Fund,online
Karen Young,karen.young@example.com,60.00,2025-04-13,Benevolence,online
Linda Jackson,,200.00,2025-04-13,General Fund,online
Paul Baker,paul.baker@example.com,10.00,2025-04-13,General Fund,check
Jason Hall,jason.hall@example.com,10.00,2025-04-13,General Fund,online
Matthew Flores,matthew.flores@example.com,40.00,2025-04-13,General Fund,check
Ronald Yamamoto,ronald.yamamoto@example.com,20.00,2025-04-13,General Fund,check
Deborah Miller,deborah.miller@example.com,60.00,2025-04-13,General Fund,cash
Emily Williams,emily.williams@example.com,20.00,2025-04-13,Missions Fund,other
Deborah Wright,deborah.wright@example.com,150.00,2025-04-13,Missions Fund,online
Ruth Taylor,ruth.taylor@example.com,75.00,2025-04-13,Missions Fund,online
Brandon Williams,brandon.williams@example.com,150.00,2025-04-13,General Fund,check
Carol Hill,carol.hill@example.com,200.00,2025-04-13,General Fund,cash
Edward Hill,edward.hill@example.com,25.00,2025-04-13,Building Fund,online
Daniel Rodriguez,daniel.rodriguez@example.com,80.00,2025-04-13,General Fund,check
Elizabeth Sanchez,elizabeth.sanchez@example.com,30.00,2025-04-13,General Fund,online
Ashley Ramirez,,40.00,2025-04-13,Building Fund,online
Mark Perez,mark.perez@example.com,1500.00,2025-04-13,Building Fund,online
Brian Campbell,,50.00,2025-04-13,General Fund,online
Jeffrey Lewis,jeffrey.lewis@example.com,250.00,2025-04-13,General Fund,online
Ronald Rodriguez,,80.00,2025-04-13,General Fund,cash
Thomas Nelson,thomas.nelson@example.com,20.00,2025-04-13,General Fund,cash
Kevin Chen,kevin.chen@example.com,50.00,2025-04-13,Building Fund,online
Lisa Okafor,lisa.okafor@example.com,50.00,2025-04-13,Youth Ministry,cash
Linda Jones,linda.jones@example.com,80.00,2025-04-13,General Fund,check
Daniel Chen,,300.00,2025-04-13,Building Fund,check
Angela Johnson,angela.johnson@example.com,25.00,2025-04-13,Missions Fund,online
Emily Rodriguez,,10.00,2025-04-13,Missions Fund,online
Anonymous,,20.00,2025-04-13,Building Fund,cash
Sarah Ramirez,sarah.ramirez@example.com,200.00,2025-04-15,General Fund,online
Sandra Baker,,10.00,2025-04-15,Building Fund,online
Mary Nelson,mary.nelson@example.com,30.00,2025-04-16,Building Fund,cash
Timothy Johnson,timothy.johnson@example.com,200.00,2025-04-16,General Fund,online
Matthew Wilson,matthew.wilson@example.com,2000.00,2025-04-16,Building Fund,other
Justin Martinez,justin.martinez@example.com,40.00,2025-04-17,General Fund,online
Timothy Kowalski,timothy.kowalski@example.com,30.00,2025-04-17,Youth Ministry,cash
Charles Hall,charles.hall@example.com,10.00,2025-04-20,Missions Fund,online
Pamela Gonzalez,pamela.gonzalez@example.com,150.00,2025-04-20,General Fund,online
Richard Harris,richard.harris@example.com,40.00,2025-04-20,General Fund,online
John Okafor,,60.00,2025-04-20,General Fund,online
Sarah Ramirez,sarah.ramirez@example.com,200.00,2025-04-20,General Fund,other
Justin Taylor,justin.taylor@example.com,500.00,2025-04-20,Building Fund,online
Ryan Clark,ryan.clark@example.com,200.00,2025-04-20,General Fund,online
Emily Roberts,emily.roberts@example.com,500.00,2025-04-20,General Fund,cash
Donald Rodriguez,donald.rodriguez@example.com,20.00,2025-04-20,General Fund,cash
Betty Jones,betty.jones@example.com,200.00,2025-04-20,General Fund,cash
Mark Sanchez,mark.sanchez@example.com,150.00,2025-04-20,Youth Ministry,online
Sandra Baker,,10.00,2025-04-20,Missions Fund,online
Jeffrey Carter,jeffrey.carter@example.com,50.00,2025-04-20,Building Fund,online
Amy Walker,,20.00,2025-04-20,General Fund,online
Sarah O'Brien,sarah.obrien@example.com,75.00,2025-04-20,General Fund,check
Jennifer Lee,jennifer.lee@example.com,100.00,2025-04-20,General Fund,check
Linda Jackson,,150.00,2025-04-20,General Fund,online
Paul Baker,paul.baker@example.com,10.00,2025-04-20,Missions Fund,online
Ronald Moore,ronald.moore@example.com,300.00,2025-04-20,General Fund,check
Ronald Yamamoto,ronald.yamamoto@example.com,150.00,2025-04-20,Building Fund,check
Deborah Miller,deborah.miller@example.com,1500.00,2025-04-20,General Fund,online
Emily Williams,emily.williams@example.com,20.00,2025-04-20,General Fund,online
Deborah Wright,deborah.wright@example.com,20.00,2025-04-20,General Fund,other
Ruth Taylor,ruth.taylor@example.com,20.00,2025-04-20,General Fund,cash
Brandon Williams,brandon.williams@example.com,150.00,2025-04-20,General Fund,online
Carol Hill,carol.hill@example.com,200.00,2025-04-20,Building Fund,online
Edward Hill,edward.hill@example.com,25.00,2025-04-20,General Fund,online
Elizabeth Sanchez,elizabeth.sanchez@example.com,30.00,2025-04-20,Building Fund,cash
Ashley Ramirez,,40.00,2025-04-20,General Fund,check
Brian Campbell,,50.00,2025-04-20,Building Fund,online
Jeffrey Lewis,jeffrey.lewis@example.com,300.00,2025-04-20,Building Fund,check
Lisa Okafor,lisa.okafor@example.com,50.00,2025-04-20,General Fund,check
Jennifer Chen,jennifer.chen@example.com,200.00,2025-04-20,Missions Fund,check
Jason Garcia,jason.garcia@example.com,25.00,2025-04-20,Missions Fund,online
Daniel Chen,,80.00,2025-04-20,General Fund,online
Angela Johnson,angela.johnson@example.com,25.00,2025-04-20,General Fund,check
Timothy Kowalski,timothy.kowalski@example.com,100.00,2025-04-20,Building Fund,online
Emily Rodriguez,,200.00,2025-04-20,General Fund,other
Nancy Clark,nancy.clark@example.com,250.00,2025-04-21,General Fund,online
James Nelson,,30.00,2025-04-21,General Fund,online
Justin Martinez,justin.martinez@example.com,40.00,2025-04-21,General Fund,online
Stephen Campbell,stephen.campbell@example.com,80.00,2025-04-21,General Fund,online
Brian Rivera,brian.rivera@example.com,75.00,2025-04-21,General Fund,cash
Matthew Wilson,matthew.wilson@example.com,2000.00,2025-04-22,General Fund,check
Thomas Nelson,thomas.nelson@example.com,30.00,2025-04-22,General Fund,cash
Mary Torres,mary.torres@example.com,2000.00,2025-04-23,General Fund,online
Ronald Rodriguez,,80.00,2025-04-23,Missions Fund,cash
Jason Hall,jason.hall@example.com,40.00,2025-04-24,General Fund,online
Richard Harris,richard.harris@example.com,40.00,2025-04-27,General Fund,online
Joshua Petrov,joshua.petrov@example.com,15.00,2025-04-27,Building Fund,online
Emily Nelson,,75.00,2025-04-27,Building Fund,online
Sarah Ramirez,sarah.ramirez@example.com,200.00,2025-04-27,General Fund,check
Paul Wilson,paul.wilson@example.com,200.00,2025-04-27,General Fund,check
Ryan Clark,ryan.clark@example.com,15.00,2025-04-27,General Fund,online
Kathleen Brown,kathleen.brown@example.com,200.00,2025-04-27,General Fund,online
Emily Roberts,emily.roberts@example.com,20.00,2025-04-27,General Fund,online
Donald Rodriguez,donald.rodriguez@example.com,20.00,2025-04-27,Youth Ministry,check
Betty Jones,betty.jones@example.com,200.00,2025-04-27,Benevolence,check
Kathleen Ramirez,kathleen.ramirez@example.com,30.00,2025-04-27,Missions Fund,online
Mary Torres,mary.torres@example.com,2000.00,2025-04-27,General Fund,check
Jeffrey Carter,jeffrey.carter@example.com,25.00,2025-04-27,General Fund,cash
Amy Walker,,20.00,2025-04-27,Building Fund,cash
Sarah O'Brien,sarah.obrien@example.com,75.00,2025-04-27,General Fund,check
Jennifer Lee,jennifer.lee@example.com,500.00,2025-04-27,Building Fund,cash
Karen Young,karen.young@example.com,60.00,2025-04-27,General Fund,check
Linda Jackson,,200.00,2025-04-27,General Fund,online
Justin Martinez,justin.martinez@example.com,15.00,2025-04-27,General Fund,online
Paul Baker,paul.baker@example.com,10.00,2025-04-27,Youth Ministry,check
Ronald Moore,ronald.moore@example.com,150.00,2025-04-27,General Fund,online
Matthew Flores,matthew.flores@example.com,40.00,2025-04-27,General Fund,online
Deborah Miller,deborah.miller@example.com,60.00,2025-04-27,General Fund,check
Emily Williams,emily.williams@example.com,20.00,2025-04-27,Building Fund,online
Ruth Taylor,ruth.taylor@example.com,75.00,2025-04-27,Youth Ministry,online
Stephen Campbell,stephen.campbell@example.com,80.00,2025-04-27,General Fund,online
Carol Roberts,carol.roberts@example.com,30.00,2025-04-27,General Fund,online
Elizabeth Sanchez,elizabeth.sanchez@example.com,30.00,2025-04-27,General Fund,cash
Ashley Ramirez,,40.00,2025-04-27,General Fund,other
Mark Perez,mark.perez@example.com,60.00,2025-04-27,General Fund,cash
Jeffrey Lewis,jeffrey.lewis@example.com,300.00,2025-04-27,General Fund,cash
Ronald Rodriguez,,80.00,2025-04-27,General Fund,online
Thomas Nelson,thomas.nelson@example.com,30.00,2025-04-27,General Fund,check
Kevin Chen,kevin.chen@example.com,100.00,2025-04-27,Building Fund,online
Lisa Okafor,lisa.okafor@example.com,50.00,2025-04-27,General Fund,cash
Jason Garcia,jason.garcia@example.com,25.00,2025-04-27,General Fund,check
William Lee,william.lee@example.com,60.00,2025-04-27,General Fund,online
Linda Jones,linda.jones@example.com,80.00,2025-04-27,General Fund,online
Elizabeth Lewis,elizabeth.lewis@example.com,15.00,2025-04-27,General Fund,online
Brian Rivera,brian.rivera@example.com,75.00,2025-04-27,Building Fund,other
Angela Johnson,angela.johnson@example.com,25.00,2025-04-27,Missions Fund,online
Timothy Kowalski,timothy.kowalski@example.com,30.00,2025-04-27,Missions Fund,online
Emily Rodriguez,,80.00,2025-04-27,General Fund,online
Anonymous,,25.00,2025-04-27,Building Fund,cash
James Nelson,,30.00,2025-04-28,General Fund,online
Brian Campbell,,50.00,2025-04-28,General Fund,online
Matthew Wilson,matthew.wilson@example.com,2000.00,2025-04-29,General Fund,online
Sandra Baker,,10.00,2025-04-29,General Fund,online
Ronald Yamamoto,ronald.yamamoto@example.com,2000.00,2025-04-29,General Fund,online
Daniel Chen,,80.00,2025-04-29,General Fund,cash
Mark Sanchez,mark.sanchez@example.com,200.00,2025-04-30,General Fund,check
Jason Hall,jason.hall@example.com,10.00,2025-04-30,General Fund,check
Deborah Wright,deborah.wright@example.com,150.00,2025-04-30,General Fund,cash
Carol Hill,carol.hill@example.com,200.00,2025-04-30,General Fund,check
Edward Hill,edward.hill@example.com,20.00,2025-04-30,General Fund,online
Charles Hall,charles.hall@example.com,10.00,2025-05-01,Benevolence,check
Joseph Johnson,,60.00,2025-05-04,Benevolence,online
Charles Hall,charles.hall@example.com,10.00,2025-05-04,Building Fund,cash
Barbara Harris,barbara.harris@example.com,25.00,2025-05-04,General Fund,online
Jonathan Davis,jonathan.davis@example.com,50.00,2025-05-04,Missions Fund,check
Pamela Gonzalez,pamela.gonzalez@example.com,60.00,2025-05-04,Building Fund,online
Richard Harris,richard.harris@example.com,40.00,2025-05-04,General Fund,cash
Andrew Hall,andrew.hall@example.com,60.00,2025-05-04,Benevolence,online
Ashley Mitchell,ashley.mitchell@example.com,300.00,2025-05-04,Youth Ministry,online
George Anderson,,50.00,2025-05-04,Missions Fund,check
Scott Robinson,scott.robinson@example.com,10.00,2025-05-04,General Fund,online
Jonathan Roberts,jonathan.roberts@example.com,10.00,2025-05-04,Youth Ministry,online
Sarah Ramirez,sarah.ramirez@example.com,200.00,2025-05-04,General Fund,check
Linda Mitchell,linda.mitchell@example.com,250.00,2025-05-04,Youth Ministry,online
Rebecca Davis,rebecca.davis@example.com,120.00,2025-05-04,Youth Ministry,check
Charles Lewis,charles.lewis@example.com,2000.00,2025-05-04,Missions Fund,check
Anthony Baker,anthony.baker@example.com,300.00,2025-05-04,General Fund,online
Jason Petrov,jason.petrov@example.com,150.00,2025-05-04,General Fund,online
Jeffrey Scott,,40.00,2025-05-04,General Fund,online
Matthew Sanchez,,75.00,2025-05-04,General Fund,other
Paul Allen,paul.allen@example.com,50.00,2025-05-04,General Fund,online
Emily Roberts,emily.roberts@example.com,20.00,2025-05-04,Benevolence,other
Jason Rodriguez,jason.rodriguez@example.com,20.00,2025-05-04,Youth Ministry,online
Jacob Johnson,jacob.johnson@example.com,30.00,2025-05-04,Youth Ministry,online
Donald Rodriguez,donald.rodriguez@example.com,20.00,2025-05-04,General Fund,online
Michelle Miller,michelle.miller@example.com,120.00,2025-05-04,General Fund,online
Donald Hall,donald.hall@example.com,1000.00,2025-05-04,Building Fund,online
Jessica Campbell,jessica.campbell@example.com,60.00,2025-05-04,General Fund,check
Matthew Wilson,matthew.wilson@example.com,2000.00,2025-05-04,General Fund,online
Richard Petrov,richard.petrov@example.com,20.00,2025-05-04,Missions Fund,check
Mary Torres,mary.torres@example.com,2000.00,2025-05-04,General Fund,online
Amy Davis,,100.00,2025-05-04,General Fund,check
Katherine Hill,katherine.hill@example.com,750.00,2025-05-04,General Fund,cash
Timothy Lewis,,15.00,2025-05-04,General Fund,check
Kathleen Hall,kathleen.hall@example.com,500.00,2025-05-04,Building Fund,online
Sandra Baker,,10.00,2025-05-04,General Fund,cash
Pamela Williams,pamela.williams@example.com,1000.00,2025-05-04,General Fund,online
Susan Yamamoto,susan.yamamoto@example.com,500.00,2025-05-04,General Fund,online
John Robinson,john.robinson@example.com,300.00,2025-05-04,Missions Fund,online
Jeffrey Carter,jeffrey.carter@example.com,50.00,2025-05-04,General Fund,check
Jessica Adams,jessica.adams@example.com,10.00,2025-05-04,General Fund,check
Amy Walker,,20.00,2025-05-04,Building Fund,check
Sarah O'Brien,sarah.obrien@example.com,75.00,2025-05-04,General Fund,online
Andrew Kowalski,andrew.kowalski@example.com,20.00,2025-05-04,General Fund,online
Karen Lewis,karen.lewis@example.com,75.00,2025-05-04,General Fund,cash
Jennifer Lee,jennifer.lee@example.com,100.00,2025-05-04,General Fund,online
Karen Young,karen.young@example.com,60.00,2025-05-04,General Fund,cash
Jacob Chen,jacob.chen@example.com,30.00,2025-05-04,General Fund,online
Linda Jackson,,200.00,2025-05-04,Youth Ministry,online
Justin Martinez,justin.martinez@example.com,40.00,2025-05-04,General Fund,cash
Paul Baker,paul.baker@example.com,10.00,2025-05-04,General Fund,online
Matthew Flores,matthew.flores@example.com,40.00,2025-05-04,General Fund,online
Ronald Yamamoto,ronald.yamamoto@example.com,20.00,2025-05-04,General Fund,online
Deborah Miller,deborah.miller@example.com,60.00,2025-05-04,Missions Fund,check
Ruth Taylor,ruth.taylor@example.com,75.00,2025-05-04,General Fund,check
Rebecca Clark,rebecca.clark@example.com,25.00,2025-05-04,Building Fund,online
Thomas Scott,thomas.scott@example.com,250.00,2025-05-04,General Fund,check
Melissa Miller,melissa.miller@example.com,75.00,2025-05-04,General Fund,check
Brenda Roberts,brenda.roberts@example.com,80.00,2025-05-04,Building Fund,online
Carol Roberts,carol.roberts@example.com,150.00,2025-05-04,General Fund,online
Michael Baker,michael.baker@example.com,20.00,2025-05-04,Building Fund,check
Andrew Wilson,andrew.wilson@example.com,50.00,2025-05-04,Youth Ministry,online
Gary King,gary.king@example.com,50.00,2025-05-04,General Fund,check
Elizabeth Sanchez,elizabeth.sanchez@example.com,30.00,2025-05-04,General Fund,cash
Mark Perez,mark.perez@example.com,60.00,2025-05-04,General Fund,cash
Nicole Brown,nicole.brown@example.com,120.00,2025-05-04,Building Fund,online
Ronald Rodriguez,,80.00,2025-05-04,Building Fund,cash
Sharon Green,,15.00,2025-05-04,Missions Fund,online
Lisa Okafor,lisa.okafor@example.com,10.00,2025-05-04,General Fund,check
William Lee,william.lee@example.com,60.00,2025-05-04,General Fund,check
Stephanie Torres,stephanie.torres@example.com,75.00,2025-05-04,General Fund,online
Patricia Mitchell,patricia.mitchell@example.com,15.00,2025-05-04,General Fund,check
Cynthia Wilson,cynthia.wilson@example.com,100.00,2025-05-04,General Fund,online
Brian Rivera,brian.rivera@example.com,75.00,2025-05-04,General Fund,check
Daniel Chen,,80.00,2025-05-04,General Fund,online
Angela Johnson,angela.johnson@example.com,1500.00,2025-05-04,Building Fund,online
Timothy Kowalski,timothy.kowalski@example.com,30.00,2025-05-04,Missions Fund,online
Kathleen Brown,kathleen.brown@example.com,40.00,2025-05-05,General Fund,online
Ronald Moore,ronald.moore@example.com,200.00,2025-05-05,General Fund,check
Deborah Wright,deborah.wright@example.com,120.00,2025-05-05,Building Fund,online
Karen Perez,,40.00,2025-05-05,Building Fund,cash
Jacob Lewis,,750.00,2025-05-05,Missions Fund,check
John Okafor,,60.00,2025-05-06,General Fund,check
Ryan Clark,ryan.clark@example.com,200.00,2025-05-06,General Fund,online
Ashley Ramirez,,40.00,2025-05-06,General Fund,online
Justin Torres,justin.torres@example.com,100.00,2025-05-07,Building Fund,online
Ruth Williams,,300.00,2025-05-07,Missions Fund,check
Jason Hall,jason.hall@example.com,10.00,2025-05-07,General Fund,check
Barbara Silva,barbara.silva@example.com,120.00,2025-05-07,Missions Fund,cash
Jason Garcia,jason.garcia@example.com,25.00,2025-05-07,Youth Ministry,online
Emily Nelson,,200.00,2025-05-08,Youth Ministry,online
Laura Jones,laura.jones@example.com,40.00,2025-05-08,General Fund,cash
Stephen Campbell,stephen.campbell@example.com,80.00,2025-05-08,General Fund,online
Carol Hernandez,carol.hernandez@example.com,20.00,2025-05-08,General Fund,check
Thomas Nelson,thomas.nelson@example.com,30.00,2025-05-08,General Fund,cash
Amanda Diaz,amanda.diaz@example.com,75.00,2025-05-08,General Fund,check
Robert Green,robert.green@example.com,300.00,2025-05-08,General Fund,online
Pamela Gonzalez,pamela.gonzalez@example.com,60.00,2025-05-11,Missions Fund,check
Richard Harris,richard.harris@example.com,40.00,2025-05-11,General Fund,online
John Okafor,,60.00,2025-05-11,Youth Ministry,cash
Emily Nelson,,200.00,2025-05-11,General Fund,online
Sarah Ramirez,sarah.ramirez@example.com,200.00,2025-05-11,Building Fund,check
Ryan Clark,ryan.clark@example.com,200.00,2025-05-11,General Fund,check
Kathleen Brown,kathleen.brown@example.com,80.00,2025-05-11,General Fund,check
Mark Sanchez,mark.sanchez@example.com,150.00,2025-05-11,Building Fund,check
Jason Mitchell,jason.mitchell@example.com,750.00,2025-05-11,General Fund,check
Matthew Wilson,matthew.wilson@example.com,2000.00,2025-05-11,General Fund,check
Richard Petrov,richard.petrov@example.com,20.00,2025-05-11,General Fund,online
James Nelson,,30.00,2025-05-11,General Fund,other
Amy Walker,,20.00,2025-05-11,General Fund,check
Sarah O'Brien,sarah.obrien@example.com,250.00,2025-05-11,General Fund,cash
Karen Young,karen.young@example.com,60.00,2025-05-11,Building Fund,online
Linda Jackson,,50.00,2025-05-11,General Fund,online
Paul Baker,paul.baker@example.com,10.00,2025-05-11,Building Fund,online
Angela Petrov,angela.petrov@example.com,250.00,2025-05-11,General Fund,check
Ronald Yamamoto,ronald.yamamoto@example.com,20.00,2025-05-11,General Fund,cash
Deborah Miller,deborah.miller@example.com,60.00,2025-05-11,Youth Ministry,online
Emily Williams,emily.williams@example.com,20.00,2025-05-11,Missions Fund,check
Ruth Taylor,ruth.taylor@example.com,75.00,2025-05-11,General Fund,online
Brandon Williams,brandon.williams@example.com,150.00,2025-05-11,Building Fund,online
Carol Hill,carol.hill@example.com,200.00,2025-05-11,Youth Ministry,online
Stephen Campbell,stephen.campbell@example.com,80.00,2025-05-11,Youth Ministry,check
Carol Roberts,carol.roberts@example.com,30.00,2025-05-11,General Fund,online
Elizabeth Sanchez,elizabeth.sanchez@example.com,500.00,2025-05-11,Youth Ministry,check
Ashley Ramirez,,40.00,2025-05-11,Youth Ministry,online
Mark Perez,mark.perez@example.com,60.00,2025-05-11,General Fund,other
Jeffrey Lewis,jeffrey.lewis@example.com,300.00,2025-05-11,Youth Ministry,check
Ronald Rodriguez,,80.00,2025-05-11,General Fund,other
Thomas Nelson,thomas.nelson@example.com,30.00,2025-05-11,General Fund,cash
Jessica Jackson,jessica.jackson@example.com,20.00,2025-05-11,General Fund,online
Kevin Chen,kevin.chen@example.com,40.00,2025-05-11,Missions Fund,check
Lisa Okafor,lisa.okafor@example.com,50.00,2025-05-11,General Fund,online
Kevin Moore,kevin.moore@example.com,120.00,2025-05-11,Youth Ministry,cash
Linda Jones,linda.jones@example.com,80.00,2025-05-11,General Fund,online
Daniel Chen,,80.00,2025-05-11,General Fund,online
Angela Johnson,angela.johnson@example.com,25.00,2025-05-11,Building Fund,online
Timothy Kowalski,timothy.kowalski@example.com,30.00,2025-05-11,General Fund,cash
Emily Rodriguez,,25.00,2025-05-11,Building Fund,online
Charles Hall,charles.hall@example.com,20.00,2025-05-12,General Fund,check
Betty Jones,betty.jones@example.com,200.00,2025-05-12,Missions Fund,online
Sandra Baker,,50.00,2025-05-12,General Fund,check
Rebecca Clark,rebecca.clark@example.com,25.00,2025-05-12,Building Fund,online
Edward Hill,edward.hill@example.com,80.00,2025-05-13,General Fund,online
Jennifer Lee,jennifer.lee@example.com,20.00,2025-05-14,General Fund,online
Deborah Wright,deborah.wright@example.com,150.00,2025-05-14,General Fund,online
Brian Campbell,,50.00,2025-05-14,General Fund,online
Brian Rivera,brian.rivera@example.com,75.00,2025-05-14,Benevolence,online
Justin Martinez,justin.martinez@example.com,40.00,2025-05-15,General Fund,check
Jason Hall,jason.hall@example.com,80.00,2025-05-15,General Fund,online
Ronald Moore,ronald.moore@example.com,300.00,2025-05-15,General Fund,online
Charles Hall,charles.hall@example.com,10.00,2025-05-18,Missions Fund,check
John Okafor,,60.00,2025-05-18,Building Fund,other
Emily Nelson,,200.00,2025-05-18,Building Fund,check
Sarah Ramirez,sarah.ramirez@example.com,60.00,2025-05-18,Youth Ministry,check
Emily Roberts,emily.roberts@example.com,20.00,2025-05-18,Building Fund,online
Michelle Miller,michelle.miller@example.com,60.00,2025-05-18,General Fund,online
Betty Jones,betty.jones@example.com,200.00,2025-05-18,General Fund,check
Mark Sanchez,mark.sanchez@example.com,10.00,2025-05-18,Youth Ministry,check
Matthew Wilson,matthew.wilson@example.com,2000.00,2025-05-18,Building Fund,cash
Richard Petrov,richard.petrov@example.com,20.00,2025-05-18,General Fund,check
Mary Torres,mary.torres@example.com,2000.00,2025-05-18,General Fund,check
Sandra Baker,,10.00,2025-05-18,General Fund,online
James Nelson,,30.00,2025-05-18,General Fund,check
Jeffrey Carter,jeffrey.carter@example.com,2000.00,2025-05-18,Building Fund,online
Jennifer Lee,jennifer.lee@example.com,100.00,2025-05-18,Missions Fund,online
Karen Young,karen.young@example.com,30.00,2025-05-18,General Fund,online
Paul Baker,paul.baker@example.com,10.00,2025-05-18,General Fund,online
Ronald Moore,ronald.moore@example.com,300.00,2025-05-18,General Fund,online
Matthew Flores,matthew.flores@example.com,40.00,2025-05-18,General Fund,online
Ronald Yamamoto,ronald.yamamoto@example.com,20.00,2025-05-18,Benevolence,check
Deborah Miller,deborah.miller@example.com,60.00,2025-05-18,Missions Fund,check
Mark Adams,mark.adams@example.com,25.00,2025-05-18,General Fund,check
Emily Williams,emily.williams@example.com,20.00,2025-05-18,Building Fund,online
Deborah Wright,deborah.wright@example.com,150.00,2025-05-18,General Fund,other
Brandon Williams,brandon.williams@example.com,150.00,2025-05-18,General Fund,online
Carol Hill,carol.hill@example.com,200.00,2025-05-18,Building Fund,online
Edward Hill,edward.hill@example.com,25.00,2025-05-18,General Fund,online
Stephen Campbell,stephen.campbell@example.com,300.00,2025-05-18,General Fund,check
Rebecca Clark,rebecca.clark@example.com,25.00,2025-05-18,General Fund,online
Carol Roberts,carol.roberts@example.com,30.00,2025-05-18,General Fund,online
Elizabeth Sanchez,elizabeth.sanchez@example.com,30.00,2025-05-18,General Fund,online
Ashley Ramirez,,25.00,2025-05-18,General Fund,other
Jeffrey Lewis,jeffrey.lewis@example.com,300.00,2025-05-18,Building Fund,online
Ronald Rodriguez,,80.00,2025-05-18,General Fund,check
Kevin Chen,kevin.chen@example.com,40.00,2025-05-18,General Fund,check
Lisa Okafor,lisa.okafor@example.com,120.00,2025-05-18,General Fund,online
Jason Garcia,jason.garcia@example.com,25.00,2025-05-18,Youth Ministry,check
William Lee,william.lee@example.com,60.00,2025-05-18,General Fund,online
Daniel Chen,,80.00,2025-05-18,Missions Fund,check
Timothy Kowalski,timothy.kowalski@example.com,30.00,2025-05-18,General Fund,online
Emily Rodriguez,,200.00,2025-05-18,General Fund,check
Anonymous,,20.00,2025-05-18,General Fund,cash
Anonymous,,100.00,2025-05-18,Missions Fund,cash
Anonymous,,60.00,2025-05-18,Youth Ministry,cash
Anonymous,,20.00,2025-05-18,Missions Fund,cash
Sarah O'Brien,sarah.obrien@example.com,75.00,2025-05-19,General Fund,check
Jason Hall,jason.hall@example.com,10.00,2025-05-19,Building Fund,online
Brian Rivera,brian.rivera@example.com,75.00,2025-05-19,General Fund,online
Mary Nelson,mary.nelson@example.com,30.00,2025-05-20,General Fund,check
Ryan Clark,ryan.clark@example.com,200.00,2025-05-20,General Fund,check
Ruth Taylor,ruth.taylor@example.com,75.00,2025-05-20,General Fund,cash
Joshua Wilson,joshua.wilson@example.com,25.00,2025-05-20,Missions Fund,check
Brian Campbell,,50.00,2025-05-20,Benevolence,check
Linda Jones,linda.jones@example.com,80.00,2025-05-20,General Fund,check
Jason Nelson,jason.nelson@example.com,25.00,2025-05-21,General Fund,check
Thomas Nelson,thomas.nelson@example.com,30.00,2025-05-21,General Fund,online
Richard Harris,richard.harris@example.com,40.00,2025-05-25,Building Fund,online
Sarah Ramirez,sarah.ramirez@example.com,200.00,2025-05-25,General Fund,check
Ryan Clark,ryan.clark@example.com,200.00,2025-05-25,General Fund,online
Kathleen Brown,kathleen.brown@example.com,200.00,2025-05-25,General Fund,online
Emily Roberts,emily.roberts@example.com,20.00,2025-05-25,General Fund,online
Betty Jones,betty.jones@example.com,200.00,2025-05-25,General Fund,check
Jason Nelson,jason.nelson@example.com,25.00,2025-05-25,General Fund,check
Lisa Young,lisa.young@example.com,80.00,2025-05-25,General Fund,check
Mark Sanchez,mark.sanchez@example.com,150.00,2025-05-25,Missions Fund,check
Mary Torres,mary.torres@example.com,2000.00,2025-05-25,General Fund,online
Sarah O'Brien,sarah.obrien@example.com,75.00,2025-05-25,General Fund,cash
Jennifer Lee,jennifer.lee@example.com,100.00,2025-05-25,General Fund,online
Samantha Jones,samantha.jones@example.com,50.00,2025-05-25,General Fund,online
Justin Martinez,justin.martinez@example.com,150.00,2025-05-25,General Fund,online
Jason Hall,jason.hall@example.com,10.00,2025-05-25,Building Fund,online
Matthew Flores,matthew.flores@example.com,40.00,2025-05-25,General Fund,other
Deborah Miller,deborah.miller@example.com,60.00,2025-05-25,Youth Ministry,cash
Emily Williams,emily.williams@example.com,20.00,2025-05-25,Youth Ministry,check
Deborah Wright,deborah.wright@example.com,150.00,2025-05-25,General Fund,online
Ruth Taylor,ruth.taylor@example.com,75.00,2025-05-25,Building Fund,cash
Carol Hill,carol.hill@example.com,200.00,2025-05-25,General Fund,check
Stephen Campbell,stephen.campbell@example.com,80.00,2025-05-25,General Fund,online
Carol Roberts,carol.roberts@example.com,30.00,2025-05-25,Building Fund,online
Elizabeth Sanchez,elizabeth.sanchez@example.com,30.00,2025-05-25,General Fund,online
Ashley Ramirez,,250.00,2025-05-25,Missions Fund,cash
Mark Perez,mark.perez@example.com,60.00,2025-05-25,General Fund,online
Brian Campbell,,250.00,2025-05-25,General Fund,online
Ronald Rodriguez,,80.00,2025-05-25,Youth Ministry,online
Thomas Nelson,thomas.nelson@example.com,30.00,2025-05-25,General Fund,online
Kevin Chen,kevin.chen@example.com,40.00,2025-05-25,Missions Fund,online
Lisa Okafor,lisa.okafor@example.com,50.00,2025-05-25,General Fund,check
Jason Garcia,jason.garcia@example.com,25.00,2025-05-25,General Fund,cash
William Lee,william.lee@example.com,60.00,2025-05-25,Youth Ministry,check
Brian Rivera,brian.rivera@example.com,75.00,2025-05-25,Youth Ministry,cash
Daniel Chen,,2000.00,2025-05-25,Benevolence,cash
Angela Johnson,angela.johnson@example.com,150.00,2025-05-25,General Fund,online
Emily Rodriguez,,75.00,2025-05-25,General Fund,online
Anonymous,,40.00,2025-05-25,General Fund,cash
Anonymous,,100.00,2025-05-25,Missions Fund,cash
Anonymous,,50.00,2025-05-25,General Fund,cash
Emily Nelson,,200.00,2025-05-26,General Fund,online
Linda Jackson,,80.00,2025-05-26,General Fund,cash
Linda Jones,linda.jones@example.com,80.00,2025-05-26,General Fund,online
Ronald Moore,ronald.moore@example.com,300.00,2025-05-27,General Fund,check
Jeffrey Lewis,jeffrey.lewis@example.com,300.00,2025-05-27,Building Fund,online
Charles Hall,charles.hall@example.com,10.00,2025-05-28,General Fund,cash
Matthew Wilson,matthew.wilson@example.com,75.00,2025-05-28,General Fund,online
Amy Walker,,20.00,2025-05-28,Missions Fund,online
Paul Baker,paul.baker@example.com,500.00,2025-05-28,General Fund,cash
Rebecca Clark,rebecca.clark@example.com,25.00,2025-05-28,General Fund,check
Sandra Baker,,10.00,2025-05-29,Missions Fund,online
Ronald Yamamoto,ronald.yamamoto@example.com,15.00,2025-05-29,General Fund,cash
Timothy Kowalski,timothy.kowalski@example.com,30.00,2025-05-29,General Fund,online
Joseph Johnson,,1500.00,2025-06-01,Benevolence,online
Charles Hall,charles.hall@example.com,10.00,2025-06-01,Building Fund,check
Barbara Harris,barbara.harris@example.com,250.00,2025-06-01,General Fund,check
Ashley Mitchell,ashley.mitchell@example.com,300.00,2025-06-01,General Fund,cash
Jonathan Roberts,jonathan.roberts@example.com,10.00,2025-06-01,General Fund,online
Emily Nelson,,15.00,2025-06-01,General Fund,other
Sarah Ramirez,sarah.ramirez@example.com,20.00,2025-06-01,Benevolence,other
Rebecca Davis,rebecca.davis@example.com,50.00,2025-06-01,General Fund,cash
Justin Torres,justin.torres@example.com,30.00,2025-06-01,Youth Ministry,online
Ruth Williams,,20.00,2025-06-01,General Fund,online
Matthew Sanchez,,1500.00,2025-06-01,General Fund,online
Katherine Allen,katherine.allen@example.com,200.00,2025-06-01,General Fund,online
Ryan Clark,ryan.clark@example.com,200.00,2025-06-01,Missions Fund,check
Emily Roberts,emily.roberts@example.com,20.00,2025-06-01,Building Fund,online
Thomas Flores,thomas.flores@example.com,250.00,2025-06-01,Missions Fund,check
Amanda Carter,amanda.carter@example.com,60.00,2025-06-01,General Fund,online
Jason Nelson,jason.nelson@example.com,25.00,2025-06-01,Building Fund,check
Donald Hall,donald.hall@example.com,500.00,2025-06-01,Building Fund,check
Mark Sanchez,mark.sanchez@example.com,150.00,2025-06-01,General Fund,online
Matthew Wilson,matthew.wilson@example.com,60.00,2025-06-01,Benevolence,online
Richard Petrov,richard.petrov@example.com,20.00,2025-06-01,Building Fund,check
Katherine Hill,katherine.hill@example.com,1000.00,2025-06-01,Building Fund,cash
Timothy Lewis,,60.00,2025-06-01,Building Fund,online
Kathleen Hall,kathleen.hall@example.com,40.00,2025-06-01,General Fund,online
Sandra Baker,,10.00,2025-06-01,Youth Ministry,cash
Pamela Williams,pamela.williams@example.com,1000.00,2025-06-01,General Fund,online
Susan Yamamoto,susan.yamamoto@example.com,500.00,2025-06-01,Building Fund,online
John Robinson,john.robinson@example.com,300.00,2025-06-01,Building Fund,cash
Amy Walker,,20.00,2025-06-01,General Fund,check
Karen Lewis,karen.lewis@example.com,50.00,2025-06-01,Missions Fund,online
Jennifer Lee,jennifer.lee@example.com,20.00,2025-06-01,Building Fund,online
Karen Young,karen.young@example.com,30.00,2025-06-01,Youth Ministry,online
Jacob Chen,jacob.chen@example.com,30.00,2025-06-01,General Fund,online
Justin Martinez,justin.martinez@example.com,40.00,2025-06-01,Youth Ministry,check
Paul Baker,paul.baker@example.com,10.00,2025-06-01,General Fund,online
Ronald Moore,ronald.moore@example.com,300.00,2025-06-01,Youth Ministry,online
Matthew Flores,matthew.flores@example.com,200.00,2025-06-01,Missions Fund,online
Barbara Silva,barbara.silva@example.com,120.00,2025-06-01,General Fund,online
Ronald Yamamoto,ronald.yamamoto@example.com,20.00,2025-06-01,Youth Ministry,online
Jessica Robinson,jessica.robinson@example.com,250.00,2025-06-01,General Fund,online
Emily Williams,emily.williams@example.com,50.00,2025-06-01,General Fund,online
Deborah Wright,deborah.wright@example.com,150.00,2025-06-01,Youth Ministry,online
Ruth Taylor,ruth.taylor@example.com,75.00,2025-06-01,General Fund,online
Stephen Campbell,stephen.campbell@example.com,80.00,2025-06-01,Missions Fund,online
Thomas Scott,thomas.scott@example.com,250.00,2025-06-01,General Fund,online
Melissa Miller,melissa.miller@example.com,75.00,2025-06-01,General Fund,online
Brenda Roberts,brenda.roberts@example.com,80.00,2025-06-01,General Fund,online
Carol Roberts,carol.roberts@example.com,30.00,2025-06-01,Youth Ministry,online
Andrew Wilson,andrew.wilson@example.com,50.00,2025-06-01,Youth Ministry,check
Gary King,gary.king@example.com,50.00,2025-06-01,General Fund,other
Elizabeth Sanchez,elizabeth.sanchez@example.com,250.00,2025-06-01,General Fund,online
Carol Hernandez,carol.hernandez@example.com,20.00,2025-06-01,Building Fund,cash
Ashley Ramirez,,40.00,2025-06-01,Missions Fund,online
Mark Perez,mark.perez@example.com,200.00,2025-06-01,Benevolence,online
Brian Campbell,,50.00,2025-06-01,Missions Fund,online
Elizabeth Lopez,elizabeth.lopez@example.com,300.00,2025-06-01,Missions Fund,online
Nicole Brown,nicole.brown@example.com,50.00,2025-06-01,General Fund,online
Jeffrey Lewis,jeffrey.lewis@example.com,80.00,2025-06-01,General Fund,online
Karen Perez,,40.00,2025-06-01,General Fund,other
Ronald Rodriguez,,80.00,2025-06-01,Building Fund,cash
Amanda Diaz,amanda.diaz@example.com,75.00,2025-06-01,General Fund,online
Edward Allen,edward.allen@example.com,20.00,2025-06-01,General Fund,online
Jacob Lewis,,750.00,2025-06-01,General Fund,online
Sharon Green,,15.00,2025-06-01,Benevolence,check
Robert Green,robert.green@example.com,300.00,2025-06-01,Benevolence,check
Lisa Okafor,lisa.okafor@example.com,200.00,2025-06-01,General Fund,check
Amanda Lopez,amanda.lopez@example.com,20.00,2025-06-01,Missions Fund,cash
William Lee,william.lee@example.com,60.00,2025-06-01,General Fund,online
Patricia Mitchell,patricia.mitchell@example.com,50.00,2025-06-01,General Fund,online
Brian Rivera,brian.rivera@example.com,75.00,2025-06-01,General Fund,cash
Angela Johnson,angela.johnson@example.com,25.00,2025-06-01,General Fund,online
Timothy Kowalski,timothy.kowalski@example.com,250.00,2025-06-01,General Fund,other
Emily Rodriguez,,20.00,2025-06-01,General Fund,online
Anonymous,,50.00,2025-06-01,General Fund,cash
Pamela Gonzalez,pamela.gonzalez@example.com,60.00,2025-06-02,General Fund,online
Brandon Williams,brandon.williams@example.com,75.00,2025-06-02,General Fund,online
Linda Jones,linda.jones@example.com,80.00,2025-06-02,Benevolence,online
Stephanie Torres,stephanie.torres@example.com,75.00,2025-06-02,Building Fund,cash
Cynthia Wilson,cynthia.wilson@example.com,100.00,2025-06-02,Youth Ministry,online
Richard Harris,richard.harris@example.com,40.00,2025-06-03,General Fund,cash
Charles Lewis,charles.lewis@example.com,2000.00,2025-06-03,General Fund,cash
Mary Torres,mary.torres@example.com,2000.00,2025-06-03,General Fund,online
Deborah Miller,deborah.miller@example.com,60.00,2025-06-03,Building Fund,online
Edward Hill,edward.hill@example.com,25.00,2025-06-03,Building Fund,cash
Scott Robinson,scott.robinson@example.com,80.00,2025-06-04,Youth Ministry,cash
Donald Rodriguez,donald.rodriguez@example.com,1000.00,2025-06-04,General Fund,online
Deborah Hernandez,deborah.hernandez@example.com,200.00,2025-06-04,General Fund,check
Daniel Chen,,80.00,2025-06-04,General Fund,cash
Jason Petrov,jason.petrov@example.com,150.00,2025-06-05,General Fund,check
Timothy Johnson,timothy.johnson@example.com,150.00,2025-06-05,General Fund,online
Jason Rodriguez,jason.rodriguez@example.com,20.00,2025-06-05,General Fund,check
Rebecca Clark,rebecca.clark@example.com,300.00,2025-06-05,Building Fund,check
Thomas Nelson,thomas.nelson@example.com,30.00,2025-06-05,General Fund,online
Jason Garcia,jason.garcia@example.com,150.00,2025-06-05,General Fund,check
Charles Hall,charles.hall@example.com,50.00,2025-06-08,General Fund,online
Pamela Gonzalez,pamela.gonzalez@example.com,60.00,2025-06-08,General Fund,online
Richard Harris,richard.harris@example.com,200.00,2025-06-08,Youth Ministry,check
John Okafor,,60.00,2025-06-08,General Fund,cash
Emily Nelson,,200.00,2025-06-08,Benevolence,online
Sarah Ramirez,sarah.ramirez@example.com,200.00,2025-06-08,Youth Ministry,online
Paul Wilson,paul.wilson@example.com,60.00,2025-06-08,General Fund,cash
Kathleen Brown,kathleen.brown@example.com,200.00,2025-06-08,General Fund,online
Emily Roberts,emily.roberts@example.com,25.00,2025-06-08,Youth Ministry,online
Amanda Carter,amanda.carter@example.com,60.00,2025-06-08,General Fund,online
Betty Jones,betty.jones@example.com,60.00,2025-06-08,General Fund,online
Mark Sanchez,mark.sanchez@example.com,75.00,2025-06-08,General Fund,online
Matthew Wilson,matthew.wilson@example.com,60.00,2025-06-08,General Fund,cash
Mary Torres,mary.torres@example.com,2000.00,2025-06-08,Missions Fund,online
Jeffrey Carter,jeffrey.carter@example.com,50.00,2025-06-08,General Fund,online
Amy Walker,,20.00,2025-06-08,General Fund,online
Sarah O'Brien,sarah.obrien@example.com,50.00,2025-06-08,General Fund,check
Karen Young,karen.young@example.com,500.00,2025-06-08,Missions Fund,online
Justin Martinez,justin.martinez@example.com,40.00,2025-06-08,General Fund,online
Paul Baker,paul.baker@example.com,10.00,2025-06-08,Building Fund,online
Ronald Moore,ronald.moore@example.com,750.00,2025-06-08,Building Fund,online
Matthew Flores,matthew.flores@example.com,40.00,2025-06-08,Youth Ministry,check
Ronald Yamamoto,ronald.yamamoto@example.com,20.00,2025-06-08,General Fund,other
Deborah Miller,deborah.miller@example.com,60.00,2025-06-08,Missions Fund,cash
Deborah Wright,deborah.wright@example.com,150.00,2025-06-08,General Fund,online
Ruth Taylor,ruth.taylor@example.com,75.00,2025-06-08,General Fund,cash
Carol Hill,carol.hill@example.com,15.00,2025-06-08,Youth Ministry,check
Edward Hill,edward.hill@example.com,25.00,2025-06-08,Youth Ministry,other
Rebecca Clark,rebecca.clark@example.com,25.00,2025-06-08,Youth Ministry,check
Carol Roberts,carol.roberts@example.com,30.00,2025-06-08,Youth Ministry,online
Elizabeth Sanchez,elizabeth.sanchez@example.com,30.00,2025-06-08,General Fund,online
Ashley Ramirez,,40.00,2025-06-08,General Fund,check
Mark Perez,mark.perez@example.com,10.00,2025-06-08,Missions Fund,online
Jeffrey Lewis,jeffrey.lewis@example.com,300.00,2025-06-08,General Fund,check
Ronald Rodriguez,,50.00,2025-06-08,Youth Ministry,online
Kevin Chen,kevin.chen@example.com,40.00,2025-06-08,Missions Fund,online
William Lee,william.lee@example.com,50.00,2025-06-08,General Fund,online
Linda Jones,linda.jones@example.com,80.00,2025-06-08,Missions Fund,cash
Brian Rivera,brian.rivera@example.com,75.00,2025-06-08,General Fund,check
Daniel Chen,,80.00,2025-06-08,General Fund,cash
Anonymous,,75.00,2025-06-08,Building Fund,cash
Sandra Baker,,10.00,2025-06-09,Missions Fund,check
Linda Jackson,,200.00,2025-06-09,General Fund,online
Stephen Campbell,stephen.campbell@example.com,80.00,2025-06-09,Benevolence,check
Richard Petrov,richard.petrov@example.com,20.00,2025-06-10,General Fund,online
James Nelson,,30.00,2025-06-10,Youth Ministry,online
Lisa Okafor,lisa.okafor@example.com,40.00,2025-06-10,Benevolence,check
Angela Johnson,angela.johnson@example.com,25.00,2025-06-10,Youth Ministry,online
Emily Rodriguez,,200.00,2025-06-10,General Fund,check
Ryan Clark,ryan.clark@example.com,200.00,2025-06-11,General Fund,online
Jennifer Lee,jennifer.lee@example.com,100.00,2025-06-12,General Fund,check
Brian Campbell,,50.00,2025-06-12,General Fund,online
Charles Hall,charles.hall@example.com,10.00,2025-06-15,General Fund,cash
Pamela Gonzalez,pamela.gonzalez@example.com,60.00,2025-06-15,Building Fund,online
Emily Nelson,,200.00,2025-06-15,General Fund,online
Ryan Clark,ryan.clark@example.com,200.00,2025-06-15,General Fund,online
Kathleen Brown,kathleen.brown@example.com,30.00,2025-06-15,General Fund,online
Anna Scott,anna.scott@example.com,750.00,2025-06-15,General Fund,check
Amanda Carter,amanda.carter@example.com,60.00,2025-06-15,General Fund,check
Donald Rodriguez,donald.rodriguez@example.com,40.00,2025-06-15,General Fund,cash
Michelle Miller,michelle.miller@example.com,60.00,2025-06-15,General Fund,online
Betty Jones,betty.jones@example.com,200.00,2025-06-15,Missions Fund,check
Jason Nelson,jason.nelson@example.com,25.00,2025-06-15,Youth Ministry,online
Mark Sanchez,mark.sanchez@example.com,150.00,2025-06-15,General Fund,check
Matthew Wilson,matthew.wilson@example.com,300.00,2025-06-15,Missions Fund,online
Richard Petrov,richard.petrov@example.com,20.00,2025-06-15,General Fund,check
Mary Torres,mary.torres@example.com,2000.00,2025-06-15,General Fund,check
Sandra Baker,,10.00,2025-06-15,General Fund,online
Jeffrey Carter,jeffrey.carter@example.com,1000.00,2025-06-15,General Fund,online
Amy Walker,,20.00,2025-06-15,General Fund,online
Jennifer Lee,jennifer.lee@example.com,100.00,2025-06-15,General Fund,online
Karen Young,karen.young@example.com,250.00,2025-06-15,General Fund,check
Linda Jackson,,200.00,2025-06-15,General Fund,check
Justin Martinez,justin.martinez@example.com,40.00,2025-06-15,General Fund,cash
Ronald Moore,ronald.moore@example.com,300.00,2025-06-15,General Fund,check
Emily Williams,emily.williams@example.com,20.00,2025-06-15,Missions Fund,cash
Deborah Wright,deborah.wright@example.com,150.00,2025-06-15,Benevolence,online
Ruth Taylor,ruth.taylor@example.com,75.00,2025-06-15,General Fund,online
Brandon Williams,brandon.williams@example.com,25.00,2025-06-15,Building Fund,check
Carol Hill,carol.hill@example.com,200.00,2025-06-15,Missions Fund,online
Stephen Campbell,stephen.campbell@example.com,80.00,2025-06-15,General Fund,online
Carol Roberts,carol.roberts@example.com,75.00,2025-06-15,General Fund,check
Elizabeth Sanchez,elizabeth.sanchez@example.com,30.00,2025-06-15,Missions Fund,online
Ashley Ramirez,,40.00,2025-06-15,General Fund,check
Brian Campbell,,50.00,2025-06-15,General Fund,other
Thomas Nelson,thomas.nelson@example.com,30.00,2025-06-15,General Fund,online
Lisa Okafor,lisa.okafor@example.com,50.00,2025-06-15,Missions Fund,check
Jason Garcia,jason.garcia@example.com,25.00,2025-06-15,Building Fund,cash
William Lee,william.lee@example.com,60.00,2025-06-15,Missions Fund,online
Linda Jones,linda.jones@example.com,60.00,2025-06-15,Youth Ministry,cash
Brian Rivera,brian.rivera@example.com,75.00,2025-06-15,General Fund,cash
Daniel Chen,,80.00,2025-06-15,Benevolence,check
Timothy Kowalski,timothy.kowalski@example.com,30.00,2025-06-15,General Fund,other
Emily Rodriguez,,200.00,2025-06-15,Missions Fund,check
Anonymous,,75.00,2025-06-15,Benevolence,cash
Anonymous,,40.00,2025-06-15,General Fund,cash
Anonymous,,30.00,2025-06-15,General Fund,cash
Matthew Flores,matthew.flores@example.com,40.00,2025-06-16,Youth Ministry,online
John Okafor,,300.00,2025-06-17,Building Fund,online
Rebecca Ramirez,rebecca.ramirez@example.com,250.00,2025-06-17,General Fund,cash
Kevin Chen,kevin.chen@example.com,40.00,2025-06-17,General Fund,check
James Nelson,,30.00,2025-06-18,General Fund,online
Ronald Yamamoto,ronald.yamamoto@example.com,20.00,2025-06-18,Missions Fund,online
Rebecca Clark,rebecca.clark@example.com,100.00,2025-06-18,General Fund,online
Pamela Gonzalez,pamela.gonzalez@example.com,60.00,2025-06-22,Benevolence,check
John Okafor,,25.00,2025-06-22,Youth Ministry,check
Emily Nelson,,200.00,2025-06-22,Youth Ministry,online
Edward Baker,edward.baker@example.com,80.00,2025-06-22,Benevolence,other
Ryan Clark,ryan.clark@example.com,200.00,2025-06-22,General Fund,online
Kathleen Brown,kathleen.brown@example.com,200.00,2025-06-22,General Fund,cash
Emily Roberts,emily.roberts@example.com,20.00,2025-06-22,General Fund,online
Gary Johnson,gary.johnson@example.com,100.00,2025-06-22,Missions Fund,online
Amanda Carter,amanda.carter@example.com,1500.00,2025-06-22,Missions Fund,check
Jason Nelson,jason.nelson@example.com,25.00,2025-06-22,Benevolence,online
Jason Mitchell,jason.mitchell@example.com,750.00,2025-06-22,General Fund,check
Mary Torres,mary.torres@example.com,2000.00,2025-06-22,Building Fund,check
Sandra Baker,,60.00,2025-06-22,Benevolence,cash
James Nelson,,30.00,2025-06-22,General Fund,online
Jeffrey Carter,jeffrey.carter@example.com,50.00,2025-06-22,General Fund,check
Amy Walker,,50.00,2025-06-22,Benevolence,check
Jennifer Lee,jennifer.lee@example.com,100.00,2025-06-22,Building Fund,other
Karen Young,karen.young@example.com,60.00,2025-06-22,Building Fund,other
Ronald Yamamoto,ronald.yamamoto@example.com,20.00,2025-06-22,General Fund,online
Nicole Mitchell,nicole.mitchell@example.com,15.00,2025-06-22,Building Fund,check
Emily Williams,emily.williams@example.com,20.00,2025-06-22,General Fund,cash
Deborah Wright,deborah.wright@example.com,150.00,2025-06-22,General Fund,check
Brandon Williams,brandon.williams@example.com,150.00,2025-06-22,General Fund,check
Rebecca Ramirez,rebecca.ramirez@example.com,15.00,2025-06-22,Youth Ministry,check
Carol Hill,carol.hill@example.com,200.00,2025-06-22,General Fund,check
Edward Hill,edward.hill@example.com,25.00,2025-06-22,General Fund,other
Rebecca Clark,rebecca.clark@example.com,25.00,2025-06-22,Missions Fund,online
Carol Roberts,carol.roberts@example.com,30.00,2025-06-22,Building Fund,check
Elizabeth Sanchez,elizabeth.sanchez@example.com,30.00,2025-06-22,General Fund,check
Ashley Ramirez,,40.00,2025-06-22,General Fund,check
Mark Perez,mark.perez@example.com,750.00,2025-06-22,General Fund,online
Jeffrey Lewis,jeffrey.lewis@example.com,300.00,2025-06-22,General Fund,online
Ronald Rodriguez,,80.00,2025-06-22,General Fund,online
Thomas Nelson,thomas.nelson@example.com,30.00,2025-06-22,General Fund,check
Kevin Chen,kevin.chen@example.com,40.00,2025-06-22,General Fund,online
Lisa Okafor,lisa.okafor@example.com,50.00,2025-06-22,Building Fund,online
William Lee,william.lee@example.com,750.00,2025-06-22,Youth Ministry,online
Brian Rivera,brian.rivera@example.com,75.00,2025-06-22,General Fund,online
Angela Johnson,angela.johnson@example.com,25.00,2025-06-22,General Fund,online
Timothy Kowalski,timothy.kowalski@example.com,30.00,2025-06-22,General Fund,check
Anonymous,,50.00,2025-06-22,General Fund,cash
Anonymous,,50.00,2025-06-22,Missions Fund,cash
Anonymous,,20.00,2025-06-22,Building Fund,cash
Anonymous,,40.00,2025-06-22,Youth Ministry,cash
Anonymous,,60.00,2025-06-22,General Fund,cash
Sarah Ramirez,sarah.ramirez@example.com,200.00,2025-06-23,Building Fund,check
Betty Jones,betty.jones@example.com,200.00,2025-06-23,General Fund,online
Ronald Moore,ronald.moore@example.com,300.00,2025-06-23,General Fund,check
Lisa Young,lisa.young@example.com,80.00,2025-06-24,General Fund,check
Matthew Wilson,matthew.wilson@example.com,2000.00,2025-06-24,General Fund,check
Linda Jackson,,200.00,2025-06-24,Missions Fund,online
Mark Sanchez,mark.sanchez@example.com,1500.00,2025-06-25,Missions Fund,online
Justin Martinez,justin.martinez@example.com,40.00,2025-06-25,General Fund,online
Matthew Flores,matthew.flores@example.com,40.00,2025-06-25,General Fund,online
Emily Rodriguez,,200.00,2025-06-25,General Fund,online
Ruth Taylor,ruth.taylor@example.com,10.00,2025-06-26,General Fund,online
Brian Campbell,,50.00,2025-06-26,General Fund,online
Pamela Gonzalez,pamela.gonzalez@example.com,60.00,2025-06-29,General Fund,check
Richard Harris,richard.harris@example.com,40.00,2025-06-29,Youth Ministry,online
James Hill,,50.00,2025-06-29,General Fund,other
Kathleen Brown,kathleen.brown@example.com,200.00,2025-06-29,General Fund,check
Anna Scott,anna.scott@example.com,750.00,2025-06-29,General Fund,online
Emily Roberts,emily.roberts@example.com,20.00,2025-06-29,Building Fund,check
Anthony Petrov,anthony.petrov@example.com,300.00,2025-06-29,General Fund,check
Amanda Carter,amanda.carter@example.com,60.00,2025-06-29,General Fund,online
Donald Rodriguez,donald.rodriguez@example.com,80.00,2025-06-29,Building Fund,online
Mark Sanchez,mark.sanchez@example.com,150.00,2025-06-29,General Fund,other
Richard Petrov,richard.petrov@example.com,20.00,2025-06-29,General Fund,online
Mary Torres,mary.torres@example.com,2000.00,2025-06-29,General Fund,check
Sandra Baker,,10.00,2025-06-29,General Fund,check
James Nelson,,50.00,2025-06-29,Youth Ministry,check
Jeffrey Carter,jeffrey.carter@example.com,50.00,2025-06-29,General Fund,other
Amy Walker,,20.00,2025-06-29,General Fund,cash
Sarah O'Brien,sarah.obrien@example.com,100.00,2025-06-29,Youth Ministry,online
Linda Jackson,,200.00,2025-06-29,General Fund,check
Justin Martinez,justin.martinez@example.com,40.00,2025-06-29,General Fund,check
Paul Baker,paul.baker@example.com,20.00,2025-06-29,General Fund,online
Jason Hall,jason.hall@example.com,10.00,2025-06-29,General Fund,check
Ronald Moore,ronald.moore@example.com,300.00,2025-06-29,Youth Ministry,check
Matthew Flores,matthew.flores@example.com,15.00,2025-06-29,Missions Fund,check
Ronald Yamamoto,ronald.yamamoto@example.com,20.00,2025-06-29,Building Fund,online
Deborah Miller,deborah.miller@example.com,75.00,2025-06-29,General Fund,online
Emily Williams,emily.williams@example.com,20.00,2025-06-29,General Fund,online
Deborah Wright,deborah.wright@example.com,200.00,2025-06-29,General Fund,online
Brandon Williams,brandon.williams@example.com,150.00,2025-06-29,General Fund,online
Rebecca Ramirez,rebecca.ramirez@example.com,2000.00,2025-06-29,Youth Ministry,check
Carol Hill,carol.hill@example.com,200.00,2025-06-29,Missions Fund,online
Edward Hill,edward.hill@example.com,25.00,2025-06-29,Missions Fund,check
Stephen Campbell,stephen.campbell@example.com,80.00,2025-06-29,General Fund,online
Carol Roberts,carol.roberts@example.com,30.00,2025-06-29,Youth Ministry,online
Ashley Ramirez,,75.00,2025-06-29,General Fund,online
Mark Perez,mark.perez@example.com,60.00,2025-06-29,Youth Ministry,online
Jeffrey Lewis,jeffrey.lewis@example.com,500.00,2025-06-29,General Fund,online
Ronald Rodriguez,,80.00,2025-06-29,Youth Ministry,online
Thomas Nelson,thomas.nelson@example.com,30.00,2025-06-29,General Fund,online
Lisa Okafor,lisa.okafor@example.com,25.00,2025-06-29,General Fund,online
Jennifer Chen,jennifer.chen@example.com,1000.00,2025-06-29,Missions Fund,online
Jason Garcia,jason.garcia@example.com,25.00,2025-06-29,General Fund,online
William Lee,william.lee@example.com,60.00,2025-06-29,Building Fund,check
Linda Jones,linda.jones@example.com,80.00,2025-06-29,General Fund,online
Brian Rivera,brian.rivera@example.com,75.00,2025-06-29,General Fund,check
Emily Rodriguez,,200.00,2025-06-29,General Fund,online
Sarah Ramirez,sarah.ramirez@example.com,200.00,2025-06-30,General Fund,check
Karen Young,karen.young@example.com,60.00,2025-06-30,General Fund,online
Kevin Chen,kevin.chen@example.com,40.00,2025-06-30,General Fund,online
John Okafor,,60.00,2025-07-01,General Fund,other
Jason Nelson,jason.nelson@example.com,25.00,2025-07-01,Benevolence,check
William Hill,william.hill@example.com,40.00,2025-07-01,General Fund,online
Ruth Taylor,ruth.taylor@example.com,75.00,2025-07-01,General Fund,online
Brian Campbell,,50.00,2025-07-01,General Fund,check
Jennifer Lee,jennifer.lee@example.com,100.00,2025-07-02,Building Fund,online
Elizabeth Sanchez,elizabeth.sanchez@example.com,30.00,2025-07-02,Youth Ministry,online
Timothy Kowalski,timothy.kowalski@example.com,30.00,2025-07-02,General Fund,check
Rebecca Clark,rebecca.clark@example.com,25.00,2025-07-03,Building Fund,online
Joseph Johnson,,60.00,2025-07-06,Youth Ministry,check
Charles Hall,charles.hall@example.com,10.00,2025-07-06,Missions Fund,online
Barbara Harris,barbara.harris@example.com,250.00,2025-07-06,Building Fund,online
Richard Harris,richard.harris@example.com,40.00,2025-07-06,Benevolence,online
Margaret Adams,margaret.adams@example.com,300.00,2025-07-06,General Fund,other
George Anderson,,50.00,2025-07-06,General Fund,cash
Jonathan Roberts,jonathan.roberts@example.com,10.00,2025-07-06,General Fund,online
Emily Nelson,,200.00,2025-07-06,General Fund,check
Sarah Ramirez,sarah.ramirez@example.com,200.00,2025-07-06,Benevolence,check
Linda Mitchell,linda.mitchell@example.com,250.00,2025-07-06,Youth Ministry,check
Rebecca Davis,rebecca.davis@example.com,120.00,2025-07-06,General Fund,online
Justin Torres,justin.torres@example.com,75.00,2025-07-06,Building Fund,online
Charles Lewis,charles.lewis@example.com,2000.00,2025-07-06,General Fund,online
Anthony Baker,anthony.baker@example.com,100.00,2025-07-06,General Fund,online
Jeffrey Scott,,75.00,2025-07-06,General Fund,other
Ruth Williams,,20.00,2025-07-06,General Fund,online
Jennifer Kim,jennifer.kim@example.com,25.00,2025-07-06,Missions Fund,cash
Matthew Sanchez,,75.00,2025-07-06,Building Fund,online
Katherine Allen,katherine.allen@example.com,2000.00,2025-07-06,Youth Ministry,online
Laura Jones,laura.jones@example.com,80.00,2025-07-06,General Fund,cash
Paul Allen,paul.allen@example.com,150.00,2025-07-06,General Fund,check
Ryan Clark,ryan.clark@example.com,2000.00,2025-07-06,General Fund,online
Kathleen Brown,kathleen.brown@example.com,200.00,2025-07-06,Benevolence,check
Emily Roberts,emily.roberts@example.com,300.00,2025-07-06,General Fund,other
Thomas Flores,thomas.flores@example.com,50.00,2025-07-06,General Fund,online
Jason Rodriguez,jason.rodriguez@example.com,20.00,2025-07-06,General Fund,online
Amanda Carter,amanda.carter@example.com,60.00,2025-07-06,General Fund,cash
Jacob Johnson,jacob.johnson@example.com,30.00,2025-07-06,Youth Ministry,check
Donald Rodriguez,donald.rodriguez@example.com,20.00,2025-07-06,General Fund,online
Deborah Hernandez,deborah.hernandez@example.com,200.00,2025-07-06,General Fund,online
Betty Jones,betty.jones@example.com,200.00,2025-07-06,General Fund,online
Donald Hall,donald.hall@example.com,500.00,2025-07-06,Building Fund,cash
Richard Petrov,richard.petrov@example.com,500.00,2025-07-06,General Fund,cash
Mary Torres,mary.torres@example.com,80.00,2025-07-06,General Fund,cash
Amy Davis,,15.00,2025-07-06,General Fund,online
Katherine Hill,katherine.hill@example.com,750.00,2025-07-06,Missions Fund,cash
Nicole Ramirez,,100.00,2025-07-06,Missions Fund,online
Timothy Lewis,,150.00,2025-07-06,Missions Fund,online
Kathleen Hall,kathleen.hall@example.com,40.00,2025-07-06,General Fund,online
Sandra Baker,,80.00,2025-07-06,General Fund,check
Pamela Williams,pamela.williams@example.com,1000.00,2025-07-06,Youth Ministry,cash
Susan Yamamoto,susan.yamamoto@example.com,60.00,2025-07-06,General Fund,online
John Robinson,john.robinson@example.com,300.00,2025-07-06,Building Fund,check
Jeffrey Carter,jeffrey.carter@example.com,50.00,2025-07-06,General Fund,check
Jessica Adams,jessica.adams@example.com,60.00,2025-07-06,General Fund,check
Amy Walker,,20.00,2025-07-06,Missions Fund,check
Sarah O'Brien,sarah.obrien@example.com,75.00,2025-07-06,Building Fund,cash
Karen Lewis,karen.lewis@example.com,75.00,2025-07-06,Building Fund,online
Jennifer Lee,jennifer.lee@example.com,100.00,2025-07-06,General Fund,check
Karen Young,karen.young@example.com,60.00,2025-07-06,Building Fund,check
Linda Jackson,,200.00,2025-07-06,General Fund,online
Justin Martinez,justin.martinez@example.com,40.00,2025-07-06,Missions Fund,online
Paul Baker,paul.baker@example.com,10.00,2025-07-06,General Fund,check
Jason Hall,jason.hall@example.com,10.00,2025-07-06,General Fund,cash
Ronald Moore,ronald.moore@example.com,300.00,2025-07-06,Building Fund,online
Barbara Silva,barbara.silva@example.com,120.00,2025-07-06,General Fund,check
Ronald Yamamoto,ronald.yamamoto@example.com,1500.00,2025-07-06,General Fund,online
Jessica Robinson,jessica.robinson@example.com,250.00,2025-07-06,General Fund,check
Deborah Miller,deborah.miller@example.com,60.00,2025-07-06,General Fund,cash
Deborah Wright,deborah.wright@example.com,150.00,2025-07-06,General Fund,check
Ruth Taylor,ruth.taylor@example.com,75.00,2025-07-06,General Fund,online
Brandon Williams,brandon.williams@example.com,150.00,2025-07-06,General Fund,check
Rebecca Ramirez,rebecca.ramirez@example.com,25.00,2025-07-06,General Fund,other
Carol Hill,carol.hill@example.com,200.00,2025-07-06,Building Fund,online
Melissa Miller,melissa.miller@example.com,75.00,2025-07-06,General Fund,online
Brenda Roberts,brenda.roberts@example.com,80.00,2025-07-06,General Fund,check
Carol Roberts,carol.roberts@example.com,30.00,2025-07-06,Building Fund,cash
Andrew Wilson,andrew.wilson@example.com,50.00,2025-07-06,General Fund,online
Gary King,gary.king@example.com,50.00,2025-07-06,Missions Fund,check
Elizabeth Sanchez,elizabeth.sanchez@example.com,300.00,2025-07-06,General Fund,online
Mark Perez,mark.perez@example.com,60.00,2025-07-06,Benevolence,online
Brian Campbell,,50.00,2025-07-06,General Fund,check
Elizabeth Lopez,elizabeth.lopez@example.com,150.00,2025-07-06,Youth Ministry,online
Nicole Brown,nicole.brown@example.com,120.00,2025-07-06,General Fund,online
Karen Perez,,40.00,2025-07-06,Building Fund,other
Thomas Nelson,thomas.nelson@example.com,10.00,2025-07-06,Missions Fund,online
Amanda Diaz,amanda.diaz@example.com,75.00,2025-07-06,General Fund,check
Edward Allen,edward.allen@example.com,20.00,2025-07-06,General Fund,check
Kevin Chen,kevin.chen@example.com,100.00,2025-07-06,Youth Ministry,check
Robert Green,robert.green@example.com,300.00,2025-07-06,General Fund,check
Lisa Okafor,lisa.okafor@example.com,50.00,2025-07-06,Youth Ministry,online
Jason Garcia,jason.garcia@example.com,25.00,2025-07-06,Building Fund,cash
William Lee,william.lee@example.com,60.00,2025-07-06,General Fund,check
Linda Jones,linda.jones@example.com,80.00,2025-07-06,Building Fund,cash
Stephanie Torres,stephanie.torres@example.com,50.00,2025-07-06,General Fund,online
Patricia Mitchell,patricia.mitchell@example.com,50.00,2025-07-06,General Fund,online
Cynthia Wilson,cynthia.wilson@example.com,100.00,2025-07-06,General Fund,check
Daniel Chen,,80.00,2025-07-06,General Fund,check
Angela Johnson,angela.johnson@example.com,25.00,2025-07-06,General Fund,cash
Timothy Kowalski,timothy.kowalski@example.com,30.00,2025-07-06,General Fund,cash
Emily Rodriguez,,200.00,2025-07-06,General Fund,online
Ashley Mitchell,ashley.mitchell@example.com,300.00,2025-07-07,General Fund,online
Jason Nelson,jason.nelson@example.com,25.00,2025-07-07,Benevolence,online
Mark Sanchez,mark.sanchez@example.com,150.00,2025-07-07,General Fund,online
Thomas Scott,thomas.scott@example.com,250.00,2025-07-07,General Fund,online
Katherine King,katherine.king@example.com,80.00,2025-07-07,Benevolence,online
Sharon Green,,15.00,2025-07-07,General Fund,online
Andrew Hall,andrew.hall@example.com,250.00,2025-07-08,Missions Fund,online
Rebecca Clark,rebecca.clark@example.com,25.00,2025-07-08,General Fund,online
Ashley Ramirez,,300.00,2025-07-08,General Fund,check
Jason Petrov,jason.petrov@example.com,150.00,2025-07-09,Building Fund,online
Jacob Chen,jacob.chen@example.com,100.00,2025-07-09,Building Fund,online
Edward Hill,edward.hill@example.com,25.00,2025-07-09,Missions Fund,cash
Carol Hernandez,carol.hernandez@example.com,20.00,2025-07-09,Building Fund,online
Amanda Lopez,amanda.lopez@example.com,30.00,2025-07-10,General Fund,check
Pamela Gonzalez,pamela.gonzalez@example.com,60.00,2025-07-13,General Fund,cash
Emily Nelson,,30.00,2025-07-13,General Fund,online
Mark Okafor,,10.00,2025-07-13,Building Fund,online
Ryan Clark,ryan.clark@example.com,200.00,2025-07-13,General Fund,online
Emily Roberts,emily.roberts@example.com,20.00,2025-07-13,Youth Ministry,cash
Gary Johnson,gary.johnson@example.com,25.00,2025-07-13,General Fund,online
Donald Rodriguez,donald.rodriguez@example.com,20.00,2025-07-13,General Fund,check
Betty Jones,betty.jones@example.com,200.00,2025-07-13,Building Fund,online
Mark Sanchez,mark.sanchez@example.com,150.00,2025-07-13,Building Fund,cash
Matthew Wilson,matthew.wilson@example.com,2000.00,2025-07-13,General Fund,other
Mary Torres,mary.torres@example.com,2000.00,2025-07-13,Youth Ministry,online
Jeffrey Carter,jeffrey.carter@example.com,50.00,2025-07-13,Missions Fund,cash
Sarah O'Brien,sarah.obrien@example.com,75.00,2025-07-13,General Fund,online
Jennifer Lee,jennifer.lee@example.com,100.00,2025-07-13,General Fund,online
Linda Jackson,,200.00,2025-07-13,General Fund,cash
Paul Baker,paul.baker@example.com,10.00,2025-07-13,General Fund,online
Jason Hall,jason.hall@example.com,10.00,2025-07-13,General Fund,other
Ronald Moore,ronald.moore@example.com,300.00,2025-07-13,General Fund,online
Ronald Yamamoto,ronald.yamamoto@example.com,20.00,2025-07-13,General Fund,check
Deborah Wright,deborah.wright@example.com,150.00,2025-07-13,Missions Fund,online
Brandon Williams,brandon.williams@example.com,150.00,2025-07-13,General Fund,cash
Rebecca Ramirez,rebecca.ramirez@example.com,25.00,2025-07-13,General Fund,other
Carol Hill,carol.hill@example.com,200.00,2025-07-13,Youth Ministry,check
Stephen Campbell,stephen.campbell@example.com,80.00,2025-07-13,General Fund,check
Melissa O'Brien,melissa.obrien@example.com,100.00,2025-07-13,Missions Fund,cash
Carol Roberts,carol.roberts@example.com,1000.00,2025-07-13,General Fund,cash
Elizabeth Sanchez,elizabeth.sanchez@example.com,500.00,2025-07-13,Building Fund,check
Brian Campbell,,50.00,2025-07-13,General Fund,online
Thomas Nelson,thomas.nelson@example.com,30.00,2025-07-13,Building Fund,online
Lisa Okafor,lisa.okafor@example.com,80.00,2025-07-13,General Fund,online
Jason Garcia,jason.garcia@example.com,25.00,2025-07-13,Youth Ministry,check
William Lee,william.lee@example.com,60.00,2025-07-13,General Fund,online
Linda Jones,linda.jones@example.com,80.00,2025-07-13,General Fund,other
Brian Rivera,brian.rivera@example.com,75.00,2025-07-13,General Fund,online
Daniel Chen,,80.00,2025-07-13,General Fund,online
Angela Johnson,angela.johnson@example.com,25.00,2025-07-13,General Fund,online
Emily Rodriguez,,200.00,2025-07-13,General Fund,cash
Anonymous,,10.00,2025-07-13,General Fund,cash
Anonymous,,15.00,2025-07-13,Benevolence,cash
Anonymous,,20.00,2025-07-13,General Fund,cash
Amanda Carter,amanda.carter@example.com,25.00,2025-07-14,General Fund,online
Richard Harris,richard.harris@example.com,250.00,2025-07-15,Missions Fund,online
Emily Williams,emily.williams@example.com,20.00,2025-07-15,General Fund,check
Ruth Taylor,ruth.taylor@example.com,75.00,2025-07-15,General Fund,online
Edward Hill,edward.hill@example.com,25.00,2025-07-15,General Fund,online
Rebecca Clark,rebecca.clark@example.com,200.00,2025-07-15,Missions Fund,online
Ashley Ramirez,,150.00,2025-07-15,General Fund,check
Sarah Ramirez,sarah.ramirez@example.com,200.00,2025-07-16,Building Fund,check
Richard Petrov,richard.petrov@example.com,20.00,2025-07-16,Missions Fund,online
Justin Martinez,justin.martinez@example.com,500.00,2025-07-16,General Fund,online
Deborah Miller,deborah.miller@example.com,300.00,2025-07-16,Missions Fund,check
Kevin Chen,kevin.chen@example.com,40.00,2025-07-16,Building Fund,online
Matthew Flores,matthew.flores@example.com,40.00,2025-07-17,Missions Fund,online
Charles Hall,charles.hall@example.com,10.00,2025-07-20,Youth Ministry,check
John Okafor,,250.00,2025-07-20,Building Fund,cash
Emily Nelson,,50.00,2025-07-20,General Fund,check
Sarah Ramirez,sarah.ramirez@example.com,200.00,2025-07-20,General Fund,other
Kimberly Sanchez,kimberly.sanchez@example.com,30.00,2025-07-20,General Fund,check
Ryan Clark,ryan.clark@example.com,20.00,2025-07-20,Youth Ministry,online
Kathleen Brown,kathleen.brown@example.com,200.00,2025-07-20,Missions Fund,check
Emily Roberts,emily.roberts@example.com,30.00,2025-07-20,General Fund,check
Amanda Carter,amanda.carter@example.com,60.00,2025-07-20,Building Fund,online
Donald Rodriguez,donald.rodriguez@example.com,20.00,2025-07-20,Youth Ministry,online
Betty Jones,betty.jones@example.com,200.00,2025-07-20,Missions Fund,online
Jason Nelson,jason.nelson@example.com,25.00,2025-07-20,General Fund,online
Jason Mitchell,jason.mitchell@example.com,750.00,2025-07-20,Youth Ministry,check
Matthew Wilson,matthew.wilson@example.com,2000.00,2025-07-20,General Fund,online
Richard Petrov,richard.petrov@example.com,250.00,2025-07-20,General Fund,online
Mary Torres,mary.torres@example.com,2000.00,2025-07-20,Benevolence,check
Sandra Baker,,10.00,2025-07-20,Youth Ministry,cash
James Nelson,,30.00,2025-07-20,General Fund,online
Amy Walker,,25.00,2025-07-20,General Fund,online
Karen Young,karen.young@example.com,60.00,2025-07-20,Missions Fund,check
Richard King,,20.00,2025-07-20,General Fund,check
Jason Hall,jason.hall@example.com,10.00,2025-07-20,Missions Fund,check
Ronald Moore,ronald.moore@example.com,300.00,2025-07-20,General Fund,online
Matthew Flores,matthew.flores@example.com,25.00,2025-07-20,Benevolence,cash
Deborah Miller,deborah.miller@example.com,60.00,2025-07-20,General Fund,check
Emily Williams,emily.williams@example.com,20.00,2025-07-20,General Fund,online
Sandra Perez,sandra.perez@example.com,1000.00,2025-07-20,Benevolence,online
Brandon Williams,brandon.williams@example.com,150.00,2025-07-20,Benevolence,online
Rebecca Ramirez,rebecca.ramirez@example.com,25.00,2025-07-20,Building Fund,online
Edward Hill,edward.hill@example.com,25.00,2025-07-20,General Fund,online
Stephen Campbell,stephen.campbell@example.com,80.00,2025-07-20,Building Fund,online
Rebecca Clark,rebecca.clark@example.com,25.00,2025-07-20,General Fund,online
Carol Roberts,carol.roberts@example.com,30.00,2025-07-20,Building Fund,online
Ashley Ramirez,,40.00,2025-07-20,Youth Ministry,online
Mark Perez,mark.perez@example.com,300.00,2025-07-20,Building Fund,online
Lisa Okafor,lisa.okafor@example.com,30.00,2025-07-20,General Fund,cash
Jason Garcia,jason.garcia@example.com,25.00,2025-07-20,Building Fund,online
Linda Jones,linda.jones@example.com,75.00,2025-07-20,Building Fund,check
Brian Rivera,brian.rivera@example.com,75.00,2025-07-20,General Fund,cash
Daniel Chen,,80.00,2025-07-20,General Fund,check
Angela Johnson,angela.johnson@example.com,25.00,2025-07-20,General Fund,check
Emily Rodriguez,,200.00,2025-07-20,Youth Ministry,online
Jennifer Lee,jennifer.lee@example.com,100.00,2025-07-21,Benevolence,check
Justin Martinez,justin.martinez@example.com,40.00,2025-07-21,General Fund,online
Paul Baker,paul.baker@example.com,10.00,2025-07-21,General Fund,online
Thomas Nelson,thomas.nelson@example.com,150.00,2025-07-21,General Fund,online
Mark Sanchez,mark.sanchez@example.com,150.00,2025-07-22,Building Fund,online
Elizabeth Sanchez,elizabeth.sanchez@example.com,30.00,2025-07-22,Building Fund,check
Linda Jackson,,500.00,2025-07-23,General Fund,online
Kevin Chen,kevin.chen@example.com,40.00,2025-07-23,Missions Fund,online
William Lee,william.lee@example.com,60.00,2025-07-23,General Fund,check
Ashley Rodriguez,ashley.rodriguez@example.com,1500.00,2025-07-24,General Fund,online
Brian Yamamoto,brian.yamamoto@example.com,100.00,2025-07-24,General Fund,check
Jeffrey Lewis,jeffrey.lewis@example.com,300.00,2025-07-24,Building Fund,other
Charles Hall,charles.hall@example.com,10.00,2025-07-27,Building Fund,online
Pamela Gonzalez,pamela.gonzalez@example.com,60.00,2025-07-27,General Fund,online
Richard Harris,richard.harris@example.com,40.00,2025-07-27,Benevolence,check
John Okafor,,60.00,2025-07-27,General Fund,check
Emily Nelson,,200.00,2025-07-27,General Fund,check
Sarah Ramirez,sarah.ramirez@example.com,10.00,2025-07-27,General Fund,cash
Ryan Clark,ryan.clark@example.com,200.00,2025-07-27,General Fund,cash
Emily Roberts,emily.roberts@example.com,20.00,2025-07-27,Missions Fund,online
Jason Nelson,jason.nelson@example.com,25.00,2025-07-27,General Fund,online
Mark Sanchez,mark.sanchez@example.com,150.00,2025-07-27,Building Fund,cash
Matthew Wilson,matthew.wilson@example.com,30.00,2025-07-27,Benevolence,online
Richard Petrov,richard.petrov@example.com,20.00,2025-07-27,General Fund,check
Mary Torres,mary.torres@example.com,2000.00,2025-07-27,General Fund,online
Sandra Baker,,10.00,2025-07-27,Building Fund,online
James Nelson,,30.00,2025-07-27,Youth Ministry,online
Jeffrey Carter,jeffrey.carter@example.com,30.00,2025-07-27,General Fund,online
Amy Walker,,100.00,2025-07-27,Missions Fund,online
Sarah O'Brien,sarah.obrien@example.com,75.00,2025-07-27,Youth Ministry,check
Jennifer Lee,jennifer.lee@example.com,100.00,2025-07-27,Missions Fund,cash
Karen Young,karen.young@example.com,20.00,2025-07-27,General Fund,online
Linda Jackson,,1000.00,2025-07-27,Youth Ministry,online
Paul Baker,paul.baker@example.com,10.00,2025-07-27,General Fund,check
Jason Hall,jason.hall@example.com,10.00,2025-07-27,General Fund,online
Ronald Moore,ronald.moore@example.com,300.00,2025-07-27,Building Fund,check
Matthew Flores,matthew.flores@example.com,40.00,2025-07-27,General Fund,online
Ronald Yamamoto,ronald.yamamoto@example.com,20.00,2025-07-27,Building Fund,cash
Deborah Miller,deborah.miller@example.com,60.00,2025-07-27,Youth Ministry,check
Mark Adams,mark.adams@example.com,75.00,2025-07-27,Building Fund,online
Deborah Wright,deborah.wright@example.com,150.00,2025-07-27,Building Fund,check
Ruth Taylor,ruth.taylor@example.com,75.00,2025-07-27,General Fund,online
Brandon Williams,brandon.williams@example.com,150.00,2025-07-27,General Fund,online
Edward Hill,edward.hill@example.com,75.00,2025-07-27,General Fund,check
Rebecca Clark,rebecca.clark@example.com,300.00,2025-07-27,Missions Fund,cash
Brian Yamamoto,brian.yamamoto@example.com,60.00,2025-07-27,General Fund,check
Carol Roberts,carol.roberts@example.com,30.00,2025-07-27,Benevolence,online
Mark Perez,mark.perez@example.com,60.00,2025-07-27,Youth Ministry,check
Brian Campbell,,75.00,2025-07-27,General Fund,online
Thomas Nelson,thomas.nelson@example.com,30.00,2025-07-27,General Fund,online
Kevin Chen,kevin.chen@example.com,40.00,2025-07-27,General Fund,online
Lisa Okafor,lisa.okafor@example.com,15.00,2025-07-27,General Fund,online
William Lee,william.lee@example.com,60.00,2025-07-27,Youth Ministry,online
Linda Jones,linda.jones@example.com,80.00,2025-07-27,Building Fund,online
Brian Rivera,brian.rivera@example.com,75.00,2025-07-27,General Fund,online
Timothy Kowalski,timothy.kowalski@example.com,30.00,2025-07-27,Building Fund,online
Emily Rodriguez,,200.00,2025-07-27,General Fund,check
Anonymous,,50.00,2025-07-27,General Fund,cash
Donald Rodriguez,donald.rodriguez@example.com,20.00,2025-07-28,General Fund,online
Richard King,,20.00,2025-07-28,Building Fund,online
Emily Williams,emily.williams@example.com,80.00,2025-07-28,Building Fund,check
Mark Okafor,,10.00,2025-07-29,Youth Ministry,online
Amanda Carter,amanda.carter@example.com,60.00,2025-07-30,Missions Fund,check
Samantha Jones,samantha.jones@example.com,500.00,2025-07-30,General Fund,online
Jason Garcia,jason.garcia@example.com,25.00,2025-07-30,General Fund,cash
Kathleen Brown,kathleen.brown@example.com,200.00,2025-07-31,General Fund,other
Charles Hall,charles.hall@example.com,10.00,2025-08-03,General Fund,check
Jonathan Davis,jonathan.davis@example.com,50.00,2025-08-03,Building Fund,check
Pamela Gonzalez,pamela.gonzalez@example.com,60.00,2025-08-03,General Fund,online
Andrew Hall,andrew.hall@example.com,60.00,2025-08-03,General Fund,online
John Okafor,,60.00,2025-08-03,Building Fund,check
Ashley Mitchell,ashley.mitchell@example.com,300.00,2025-08-03,General Fund,online
George Anderson,,50.00,2025-08-03,General Fund,check
Jonathan Roberts,jonathan.roberts@example.com,10.00,2025-08-03,Missions Fund,online
Emily Nelson,,200.00,2025-08-03,Building Fund,other
Sarah Ramirez,sarah.ramirez@example.com,200.00,2025-08-03,Youth Ministry,online
Linda Mitchell,linda.mitchell@example.com,250.00,2025-08-03,Building Fund,online
Kimberly Sanchez,kimberly.sanchez@example.com,15.00,2025-08-03,Youth Ministry,check
Charles Lewis,charles.lewis@example.com,150.00,2025-08-03,Benevolence,check
Mary Nelson,mary.nelson@example.com,30.00,2025-08-03,General Fund,online
Anthony Baker,anthony.baker@example.com,300.00,2025-08-03,General Fund,online
Jason Petrov,jason.petrov@example.com,150.00,2025-08-03,Missions Fund,check
Ruth Williams,,20.00,2025-08-03,General Fund,check
Matthew Sanchez,,75.00,2025-08-03,Missions Fund,online
Paul Allen,paul.allen@example.com,1500.00,2025-08-03,General Fund,check
Mark Okafor,,10.00,2025-08-03,General Fund,online
Ryan Clark,ryan.clark@example.com,200.00,2025-08-03,Building Fund,check
Kathleen Brown,kathleen.brown@example.com,200.00,2025-08-03,Building Fund,online
Jacob Johnson,jacob.johnson@example.com,30.00,2025-08-03,General Fund,online
Deborah Hernandez,deborah.hernandez@example.com,200.00,2025-08-03,General Fund,check
Matthew Wilson,matthew.wilson@example.com,2000.00,2025-08-03,General Fund,online
Richard Petrov,richard.petrov@example.com,20.00,2025-08-03,General Fund,other
Mary Torres,mary.torres@example.com,50.00,2025-08-03,Building Fund,cash
Amy Davis,,100.00,2025-08-03,Building Fund,online
Katherine Hill,katherine.hill@example.com,750.00,2025-08-03,General Fund,online
Jason Davis,,15.00,2025-08-03,Building Fund,online
Kathleen Hall,kathleen.hall@example.com,40.00,2025-08-03,General Fund,check
Pamela Williams,pamela.williams@example.com,75.00,2025-08-03,Youth Ministry,online
Susan Yamamoto,susan.yamamoto@example.com,500.00,2025-08-03,General Fund,online
John Robinson,john.robinson@example.com,300.00,2025-08-03,Missions Fund,online
Jeffrey Carter,jeffrey.carter@example.com,50.00,2025-08-03,General Fund,other
Jessica Adams,jessica.adams@example.com,100.00,2025-08-03,General Fund,check
Sarah O'Brien,sarah.obrien@example.com,75.00,2025-08-03,Missions Fund,online
Andrew Kowalski,andrew.kowalski@example.com,20.00,2025-08-03,Missions Fund,online
Jennifer Lee,jennifer.lee@example.com,100.00,2025-08-03,General Fund,online
Karen Young,karen.young@example.com,25.00,2025-08-03,General Fund,online
Jacob Chen,jacob.chen@example.com,30.00,2025-08-03,Benevolence,check
Justin Martinez,justin.martinez@example.com,40.00,2025-08-03,Youth Ministry,cash
Paul Baker,paul.baker@example.com,10.00,2025-08-03,Building Fund,online
Ronald Moore,ronald.moore@example.com,300.00,2025-08-03,General Fund,online
Barbara Silva,barbara.silva@example.com,120.00,2025-08-03,General Fund,online
Deborah Miller,deborah.miller@example.com,50.00,2025-08-03,Youth Ministry,online
Ruth Taylor,ruth.taylor@example.com,20.00,2025-08-03,General Fund,online
Brandon Williams,brandon.williams@example.com,150.00,2025-08-03,General Fund,online
Carol Hill,carol.hill@example.com,200.00,2025-08-03,Youth Ministry,online
Stephen Campbell,stephen.campbell@example.com,80.00,2025-08-03,General Fund,online
Rebecca Clark,rebecca.clark@example.com,25.00,2025-08-03,General Fund,online
Brenda Roberts,brenda.roberts@example.com,80.00,2025-08-03,General Fund,check
Carol Roberts,carol.roberts@example.com,30.00,2025-08-03,Building Fund,online
Michael Baker,michael.baker@example.com,20.00,2025-08-03,General Fund,online
Andrew Wilson,andrew.wilson@example.com,25.00,2025-08-03,General Fund,other
Gary King,gary.king@example.com,50.00,2025-08-03,General Fund,online
Elizabeth Sanchez,elizabeth.sanchez@example.com,300.00,2025-08-03,General Fund,online
Carol Hernandez,carol.hernandez@example.com,20.00,2025-08-03,General Fund,other
Brian Campbell,,50.00,2025-08-03,General Fund,cash
Elizabeth Lopez,elizabeth.lopez@example.com,150.00,2025-08-03,General Fund,online
Nicole Brown,nicole.brown@example.com,120.00,2025-08-03,Youth Ministry,online
Jeffrey Lewis,jeffrey.lewis@example.com,300.00,2025-08-03,Building Fund,cash
Karen Perez,,40.00,2025-08-03,Youth Ministry,online
Thomas Nelson,thomas.nelson@example.com,30.00,2025-08-03,Building Fund,check
Amanda Diaz,amanda.diaz@example.com,75.00,2025-08-03,Building Fund,online
Kevin Chen,kevin.chen@example.com,40.00,2025-08-03,General Fund,online
Jacob Lewis,,80.00,2025-08-03,Building Fund,cash
Sharon Green,,80.00,2025-08-03,General Fund,online
Lisa Okafor,lisa.okafor@example.com,25.00,2025-08-03,General Fund,online
Amanda Lopez,amanda.lopez@example.com,20.00,2025-08-03,General Fund,cash
Jason Garcia,jason.garcia@example.com,25.00,2025-08-03,Building Fund,check
William Lee,william.lee@example.com,60.00,2025-08-03,General Fund,check
Linda Jones,linda.jones@example.com,80.00,2025-08-03,General Fund,online
Stephanie Torres,stephanie.torres@example.com,75.00,2025-08-03,General Fund,check
Cynthia Wilson,cynthia.wilson@example.com,100.00,2025-08-03,General Fund,cash
Brian Rivera,brian.rivera@example.com,75.00,2025-08-03,Building Fund,online
Daniel Chen,,80.00,2025-08-03,Benevolence,check
Angela Johnson,angela.johnson@example.com,10.00,2025-08-03,General Fund,check
Emily Rodriguez,,200.00,2025-08-03,General Fund,cash
Anonymous,,50.00,2025-08-03,General Fund,cash
Anonymous,,25.00,2025-08-03,General Fund,cash
Anonymous,,30.00,2025-08-03,General Fund,cash
Deborah Wright,deborah.wright@example.com,150.00,2025-08-04,General Fund,online
Melissa Miller,melissa.miller@example.com,75.00,2025-08-04,General Fund,online
Timothy Kowalski,timothy.kowalski@example.com,150.00,2025-08-04,General Fund,online
Barbara Harris,barbara.harris@example.com,250.00,2025-08-05,General Fund,check
Amy Walker,,75.00,2025-08-05,General Fund,other
James Hill,,15.00,2025-08-06,Missions Fund,online
Donald Hall,donald.hall@example.com,500.00,2025-08-06,General Fund,online
Richard King,,20.00,2025-08-06,General Fund,online
Jessica Robinson,jessica.robinson@example.com,250.00,2025-08-06,Youth Ministry,cash
Emily Williams,emily.williams@example.com,20.00,2025-08-06,Youth Ministry,online
Edward Allen,edward.allen@example.com,20.00,2025-08-06,Youth Ministry,check
Melissa Thomas,melissa.thomas@example.com,40.00,2025-08-06,Youth Ministry,other
Joseph Johnson,,60.00,2025-08-07,General Fund,online
Katherine Allen,katherine.allen@example.com,200.00,2025-08-07,General Fund,check
Donald Rodriguez,donald.rodriguez@example.com,20.00,2025-08-07,Youth Ministry,online
Kathleen Ramirez,kathleen.ramirez@example.com,30.00,2025-08-07,General Fund,online
Timothy Lewis,,15.00,2025-08-07,General Fund,check
Linda Jackson,,200.00,2025-08-07,General Fund,online
Rebecca Ramirez,rebecca.ramirez@example.com,25.00,2025-08-07,General Fund,cash
Ashley Ramirez,,40.00,2025-08-07,General Fund,online
Mark Perez,mark.perez@example.com,200.00,2025-08-07,Building Fund,online
Katherine King,katherine.king@example.com,80.00,2025-08-07,Missions Fund,check
Patricia Mitchell,patricia.mitchell@example.com,50.00,2025-08-07,General Fund,cash
Pamela Gonzalez,pamela.gonzalez@example.com,60.00,2025-08-10,Building Fund,online
John Okafor,,30.00,2025-08-10,Benevolence,check
Emily Nelson,,200.00,2025-08-10,General Fund,online
Sarah Ramirez,sarah.ramirez@example.com,200.00,2025-08-10,General Fund,online
Kimberly Sanchez,kimberly.sanchez@example.com,75.00,2025-08-10,Missions Fund,check
Mark Okafor,,10.00,2025-08-10,Building Fund,check
Ryan Clark,ryan.clark@example.com,200.00,2025-08-10,General Fund,online
Amanda Carter,amanda.carter@example.com,60.00,2025-08-10,Youth Ministry,online
Donald Rodriguez,donald.rodriguez@example.com,20.00,2025-08-10,Building Fund,online
Betty Jones,betty.jones@example.com,200.00,2025-08-10,General Fund,check
Jason Nelson,jason.nelson@example.com,25.00,2025-08-10,Building Fund,cash
Mark Sanchez,mark.sanchez@example.com,2000.00,2025-08-10,Building Fund,online
Sandra Baker,,10.00,2025-08-10,General Fund,online
Jeffrey Carter,jeffrey.carter@example.com,50.00,2025-08-10,General Fund,online
Jennifer Lee,jennifer.lee@example.com,100.00,2025-08-10,Building Fund,online
Justin Martinez,justin.martinez@example.com,40.00,2025-08-10,General Fund,other
Matthew Flores,matthew.flores@example.com,80.00,2025-08-10,General Fund,online
Emily Williams,emily.williams@example.com,20.00,2025-08-10,Missions Fund,cash
Deborah Wright,deborah.wright@example.com,150.00,2025-08-10,General Fund,check
Ruth Taylor,ruth.taylor@example.com,75.00,2025-08-10,General Fund,check
Brandon Williams,brandon.williams@example.com,150.00,2025-08-10,General Fund,online
Carol Hill,carol.hill@example.com,20.00,2025-08-10,Youth Ministry,check
Edward Hill,edward.hill@example.com,1500.00,2025-08-10,General Fund,check
Stephen Campbell,stephen.campbell@example.com,80.00,2025-08-10,General Fund,check
Carol Roberts,carol.roberts@example.com,30.00,2025-08-10,General Fund,online
Elizabeth Sanchez,elizabeth.sanchez@example.com,80.00,2025-08-10,General Fund,check
Ashley Ramirez,,40.00,2025-08-10,General Fund,online
Mark Perez,mark.perez@example.com,60.00,2025-08-10,Building Fund,check
Jeffrey Lewis,jeffrey.lewis@example.com,300.00,2025-08-10,General Fund,online
Thomas Nelson,thomas.nelson@example.com,30.00,2025-08-10,General Fund,check
Kevin Chen,kevin.chen@example.com,40.00,2025-08-10,Benevolence,cash
Melissa Thomas,melissa.thomas@example.com,80.00,2025-08-10,General Fund,other
Lisa Okafor,lisa.okafor@example.com,50.00,2025-08-10,Building Fund,online
William Lee,william.lee@example.com,60.00,2025-08-10,General Fund,online
Daniel Chen,,80.00,2025-08-10,Youth Ministry,online
Angela Johnson,angela.johnson@example.com,25.00,2025-08-10,General Fund,check
Timothy Kowalski,timothy.kowalski@example.com,30.00,2025-08-10,General Fund,cash
Emily Rodriguez,,40.00,2025-08-10,Building Fund,check
Anonymous,,75.00,2025-08-10,Missions Fund,cash
Anonymous,,100.00,2025-08-10,Building Fund,cash
Anonymous,,40.00,2025-08-10,Youth Ministry,cash
Anonymous,,60.00,2025-08-10,General Fund,cash
Anonymous,,50.00,2025-08-10,Missions Fund,cash
Anonymous,,50.00,2025-08-10,General Fund,cash
Sarah O'Brien,sarah.obrien@example.com,75.00,2025-08-11,Missions Fund,online
Ronald Moore,ronald.moore@example.com,300.00,2025-08-11,General Fund,cash
Richard Petrov,richard.petrov@example.com,20.00,2025-08-12,Youth Ministry,online
Richard King,,20.00,2025-08-12,Youth Ministry,online
Rebecca Ramirez,rebecca.ramirez@example.com,25.00,2025-08-12,General Fund,online
Linda Jones,linda.jones@example.com,1000.00,2025-08-12,General Fund,check
Mary Torres,mary.torres@example.com,2000.00,2025-08-13,General Fund,check
Charles Hall,charles.hall@example.com,100.00,2025-08-14,General Fund,check
Paul Baker,paul.baker@example.com,10.00,2025-08-14,General Fund,online
Jason Hall,jason.hall@example.com,10.00,2025-08-14,Youth Ministry,online
Jason Garcia,jason.garcia@example.com,25.00,2025-08-14,General Fund,online
Brian Rivera,brian.rivera@example.com,120.00,2025-08-14,General Fund,check
Rebecca Nelson,rebecca.nelson@example.com,60.00,2025-08-17,General Fund,online
Sarah Ramirez,sarah.ramirez@example.com,75.00,2025-08-17,General Fund,check
Kimberly Sanchez,kimberly.sanchez@example.com,80.00,2025-08-17,General Fund,check
Mark Okafor,,10.00,2025-08-17,General Fund,cash
Ryan Clark,ryan.clark@example.com,10.00,2025-08-17,General Fund,online
Amanda Carter,amanda.carter@example.com,60.00,2025-08-17,Building Fund,check
Betty Jones,betty.jones@example.com,200.00,2025-08-17,General Fund,online
Jason Nelson,jason.nelson@example.com,25.00,2025-08-17,General Fund,check
Mark Sanchez,mark.sanchez@example.com,150.00,2025-08-17,Youth Ministry,check
Matthew Wilson,matthew.wilson@example.com,2000.00,2025-08-17,Building Fund,online
Richard Petrov,richard.petrov@example.com,20.00,2025-08-17,General Fund,check
Sandra Baker,,75.00,2025-08-17,General Fund,online
James Nelson,,30.00,2025-08-17,Missions Fund,check
Jeffrey Carter,jeffrey.carter@example.com,100.00,2025-08-17,General Fund,online
Amy Walker,,200.00,2025-08-17,General Fund,check
Sarah O'Brien,sarah.obrien@example.com,75.00,2025-08-17,Building Fund,check
Jennifer Lee,jennifer.lee@example.com,100.00,2025-08-17,Benevolence,check
Samantha Jones,samantha.jones@example.com,500.00,2025-08-17,Building Fund,online
Linda Jackson,,200.00,2025-08-17,General Fund,online
Justin Martinez,justin.martinez@example.com,40.00,2025-08-17,Building Fund,check
Paul Baker,paul.baker@example.com,10.00,2025-08-17,General Fund,online
Ronald Moore,ronald.moore@example.com,750.00,2025-08-17,Benevolence,other
Matthew Flores,matthew.flores@example.com,40.00,2025-08-17,General Fund,online
Emily Williams,emily.williams@example.com,20.00,2025-08-17,General Fund,online
Deborah Wright,deborah.wright@example.com,150.00,2025-08-17,General Fund,online
Ruth Taylor,ruth.taylor@example.com,75.00,2025-08-17,General Fund,online
Rebecca Ramirez,rebecca.ramirez@example.com,25.00,2025-08-17,General Fund,check
Carol Hill,carol.hill@example.com,200.00,2025-08-17,General Fund,online
Edward Hill,edward.hill@example.com,25.00,2025-08-17,General Fund,check
Stephen Campbell,stephen.campbell@example.com,80.00,2025-08-17,Benevolence,online
Mark Perez,mark.perez@example.com,60.00,2025-08-17,General Fund,online
Brian Campbell,,50.00,2025-08-17,General Fund,check
Jeffrey Lewis,jeffrey.lewis@example.com,300.00,2025-08-17,Benevolence,check
Ronald Rodriguez,,80.00,2025-08-17,Missions Fund,other
Thomas Nelson,thomas.nelson@example.com,25.00,2025-08-17,Missions Fund,cash
Kevin Chen,kevin.chen@example.com,40.00,2025-08-17,General Fund,online
Melissa Thomas,melissa.thomas@example.com,50.00,2025-08-17,General Fund,online
Lisa Okafor,lisa.okafor@example.com,50.00,2025-08-17,Missions Fund,check
Jason Garcia,jason.garcia@example.com,25.00,2025-08-17,General Fund,online
William Lee,william.lee@example.com,60.00,2025-08-17,Building Fund,online
Linda Jones,linda.jones@example.com,80.00,2025-08-17,General Fund,check
Katherine Baker,,60.00,2025-08-17,General Fund,check
Brian Rivera,brian.rivera@example.com,75.00,2025-08-17,General Fund,online
Daniel Chen,,80.00,2025-08-17,Missions Fund,online
Angela Johnson,angela.johnson@example.com,25.00,2025-08-17,General Fund,cash
Emily Rodriguez,,200.00,2025-08-17,Youth Ministry,check
Anonymous,,30.00,2025-08-17,General Fund,cash
Anonymous,,30.00,2025-08-17,General Fund,cash
Anonymous,,10.00,2025-08-17,General Fund,cash
Donald Rodriguez,donald.rodriguez@example.com,20.00,2025-08-18,Youth Ministry,online
Ashley Ramirez,,40.00,2025-08-18,Building Fund,online
Emily Nelson,,200.00,2025-08-19,Youth Ministry,online
Mary Torres,mary.torres@example.com,2000.00,2025-08-19,General Fund,online
Richard King,,20.00,2025-08-19,Building Fund,online
Timothy Kowalski,timothy.kowalski@example.com,30.00,2025-08-19,Benevolence,online
Kathleen Brown,kathleen.brown@example.com,200.00,2025-08-20,General Fund,check
Deborah Miller,deborah.miller@example.com,60.00,2025-08-20,Youth Ministry,online
Elizabeth Sanchez,elizabeth.sanchez@example.com,30.00,2025-08-20,Missions Fund,online
Karen Young,karen.young@example.com,200.00,2025-08-21,Benevolence,cash
Charles Hall,charles.hall@example.com,10.00,2025-08-24,General Fund,cash
Richard Harris,richard.harris@example.com,75.00,2025-08-24,Missions Fund,online
Rebecca Nelson,rebecca.nelson@example.com,60.00,2025-08-24,General Fund,check
Emily Nelson,,200.00,2025-08-24,Missions Fund,online
Justin Taylor,justin.taylor@example.com,500.00,2025-08-24,Building Fund,check
Paul Wilson,paul.wilson@example.com,300.00,2025-08-24,Building Fund,online
Mark Okafor,,10.00,2025-08-24,General Fund,check
Ryan Clark,ryan.clark@example.com,200.00,2025-08-24,Benevolence,cash
Donald Rodriguez,donald.rodriguez@example.com,20.00,2025-08-24,General Fund,check
Betty Jones,betty.jones@example.com,1000.00,2025-08-24,General Fund,other
Mark Sanchez,mark.sanchez@example.com,150.00,2025-08-24,General Fund,cash
Matthew Wilson,matthew.wilson@example.com,2000.00,2025-08-24,Missions Fund,check
Richard Petrov,richard.petrov@example.com,20.00,2025-08-24,General Fund,check
Mary Torres,mary.torres@example.com,2000.00,2025-08-24,General Fund,check
Sandra Baker,,10.00,2025-08-24,Missions Fund,online
James Nelson,,30.00,2025-08-24,General Fund,online
Amy Walker,,20.00,2025-08-24,General Fund,check
Sarah O'Brien,sarah.obrien@example.com,10.00,2025-08-24,General Fund,online
Jennifer Lee,jennifer.lee@example.com,100.00,2025-08-24,Youth Ministry,online
Karen Young,karen.young@example.com,60.00,2025-08-24,General Fund,check
Richard King,,20.00,2025-08-24,General Fund,online
Justin Martinez,justin.martinez@example.com,40.00,2025-08-24,General Fund,online
Paul Baker,paul.baker@example.com,10.00,2025-08-24,General Fund,online
Matthew Flores,matthew.flores@example.com,40.00,2025-08-24,General Fund,check
Ronald Yamamoto,ronald.yamamoto@example.com,20.00,2025-08-24,General Fund,check
Deborah Miller,deborah.miller@example.com,60.00,2025-08-24,Youth Ministry,check
Deborah Wright,deborah.wright@example.com,150.00,2025-08-24,Building Fund,check
Ruth Taylor,ruth.taylor@example.com,75.00,2025-08-24,Benevolence,online
Rebecca Ramirez,rebecca.ramirez@example.com,25.00,2025-08-24,General Fund,online
Edward Hill,edward.hill@example.com,25.00,2025-08-24,General Fund,online
Stephen Campbell,stephen.campbell@example.com,80.00,2025-08-24,General Fund,online
Rebecca Clark,rebecca.clark@example.com,25.00,2025-08-24,Benevolence,check
Carol Roberts,carol.roberts@example.com,30.00,2025-08-24,Missions Fund,online
Ashley Ramirez,,40.00,2025-08-24,Building Fund,check
Mark Perez,mark.perez@example.com,60.00,2025-08-24,General Fund,cash
Brian Campbell,,50.00,2025-08-24,Youth Ministry,online
Thomas Nelson,thomas.nelson@example.com,10.00,2025-08-24,Missions Fund,check
Melissa Thomas,melissa.thomas@example.com,40.00,2025-08-24,Youth Ministry,online
Lisa Okafor,lisa.okafor@example.com,50.00,2025-08-24,General Fund,cash
William Lee,william.lee@example.com,60.00,2025-08-24,General Fund,online
Brian Rivera,brian.rivera@example.com,75.00,2025-08-24,General Fund,cash
Timothy Kowalski,timothy.kowalski@example.com,30.00,2025-08-24,Youth Ministry,online
Anonymous,,60.00,2025-08-24,General Fund,cash
Anonymous,,30.00,2025-08-24,Benevolence,cash
Daniel Chen,,80.00,2025-08-25,Building Fund,online
Pamela Gonzalez,pamela.gonzalez@example.com,60.00,2025-08-26,General Fund,online
Sarah Ramirez,sarah.ramirez@example.com,200.00,2025-08-26,Missions Fund,check
Elizabeth Sanchez,elizabeth.sanchez@example.com,30.00,2025-08-26,Youth Ministry,check
Jason Garcia,jason.garcia@example.com,250.00,2025-08-26,Benevolence,cash
Angela Johnson,angela.johnson@example.com,25.00,2025-08-26,General Fund,check
Jason Hall,jason.hall@example.com,10.00,2025-08-27,General Fund,cash
Carol Hill,carol.hill@example.com,200.00,2025-08-28,Building Fund,online
John Okafor,,60.00,2025-08-31,General Fund,online
James Hill,,15.00,2025-08-31,Missions Fund,online
Donald Brown,donald.brown@example.com,75.00,2025-08-31,Building Fund,check
Rebecca Nelson,rebecca.nelson@example.com,60.00,2025-08-31,General Fund,online
Emily Nelson,,200.00,2025-08-31,General Fund,check
Kimberly Sanchez,kimberly.sanchez@example.com,75.00,2025-08-31,General Fund,check
Ashley Moore,,200.00,2025-08-31,Building Fund,check
Ryan Clark,ryan.clark@example.com,200.00,2025-08-31,Youth Ministry,online
Donald Rodriguez,donald.rodriguez@example.com,20.00,2025-08-31,General Fund,online
Betty Jones,betty.jones@example.com,200.00,2025-08-31,General Fund,online
Jason Nelson,jason.nelson@example.com,25.00,2025-08-31,Missions Fund,check
Mark Sanchez,mark.sanchez@example.com,30.00,2025-08-31,General Fund,online
Mary Torres,mary.torres@example.com,2000.00,2025-08-31,Missions Fund,cash
James Nelson,,30.00,2025-08-31,General Fund,online
Amy Walker,,20.00,2025-08-31,General Fund,online
Karen Young,karen.young@example.com,120.00,2025-08-31,General Fund,check
Linda Jackson,,200.00,2025-08-31,General Fund,cash
Justin Martinez,justin.martinez@example.com,40.00,2025-08-31,Missions Fund,online
Paul Baker,paul.baker@example.com,10.00,2025-08-31,General Fund,online
Jason Hall,jason.hall@example.com,10.00,2025-08-31,General Fund,online
Matthew Flores,matthew.flores@example.com,40.00,2025-08-31,General Fund,check
Deborah Wright,deborah.wright@example.com,150.00,2025-08-31,Building Fund,cash
Ruth Taylor,ruth.taylor@example.com,75.00,2025-08-31,General Fund,online
Brandon Williams,brandon.williams@example.com,150.00,2025-08-31,Youth Ministry,check
Rebecca Ramirez,rebecca.ramirez@example.com,25.00,2025-08-31,General Fund,cash
Carol Hill,carol.hill@example.com,200.00,2025-08-31,General Fund,cash
Edward Hill,edward.hill@example.com,25.00,2025-08-31,Building Fund,online
Stephen Campbell,stephen.campbell@example.com,80.00,2025-08-31,General Fund,check
Rebecca Clark,rebecca.clark@example.com,100.00,2025-08-31,Benevolence,check
Carol Roberts,carol.roberts@example.com,30.00,2025-08-31,General Fund,online
Joshua Wilson,joshua.wilson@example.com,2000.00,2025-08-31,General Fund,cash
Elizabeth Sanchez,elizabeth.sanchez@example.com,30.00,2025-08-31,Building Fund,other
Mark Perez,mark.perez@example.com,60.00,2025-08-31,Youth Ministry,online
Jeffrey Lewis,jeffrey.lewis@example.com,15.00,2025-08-31,General Fund,check
Ronald Rodriguez,,80.00,2025-08-31,Missions Fund,check
Thomas Nelson,thomas.nelson@example.com,100.00,2025-08-31,General Fund,cash
Kevin Chen,kevin.chen@example.com,40.00,2025-08-31,General Fund,online
Melissa Thomas,melissa.thomas@example.com,40.00,2025-08-31,General Fund,other
Lisa Okafor,lisa.okafor@example.com,50.00,2025-08-31,General Fund,check
William Lee,william.lee@example.com,60.00,2025-08-31,Building Fund,cash
Linda Jones,linda.jones@example.com,80.00,2025-08-31,General Fund,online
Daniel Chen,,80.00,2025-08-31,General Fund,online
Angela Johnson,angela.johnson@example.com,750.00,2025-08-31,Building Fund,check
Anonymous,,75.00,2025-08-31,General Fund,cash
Charles Hall,charles.hall@example.com,15.00,2025-09-01,Youth Ministry,check
Brian Rivera,brian.rivera@example.com,15.00,2025-09-01,General Fund,check
Emily Williams,emily.williams@example.com,250.00,2025-09-02,General Fund,other
Jason Garcia,jason.garcia@example.com,30.00,2025-09-02,Building Fund,cash
Matthew Wilson,matthew.wilson@example.com,2000.00,2025-09-03,Youth Ministry,other
Deborah Miller,deborah.miller@example.com,60.00,2025-09-03,Building Fund,check
Ashley Ramirez,,40.00,2025-09-03,General Fund,cash
Emily Rodriguez,,200.00,2025-09-03,General Fund,online
Mark Okafor,,10.00,2025-09-04,General Fund,online
Joseph Johnson,,60.00,2025-09-07,General Fund,check
Barbara Harris,barbara.harris@example.com,250.00,2025-09-07,Missions Fund,check
Jonathan Davis,jonathan.davis@example.com,50.00,2025-09-07,General Fund,cash
Andrew Hall,andrew.hall@example.com,60.00,2025-09-07,General Fund,check
John Okafor,,60.00,2025-09-07,Building Fund,cash
Margaret Adams,margaret.adams@example.com,300.00,2025-09-07,General Fund,online
Ashley Mitchell,ashley.mitchell@example.com,300.00,2025-09-07,General Fund,cash
George Anderson,,50.00,2025-09-07,General Fund,check
Sarah Ramirez,sarah.ramirez@example.com,200.00,2025-09-07,Building Fund,online
Linda Mitchell,linda.mitchell@example.com,250.00,2025-09-07,Building Fund,cash
Rebecca Davis,rebecca.davis@example.com,120.00,2025-09-07,General Fund,cash
Justin Torres,justin.torres@example.com,75.00,2025-09-07,General Fund,online
Kimberly Sanchez,kimberly.sanchez@example.com,75.00,2025-09-07,General Fund,check
Charles Lewis,charles.lewis@example.com,2000.00,2025-09-07,General Fund,check
Anthony Baker,anthony.baker@example.com,300.00,2025-09-07,Building Fund,check
Jeffrey Scott,,40.00,2025-09-07,Youth Ministry,online
Katherine Allen,katherine.allen@example.com,200.00,2025-09-07,General Fund,online
Paul Allen,paul.allen@example.com,50.00,2025-09-07,General Fund,check
Ryan Clark,ryan.clark@example.com,200.00,2025-09-07,General Fund,online
Emily Roberts,emily.roberts@example.com,20.00,2025-09-07,Youth Ministry,cash
Karen Rivera,karen.rivera@example.com,60.00,2025-09-07,General Fund,online
Jason Rodriguez,jason.rodriguez@example.com,250.00,2025-09-07,General Fund,online
Donald Rodriguez,donald.rodriguez@example.com,20.00,2025-09-07,General Fund,check
Deborah Hernandez,deborah.hernandez@example.com,300.00,2025-09-07,General Fund,check
Betty Jones,betty.jones@example.com,200.00,2025-09-07,General Fund,online
Jason Nelson,jason.nelson@example.com,25.00,2025-09-07,Missions Fund,online
Mark Sanchez,mark.sanchez@example.com,150.00,2025-09-07,General Fund,online
Jessica Campbell,jessica.campbell@example.com,1500.00,2025-09-07,Youth Ministry,online
Amy Davis,,100.00,2025-09-07,General Fund,online
Katherine Hill,katherine.hill@example.com,750.00,2025-09-07,General Fund,online
Timothy Lewis,,15.00,2025-09-07,Youth Ministry,online
Jason Davis,,15.00,2025-09-07,General Fund,online
Kathleen Hall,kathleen.hall@example.com,40.00,2025-09-07,General Fund,online
Sandra Baker,,20.00,2025-09-07,General Fund,cash
Pamela Williams,pamela.williams@example.com,1000.00,2025-09-07,Youth Ministry,check
Susan Yamamoto,susan.yamamoto@example.com,500.00,2025-09-07,Building Fund,cash
John Robinson,john.robinson@example.com,120.00,2025-09-07,Benevolence,online
Jeffrey Carter,jeffrey.carter@example.com,50.00,2025-09-07,General Fund,other
Jessica Adams,jessica.adams@example.com,100.00,2025-09-07,General Fund,online
Amy Walker,,25.00,2025-09-07,Youth Ministry,cash
Sarah O'Brien,sarah.obrien@example.com,75.00,2025-09-07,Benevolence,check
Andrew Kowalski,andrew.kowalski@example.com,20.00,2025-09-07,Building Fund,online
Jennifer Lee,jennifer.lee@example.com,30.00,2025-09-07,Youth Ministry,other
Karen Young,karen.young@example.com,60.00,2025-09-07,General Fund,other
Jacob Chen,jacob.chen@example.com,80.00,2025-09-07,General Fund,online
Paul Baker,paul.baker@example.com,10.00,2025-09-07,General Fund,online
Jason Hall,jason.hall@example.com,25.00,2025-09-07,General Fund,other
Ronald Moore,ronald.moore@example.com,1000.00,2025-09-07,General Fund,online
Matthew Flores,matthew.flores@example.com,40.00,2025-09-07,General Fund,online
Barbara Silva,barbara.silva@example.com,120.00,2025-09-07,Youth Ministry,cash
Ronald Yamamoto,ronald.yamamoto@example.com,20.00,2025-09-07,Building Fund,cash
Jessica Robinson,jessica.robinson@example.com,100.00,2025-09-07,Building Fund,other
Deborah Miller,deborah.miller@example.com,60.00,2025-09-07,General Fund,check
Emily Williams,emily.williams@example.com,75.00,2025-09-07,General Fund,other
Deborah Wright,deborah.wright@example.com,10.00,2025-09-07,Building Fund,check
Ruth Taylor,ruth.taylor@example.com,40.00,2025-09-07,Missions Fund,cash
Brandon Williams,brandon.williams@example.com,150.00,2025-09-07,General Fund,online
Rebecca Ramirez,rebecca.ramirez@example.com,25.00,2025-09-07,General Fund,online
Carol Hill,carol.hill@example.com,200.00,2025-09-07,Building Fund,check
Stephen Campbell,stephen.campbell@example.com,10.00,2025-09-07,General Fund,cash
Rebecca Clark,rebecca.clark@example.com,25.00,2025-09-07,General Fund,cash
Thomas Scott,thomas.scott@example.com,250.00,2025-09-07,Building Fund,check
Melissa Miller,melissa.miller@example.com,75.00,2025-09-07,General Fund,online
Carol Roberts,carol.roberts@example.com,30.00,2025-09-07,General Fund,online
Michael Baker,michael.baker@example.com,20.00,2025-09-07,General Fund,online
Carol Hernandez,carol.hernandez@example.com,20.00,2025-09-07,General Fund,online
Mark Perez,mark.perez@example.com,60.00,2025-09-07,General Fund,online
Brian Campbell,,50.00,2025-09-07,Building Fund,online
Nicole Brown,nicole.brown@example.com,120.00,2025-09-07,General Fund,online
Jeffrey Lewis,jeffrey.lewis@example.com,300.00,2025-09-07,Building Fund,online
Timothy Roberts,,50.00,2025-09-07,Building Fund,other
Karen Perez,,40.00,2025-09-07,Missions Fund,online
Ronald Rodriguez,,80.00,2025-09-07,General Fund,online
Thomas Nelson,thomas.nelson@example.com,30.00,2025-09-07,General Fund,online
Edward Allen,edward.allen@example.com,20.00,2025-09-07,General Fund,online
Kevin Chen,kevin.chen@example.com,40.00,2025-09-07,General Fund,check
Jacob Lewis,,750.00,2025-09-07,Building Fund,check
Katherine King,katherine.king@example.com,80.00,2025-09-07,General Fund,online
Sharon Green,,20.00,2025-09-07,General Fund,cash
Robert Green,robert.green@example.com,300.00,2025-09-07,General Fund,cash
Lisa Okafor,lisa.okafor@example.com,50.00,2025-09-07,General Fund,online
Linda Jones,linda.jones@example.com,80.00,2025-09-07,General Fund,online
Stephanie Torres,stephanie.torres@example.com,75.00,2025-09-07,General Fund,check
Cynthia Wilson,cynthia.wilson@example.com,100.00,2025-09-07,Building Fund,check
Angela Johnson,angela.johnson@example.com,25.00,2025-09-07,General Fund,other
Emily Rodriguez,,60.00,2025-09-07,General Fund,online
Anonymous,,60.00,2025-09-07,Building Fund,cash
Anonymous,,75.00,2025-09-07,General Fund,cash
Rebecca Nelson,rebecca.nelson@example.com,60.00,2025-09-08,General Fund,check
Emily Nelson,,200.00,2025-09-08,Building Fund,online
Jason Petrov,jason.petrov@example.com,150.00,2025-09-08,General Fund,online
Linda Jackson,,200.00,2025-09-08,General Fund,online
Brenda Roberts,brenda.roberts@example.com,80.00,2025-09-08,General Fund,check
Andrew Wilson,andrew.wilson@example.com,50.00,2025-09-08,General Fund,check
Kathleen Brown,kathleen.brown@example.com,200.00,2025-09-09,General Fund,online
Amanda Lopez,amanda.lopez@example.com,20.00,2025-09-09,Building Fund,online
Patricia Mitchell,patricia.mitchell@example.com,50.00,2025-09-09,Building Fund,online
Matthew Sanchez,,75.00,2025-09-10,Youth Ministry,online
Richard Petrov,richard.petrov@example.com,1500.00,2025-09-10,Youth Ministry,other
Richard King,,20.00,2025-09-10,General Fund,online
Justin Martinez,justin.martinez@example.com,25.00,2025-09-10,General Fund,check
Pamela Gonzalez,pamela.gonzalez@example.com,40.00,2025-09-11,General Fund,online
Richard Harris,richard.harris@example.com,40.00,2025-09-11,Youth Ministry,online
Scott Robinson,scott.robinson@example.com,80.00,2025-09-11,Missions Fund,check
Mark Okafor,,15.00,2025-09-11,Youth Ministry,online
Amanda Carter,amanda.carter@example.com,60.00,2025-09-11,General Fund,online
Karen Lewis,karen.lewis@example.com,75.00,2025-09-11,Building Fund,online
Elizabeth Sanchez,elizabeth.sanchez@example.com,75.00,2025-09-11,Youth Ministry,online
William Lee,william.lee@example.com,60.00,2025-09-11,General Fund,check
Brian Rivera,brian.rivera@example.com,75.00,2025-09-11,General Fund,online
Pamela Gonzalez,pamela.gonzalez@example.com,100.00,2025-09-14,General Fund,check
Rebecca Nelson,rebecca.nelson@example.com,60.00,2025-09-14,General Fund,other
Emily Nelson,,200.00,2025-09-14,General Fund,check
Jason Clark,,200.00,2025-09-14,General Fund,online
Mark Okafor,,10.00,2025-09-14,Youth Ministry,online
Ryan Clark,ryan.clark@example.com,75.00,2025-09-14,General Fund,cash
Emily Roberts,emily.roberts@example.com,20.00,2025-09-14,Youth Ministry,online
Donald Rodriguez,donald.rodriguez@example.com,120.00,2025-09-14,General Fund,online
Betty Jones,betty.jones@example.com,150.00,2025-09-14,Building Fund,online
Cynthia Thomas,cynthia.thomas@example.com,20.00,2025-09-14,General Fund,check
Matthew Wilson,matthew.wilson@example.com,2000.00,2025-09-14,Missions Fund,online
Richard Petrov,richard.petrov@example.com,20.00,2025-09-14,Building Fund,cash
Jeffrey Carter,jeffrey.carter@example.com,50.00,2025-09-14,General Fund,cash
Amy Walker,,20.00,2025-09-14,Building Fund,online
Sarah O'Brien,sarah.obrien@example.com,40.00,2025-09-14,Youth Ministry,check
Jennifer Lee,jennifer.lee@example.com,100.00,2025-09-14,General Fund,online
Linda Jackson,,200.00,2025-09-14,Building Fund,online
Paul Baker,paul.baker@example.com,10.00,2025-09-14,Youth Ministry,online
Ronald Moore,ronald.moore@example.com,300.00,2025-09-14,General Fund,online
Ronald Yamamoto,ronald.yamamoto@example.com,80.00,2025-09-14,General Fund,online
Ashley Rodriguez,ashley.rodriguez@example.com,10.00,2025-09-14,Building Fund,check
Ruth Taylor,ruth.taylor@example.com,75.00,2025-09-14,Building Fund,online
Nicole Lee,,40.00,2025-09-14,General Fund,online
Brandon Williams,brandon.williams@example.com,150.00,2025-09-14,General Fund,cash
Rebecca Ramirez,rebecca.ramirez@example.com,100.00,2025-09-14,Building Fund,check
Edward Hill,edward.hill@example.com,25.00,2025-09-14,General Fund,check
Rebecca Clark,rebecca.clark@example.com,25.00,2025-09-14,General Fund,check
Ashley Ramirez,,40.00,2025-09-14,General Fund,other
Mark Perez,mark.perez@example.com,60.00,2025-09-14,Missions Fund,check
Jeffrey Lewis,jeffrey.lewis@example.com,300.00,2025-09-14,Missions Fund,check
Kevin Miller,kevin.miller@example.com,200.00,2025-09-14,Youth Ministry,online
Ronald Rodriguez,,200.00,2025-09-14,General Fund,online
Thomas Nelson,thomas.nelson@example.com,30.00,2025-09-14,General Fund,online
Kevin Chen,kevin.chen@example.com,30.00,2025-09-14,Building Fund,online
Lisa Okafor,lisa.okafor@example.com,50.00,2025-09-14,General Fund,online
Kevin Moore,kevin.moore@example.com,120.00,2025-09-14,Building Fund,cash
Linda Jones,linda.jones@example.com,80.00,2025-09-14,Youth Ministry,online
Angela Johnson,angela.johnson@example.com,25.00,2025-09-14,General Fund,online
Timothy Kowalski,timothy.kowalski@example.com,30.00,2025-09-14,General Fund,cash
Richard Harris,richard.harris@example.com,40.00,2025-09-15,General Fund,online
John Okafor,,60.00,2025-09-15,General Fund,online
Kimberly Sanchez,kimberly.sanchez@example.com,25.00,2025-09-15,Missions Fund,cash
James Nelson,,500.00,2025-09-15,General Fund,online
Melissa Thomas,melissa.thomas@example.com,40.00,2025-09-15,Building Fund,online
Charles Hall,charles.hall@example.com,10.00,2025-09-16,General Fund,online
Mark Sanchez,mark.sanchez@example.com,150.00,2025-09-16,General Fund,online
Mary Torres,mary.torres@example.com,2000.00,2025-09-16,General Fund,online
Jason Hall,jason.hall@example.com,30.00,2025-09-16,General Fund,online
Deborah Miller,deborah.miller@example.com,60.00,2025-09-16,General Fund,online
Emily Williams,emily.williams@example.com,20.00,2025-09-16,Missions Fund,online
Carol Hill,carol.hill@example.com,200.00,2025-09-16,General Fund,check
William Hill,william.hill@example.com,40.00,2025-09-17,General Fund,check
Sandra Baker,,20.00,2025-09-17,Benevolence,online
Carol Roberts,carol.roberts@example.com,30.00,2025-09-17,General Fund,cash
Emily Rodriguez,,200.00,2025-09-17,General Fund,online
Kathleen Brown,kathleen.brown@example.com,40.00,2025-09-18,General Fund,online
Amanda Carter,amanda.carter@example.com,60.00,2025-09-18,Building Fund,check
Jason Nelson,jason.nelson@example.com,25.00,2025-09-18,General Fund,check
Richard King,,20.00,2025-09-18,General Fund,cash
Deborah Wright,deborah.wright@example.com,150.00,2025-09-18,Missions Fund,check
John Okafor,,60.00,2025-09-21,General Fund,online
Emily Nelson,,200.00,2025-09-21,Building Fund,cash
Sarah Ramirez,sarah.ramirez@example.com,200.00,2025-09-21,General Fund,cash
Kimberly Sanchez,kimberly.sanchez@example.com,75.00,2025-09-21,Missions Fund,cash
Mark Okafor,,10.00,2025-09-21,General Fund,online
Kathleen Brown,kathleen.brown@example.com,200.00,2025-09-21,General Fund,online
Amanda Carter,amanda.carter@example.com,60.00,2025-09-21,General Fund,online
Betty Jones,betty.jones@example.com,750.00,2025-09-21,General Fund,online
Matthew Wilson,matthew.wilson@example.com,2000.00,2025-09-21,General Fund,other
James Nelson,,30.00,2025-09-21,Youth Ministry,online
Jeffrey Carter,jeffrey.carter@example.com,50.00,2025-09-21,General Fund,check
Amy Walker,,20.00,2025-09-21,Youth Ministry,online
Karen Young,karen.young@example.com,60.00,2025-09-21,General Fund,online
Richard King,,20.00,2025-09-21,General Fund,online
Linda Jackson,,200.00,2025-09-21,General Fund,cash
Paul Baker,paul.baker@example.com,10.00,2025-09-21,General Fund,cash
Jason Hall,jason.hall@example.com,10.00,2025-09-21,General Fund,online
Matthew Flores,matthew.flores@example.com,40.00,2025-09-21,Building Fund,online
Ronald Yamamoto,ronald.yamamoto@example.com,20.00,2025-09-21,Benevolence,online
Emily Williams,emily.williams@example.com,80.00,2025-09-21,General Fund,online
Deborah Wright,deborah.wright@example.com,150.00,2025-09-21,General Fund,online
Ruth Taylor,ruth.taylor@example.com,75.00,2025-09-21,Building Fund,online
Brandon Williams,brandon.williams@example.com,2000.00,2025-09-21,General Fund,cash
Rebecca Ramirez,rebecca.ramirez@example.com,25.00,2025-09-21,General Fund,check
Edward Hill,edward.hill@example.com,25.00,2025-09-21,General Fund,cash
Stephen Campbell,stephen.campbell@example.com,80.00,2025-09-21,General Fund,online
Carol Roberts,carol.roberts@example.com,30.00,2025-09-21,General Fund,online
Mark Perez,mark.perez@example.com,60.00,2025-09-21,Youth Ministry,check
Brian Campbell,,20.00,2025-09-21,Youth Ministry,online
Thomas Nelson,thomas.nelson@example.com,30.00,2025-09-21,General Fund,check
Kevin Chen,kevin.chen@example.com,120.00,2025-09-21,Missions Fund,online
Melissa Thomas,melissa.thomas@example.com,40.00,2025-09-21,General Fund,online
Lisa Okafor,lisa.okafor@example.com,50.00,2025-09-21,General Fund,cash
William Lee,william.lee@example.com,20.00,2025-09-21,Building Fund,online
Linda Jones,linda.jones@example.com,80.00,2025-09-21,General Fund,online
Brian Rivera,brian.rivera@example.com,75.00,2025-09-21,General Fund,online
Daniel Chen,,80.00,2025-09-21,Building Fund,cash
Angela Johnson,angela.johnson@example.com,40.00,2025-09-21,General Fund,online
Anonymous,,100.00,2025-09-21,General Fund,cash
Richard Harris,richard.harris@example.com,40.00,2025-09-22,General Fund,online
Jason Nelson,jason.nelson@example.com,25.00,2025-09-22,General Fund,check
Justin Martinez,justin.martinez@example.com,40.00,2025-09-22,General Fund,check
Ronald Moore,ronald.moore@example.com,10.00,2025-09-22,General Fund,online
Richard Petrov,richard.petrov@example.com,20.00,2025-09-23,Benevolence,online
Sarah O'Brien,sarah.obrien@example.com,75.00,2025-09-23,Building Fund,check
Jennifer Chen,jennifer.chen@example.com,1000.00,2025-09-23,General Fund,check
Rebecca Nelson,rebecca.nelson@example.com,60.00,2025-09-25,Building Fund,online
Deborah Miller,deborah.miller@example.com,60.00,2025-09-25,General Fund,cash
Rebecca Clark,rebecca.clark@example.com,25.00,2025-09-25,General Fund,check
Jason Garcia,jason.garcia@example.com,25.00,2025-09-25,General Fund,online
Timothy Kowalski,timothy.kowalski@example.com,2000.00,2025-09-25,General Fund,cash
Pamela Gonzalez,pamela.gonzalez@example.com,40.00,2025-09-28,General Fund,online
Richard Harris,richard.harris@example.com,40.00,2025-09-28,General Fund,online
John Okafor,,60.00,2025-09-28,General Fund,check
Rebecca Nelson,rebecca.nelson@example.com,60.00,2025-09-28,General Fund,check
Sarah Ramirez,sarah.ramirez@example.com,200.00,2025-09-28,General Fund,cash
Kimberly Sanchez,kimberly.sanchez@example.com,75.00,2025-09-28,Building Fund,online
Mark Okafor,,10.00,2025-09-28,General Fund,online
Ryan Clark,ryan.clark@example.com,200.00,2025-09-28,Youth Ministry,cash
Emily Roberts,emily.roberts@example.com,20.00,2025-09-28,Building Fund,check
Donald Rodriguez,donald.rodriguez@example.com,20.00,2025-09-28,Youth Ministry,check
Betty Jones,betty.jones@example.com,200.00,2025-09-28,General Fund,check
Jason Nelson,jason.nelson@example.com,25.00,2025-09-28,Missions Fund,check
Mark Sanchez,mark.sanchez@example.com,60.00,2025-09-28,General Fund,online
Richard Petrov,richard.petrov@example.com,20.00,2025-09-28,Building Fund,check
Sandra Baker,,10.00,2025-09-28,Missions Fund,online
James Nelson,,30.00,2025-09-28,Building Fund,online
Jeffrey Carter,jeffrey.carter@example.com,2000.00,2025-09-28,General Fund,online
Amy Walker,,20.00,2025-09-28,General Fund,cash
Sarah O'Brien,sarah.obrien@example.com,75.00,2025-09-28,General Fund,check
Jennifer Lee,jennifer.lee@example.com,100.00,2025-09-28,General Fund,online
Karen Young,karen.young@example.com,60.00,2025-09-28,General Fund,online
Richard King,,40.00,2025-09-28,General Fund,online
Justin Martinez,justin.martinez@example.com,40.00,2025-09-28,General Fund,online
Paul Baker,paul.baker@example.com,10.00,2025-09-28,General Fund,other
Ronald Moore,ronald.moore@example.com,15.00,2025-09-28,Youth Ministry,online
Matthew Flores,matthew.flores@example.com,40.00,2025-09-28,General Fund,cash
Deborah Miller,deborah.miller@example.com,40.00,2025-09-28,Building Fund,check
Emily Williams,emily.williams@example.com,20.00,2025-09-28,Building Fund,cash
Ruth Taylor,ruth.taylor@example.com,75.00,2025-09-28,Building Fund,online
Brandon Williams,brandon.williams@example.com,150.00,2025-09-28,General Fund,check
Rebecca Ramirez,rebecca.ramirez@example.com,25.00,2025-09-28,General Fund,online
Carol Hill,carol.hill@example.com,200.00,2025-09-28,General Fund,online
Edward Hill,edward.hill@example.com,25.00,2025-09-28,General Fund,online
Stephen Campbell,stephen.campbell@example.com,120.00,2025-09-28,Building Fund,check
Rebecca Clark,rebecca.clark@example.com,100.00,2025-09-28,Building Fund,online
Elizabeth Sanchez,elizabeth.sanchez@example.com,1000.00,2025-09-28,General Fund,cash
Jeffrey Lewis,jeffrey.lewis@example.com,15.00,2025-09-28,Missions Fund,online
Ronald Rodriguez,,300.00,2025-09-28,General Fund,cash
Thomas Nelson,thomas.nelson@example.com,30.00,2025-09-28,General Fund,other
Kevin Chen,kevin.chen@example.com,40.00,2025-09-28,Youth Ministry,online
Melissa Thomas,melissa.thomas@example.com,60.00,2025-09-28,Benevolence,online
Jason Garcia,jason.garcia@example.com,40.00,2025-09-28,General Fund,online
William Lee,william.lee@example.com,60.00,2025-09-28,General Fund,online
Linda Jones,linda.jones@example.com,250.00,2025-09-28,General Fund,online
Brian Rivera,brian.rivera@example.com,60.00,2025-09-28,General Fund,check
Angela Johnson,angela.johnson@example.com,25.00,2025-09-28,Benevolence,online
Anonymous,,25.00,2025-09-28,Missions Fund,cash
Matthew Wilson,matthew.wilson@example.com,2000.00,2025-09-29,Building Fund,online
Ronald Yamamoto,ronald.yamamoto@example.com,20.00,2025-09-29,Building Fund,online
Elizabeth Torres,elizabeth.torres@example.com,40.00,2025-09-29,General Fund,online
Linda Jackson,,200.00,2025-09-30,Building Fund,online
Deborah Wright,deborah.wright@example.com,150.00,2025-09-30,General Fund,check
Brian Campbell,,50.00,2025-09-30,General Fund,online
Daniel Chen,,100.00,2025-09-30,Missions Fund,cash
Carol Roberts,carol.roberts@example.com,30.00,2025-10-01,Missions Fund,online
Ashley Ramirez,,40.00,2025-10-02,General Fund,check
Joseph Johnson,,60.00,2025-10-05,General Fund,check
Charles Hall,charles.hall@example.com,10.00,2025-10-05,Building Fund,cash
Barbara Harris,barbara.harris@example.com,250.00,2025-10-05,Building Fund,cash
Jonathan Davis,jonathan.davis@example.com,50.00,2025-10-05,Missions Fund,online
Richard Harris,richard.harris@example.com,40.00,2025-10-05,General Fund,online
Andrew Hall,andrew.hall@example.com,60.00,2025-10-05,General Fund,other
John Okafor,,60.00,2025-10-05,Youth Ministry,check
Ashley Mitchell,ashley.mitchell@example.com,300.00,2025-10-05,General Fund,online
George Anderson,,50.00,2025-10-05,General Fund,check
Jonathan Roberts,jonathan.roberts@example.com,10.00,2025-10-05,Missions Fund,check
Emily Nelson,,200.00,2025-10-05,General Fund,online
Sarah Ramirez,sarah.ramirez@example.com,60.00,2025-10-05,General Fund,online
Linda Mitchell,linda.mitchell@example.com,250.00,2025-10-05,General Fund,cash
Justin Torres,justin.torres@example.com,75.00,2025-10-05,Missions Fund,check
Kimberly Sanchez,kimberly.sanchez@example.com,60.00,2025-10-05,Building Fund,online
Charles Lewis,charles.lewis@example.com,2000.00,2025-10-05,Missions Fund,check
Anthony Baker,anthony.baker@example.com,300.00,2025-10-05,General Fund,online
Jason Petrov,jason.petrov@example.com,150.00,2025-10-05,Building Fund,online
Jeffrey Scott,,40.00,2025-10-05,General Fund,other
Ruth Williams,,20.00,2025-10-05,General Fund,cash
Matthew Sanchez,,75.00,2025-10-05,General Fund,online
Katherine Allen,katherine.allen@example.com,200.00,2025-10-05,Missions Fund,check
Laura Jones,laura.jones@example.com,40.00,2025-10-05,Benevolence,cash
Paul Allen,paul.allen@example.com,50.00,2025-10-05,Building Fund,check
Kathleen Brown,kathleen.brown@example.com,200.00,2025-10-05,Missions Fund,check
Emily Roberts,emily.roberts@example.com,20.00,2025-10-05,Benevolence,online
Jason Rodriguez,jason.rodriguez@example.com,20.00,2025-10-05,Benevolence,other
Jacob Johnson,jacob.johnson@example.com,30.00,2025-10-05,Missions Fund,check
Donald Rodriguez,donald.rodriguez@example.com,20.00,2025-10-05,Building Fund,cash
Deborah Hernandez,deborah.hernandez@example.com,30.00,2025-10-05,Youth Ministry,check
Betty Jones,betty.jones@example.com,200.00,2025-10-05,General Fund,online
Jessica Campbell,jessica.campbell@example.com,1500.00,2025-10-05,Building Fund,online
Richard Petrov,richard.petrov@example.com,20.00,2025-10-05,General Fund,cash
Mary Torres,mary.torres@example.com,2000.00,2025-10-05,General Fund,online
Amy Davis,,100.00,2025-10-05,General Fund,online
Katherine Hill,katherine.hill@example.com,30.00,2025-10-05,General Fund,online
Timothy Lewis,,15.00,2025-10-05,General Fund,online
Jason Davis,,15.00,2025-10-05,Youth Ministry,online
Kathleen Hall,kathleen.hall@example.com,150.00,2025-10-05,Building Fund,check
Sandra Baker,,10.00,2025-10-05,General Fund,check
Pamela Williams,pamela.williams@example.com,25.00,2025-10-05,General Fund,online
Susan Yamamoto,susan.yamamoto@example.com,500.00,2025-10-05,General Fund,cash
Jeffrey Carter,jeffrey.carter@example.com,50.00,2025-10-05,General Fund,check
Amy Walker,,20.00,2025-10-05,Building Fund,other
Sarah O'Brien,sarah.obrien@example.com,75.00,2025-10-05,General Fund,other
Andrew Kowalski,andrew.kowalski@example.com,500.00,2025-10-05,Building Fund,online
Karen Lewis,karen.lewis@example.com,75.00,2025-10-05,General Fund,online
Richard King,,20.00,2025-10-05,Missions Fund,cash
Justin Martinez,justin.martinez@example.com,40.00,2025-10-05,Youth Ministry,check
Paul Baker,paul.baker@example.com,1500.00,2025-10-05,General Fund,online
Matthew Flores,matthew.flores@example.com,40.00,2025-10-05,General Fund,online
Ronald Yamamoto,ronald.yamamoto@example.com,20.00,2025-10-05,Missions Fund,check
Jessica Robinson,jessica.robinson@example.com,250.00,2025-10-05,Building Fund,check
Deborah Miller,deborah.miller@example.com,60.00,2025-10-05,General Fund,other
Emily Williams,emily.williams@example.com,20.00,2025-10-05,Building Fund,online
Barbara Nelson,barbara.nelson@example.com,250.00,2025-10-05,Building Fund,check
Ruth Taylor,ruth.taylor@example.com,75.00,2025-10-05,General Fund,cash
Brandon Williams,brandon.williams@example.com,150.00,2025-10-05,Building Fund,online
Carol Hill,carol.hill@example.com,200.00,2025-10-05,General Fund,online
Edward Hill,edward.hill@example.com,25.00,2025-10-05,Building Fund,other
Stephen Campbell,stephen.campbell@example.com,80.00,2025-10-05,General Fund,online
Rebecca Clark,rebecca.clark@example.com,75.00,2025-10-05,General Fund,check
Thomas Scott,thomas.scott@example.com,250.00,2025-10-05,General Fund,online
Brian Yamamoto,brian.yamamoto@example.com,60.00,2025-10-05,General Fund,cash
Brenda Roberts,brenda.roberts@example.com,80.00,2025-10-05,General Fund,online
Carol Roberts,carol.roberts@example.com,250.00,2025-10-05,Benevolence,cash
Andrew Wilson,andrew.wilson@example.com,50.00,2025-10-05,Missions Fund,online
Elizabeth Sanchez,elizabeth.sanchez@example.com,250.00,2025-10-05,Building Fund,online
Carol Hernandez,carol.hernandez@example.com,20.00,2025-10-05,General Fund,other
Ashley Ramirez,,80.00,2025-10-05,General Fund,online
Mark Perez,mark.perez@example.com,60.00,2025-10-05,Missions Fund,cash
Brian Campbell,,50.00,2025-10-05,General Fund,online
Nicole Brown,nicole.brown@example.com,120.00,2025-10-05,General Fund,online
Cynthia Silva,cynthia.silva@example.com,120.00,2025-10-05,General Fund,online
Jeffrey Lewis,jeffrey.lewis@example.com,300.00,2025-10-05,General Fund,online
Karen Perez,,40.00,2025-10-05,General Fund,check
Ronald Rodriguez,,300.00,2025-10-05,Building Fund,online
Thomas Nelson,thomas.nelson@example.com,120.00,2025-10-05,Building Fund,check
Amanda Diaz,amanda.diaz@example.com,1000.00,2025-10-05,Building Fund,check
Edward Allen,edward.allen@example.com,20.00,2025-10-05,Missions Fund,check
Sharon Green,,15.00,2025-10-05,Building Fund,check
Melissa Thomas,melissa.thomas@example.com,75.00,2025-10-05,General Fund,online
Amanda Lopez,amanda.lopez@example.com,20.00,2025-10-05,Missions Fund,check
Jason Garcia,jason.garcia@example.com,25.00,2025-10-05,General Fund,check
Linda Jones,linda.jones@example.com,80.00,2025-10-05,General Fund,online
Stephanie Torres,stephanie.torres@example.com,75.00,2025-10-05,General Fund,online
Brian Rivera,brian.rivera@example.com,75.00,2025-10-05,Youth Ministry,online
Daniel Chen,,80.00,2025-10-05,Benevolence,check
Timothy Kowalski,timothy.kowalski@example.com,30.00,2025-10-05,Missions Fund,online
Emily Rodriguez,,200.00,2025-10-05,General Fund,online
Anonymous,,50.00,2025-10-05,Missions Fund,cash
Scott Robinson,scott.robinson@example.com,250.00,2025-10-06,General Fund,online
Amanda Johnson,amanda.johnson@example.com,100.00,2025-10-06,General Fund,online
Rebecca Davis,rebecca.davis@example.com,250.00,2025-10-06,General Fund,cash
Mark Sanchez,mark.sanchez@example.com,250.00,2025-10-06,General Fund,check
Stephen Smith,stephen.smith@example.com,120.00,2025-10-06,Benevolence,online
Ryan Clark,ryan.clark@example.com,200.00,2025-10-07,General Fund,online
Jacob Chen,jacob.chen@example.com,25.00,2025-10-07,Missions Fund,online
Deborah Wright,deborah.wright@example.com,150.00,2025-10-07,General Fund,online
Timothy Roberts,,100.00,2025-10-07,Building Fund,cash
Kevin Chen,kevin.chen@example.com,40.00,2025-10-07,Missions Fund,check
Melissa Miller,melissa.miller@example.com,75.00,2025-10-08,General Fund,online
Jacob Lewis,,120.00,2025-10-08,General Fund,cash
Robert Green,robert.green@example.com,300.00,2025-10-08,General Fund,online
William Lee,william.lee@example.com,60.00,2025-10-08,General Fund,cash
Patricia Mitchell,patricia.mitchell@example.com,50.00,2025-10-08,Building Fund,check
Cynthia Wilson,cynthia.wilson@example.com,100.00,2025-10-08,Missions Fund,online
Thomas Flores,thomas.flores@example.com,250.00,2025-10-09,General Fund,cash
Donald Hall,donald.hall@example.com,500.00,2025-10-09,General Fund,cash
Jennifer Lee,jennifer.lee@example.com,100.00,2025-10-09,Youth Ministry,check
Rebecca Ramirez,rebecca.ramirez@example.com,25.00,2025-10-09,General Fund,check
Gary King,gary.king@example.com,50.00,2025-10-09,General Fund,online
Katherine King,katherine.king@example.com,80.00,2025-10-09,Building Fund,online
Charles Hall,charles.hall@example.com,2000.00,2025-10-12,General Fund,check
Rebecca Nelson,rebecca.nelson@example.com,60.00,2025-10-12,General Fund,check
Emily Nelson,,200.00,2025-10-12,General Fund,online
Kimberly Sanchez,kimberly.sanchez@example.com,75.00,2025-10-12,Missions Fund,online
Mark Okafor,,10.00,2025-10-12,General Fund,online
Ryan Clark,ryan.clark@example.com,200.00,2025-10-12,General Fund,online
Donald Moore,donald.moore@example.com,30.00,2025-10-12,General Fund,online
Jonathan Mitchell,jonathan.mitchell@example.com,200.00,2025-10-12,Benevolence,cash
Amanda Carter,amanda.carter@example.com,60.00,2025-10-12,Missions Fund,check
Donald Rodriguez,donald.rodriguez@example.com,20.00,2025-10-12,General Fund,online
Betty Jones,betty.jones@example.com,60.00,2025-10-12,General Fund,check
Jason Nelson,jason.nelson@example.com,25.00,2025-10-12,General Fund,online
Mark Sanchez,mark.sanchez@example.com,150.00,2025-10-12,General Fund,online
Sandra Baker,,10.00,2025-10-12,Youth Ministry,check
Amy Walker,,20.00,2025-10-12,General Fund,online
Sarah O'Brien,sarah.obrien@example.com,15.00,2025-10-12,Building Fund,check
Jennifer Lee,jennifer.lee@example.com,100.00,2025-10-12,General Fund,online
Richard King,,20.00,2025-10-12,General Fund,other
Linda Jackson,,20.00,2025-10-12,Youth Ministry,online
Jason Hall,jason.hall@example.com,10.00,2025-10-12,General Fund,check
Ronald Yamamoto,ronald.yamamoto@example.com,120.00,2025-10-12,Benevolence,online
Deborah Miller,deborah.miller@example.com,60.00,2025-10-12,General Fund,online
Emily Williams,emily.williams@example.com,30.00,2025-10-12,General Fund,other
Ruth Taylor,ruth.taylor@example.com,75.00,2025-10-12,General Fund,check
Brandon Williams,brandon.williams@example.com,150.00,2025-10-12,General Fund,online
Carol Hill,carol.hill@example.com,200.00,2025-10-12,Building Fund,online
Edward Hill,edward.hill@example.com,25.00,2025-10-12,General Fund,online
Stephen Campbell,stephen.campbell@example.com,80.00,2025-10-12,General Fund,other
Carol Roberts,carol.roberts@example.com,30.00,2025-10-12,Building Fund,online
Joshua Wilson,joshua.wilson@example.com,2000.00,2025-10-12,Missions Fund,check
Ashley Ramirez,,40.00,2025-10-12,Missions Fund,online
Brian Campbell,,150.00,2025-10-12,Building Fund,online
Jeffrey Lewis,jeffrey.lewis@example.com,300.00,2025-10-12,General Fund,cash
Ronald Rodriguez,,80.00,2025-10-12,General Fund,cash
Lisa Okafor,lisa.okafor@example.com,50.00,2025-10-12,General Fund,check
Jason Garcia,jason.garcia@example.com,25.00,2025-10-12,General Fund,check
William Lee,william.lee@example.com,40.00,2025-10-12,General Fund,check
Daniel Chen,,80.00,2025-10-12,Building Fund,online
Angela Johnson,angela.johnson@example.com,25.00,2025-10-12,Building Fund,online
Timothy Kowalski,timothy.kowalski@example.com,30.00,2025-10-12,Building Fund,online
Emily Rodriguez,,200.00,2025-10-12,Building Fund,online
Anonymous,,80.00,2025-10-12,General Fund,cash
Anonymous,,10.00,2025-10-12,General Fund,cash
Anonymous,,10.00,2025-10-12,Youth Ministry,cash
Anonymous,,75.00,2025-10-12,General Fund,cash
Anonymous,,10.00,2025-10-12,General Fund,cash
Paul Baker,paul.baker@example.com,10.00,2025-10-13,General Fund,online
Matthew Flores,matthew.flores@example.com,40.00,2025-10-13,Missions Fund,online
Rebecca Ramirez,rebecca.ramirez@example.com,25.00,2025-10-13,General Fund,cash
Brian Yamamoto,brian.yamamoto@example.com,75.00,2025-10-14,Youth Ministry,cash
Elizabeth Sanchez,elizabeth.sanchez@example.com,30.00,2025-10-14,Youth Ministry,online
Brian Rivera,brian.rivera@example.com,75.00,2025-10-14,General Fund,cash
John Okafor,,150.00,2025-10-15,Building Fund,online
James Nelson,,30.00,2025-10-15,General Fund,online
Deborah Wright,deborah.wright@example.com,150.00,2025-10-15,General Fund,online
Melissa O'Brien,melissa.obrien@example.com,100.00,2025-10-15,Youth Ministry,online
Kathleen Brown,kathleen.brown@example.com,200.00,2025-10-16,General Fund,online
Matthew Wilson,matthew.wilson@example.com,2000.00,2025-10-16,Missions Fund,online
Jeffrey Carter,jeffrey.carter@example.com,50.00,2025-10-16,General Fund,check
Justin Martinez,justin.martinez@example.com,80.00,2025-10-16,General Fund,check
Rebecca Clark,rebecca.clark@example.com,25.00,2025-10-16,Building Fund,online
Kevin Chen,kevin.chen@example.com,40.00,2025-10-16,Building Fund,online
Charles Hall,charles.hall@example.com,10.00,2025-10-19,Missions Fund,check
Richard Harris,richard.harris@example.com,40.00,2025-10-19,Youth Ministry,online
Emily Nelson,,200.00,2025-10-19,General Fund,check
Kimberly Sanchez,kimberly.sanchez@example.com,75.00,2025-10-19,General Fund,online
Mark Okafor,,10.00,2025-10-19,General Fund,cash
Ryan Clark,ryan.clark@example.com,200.00,2025-10-19,General Fund,online
Kathleen Brown,kathleen.brown@example.com,200.00,2025-10-19,General Fund,online
Emily Roberts,emily.roberts@example.com,20.00,2025-10-19,General Fund,online
Amanda Carter,amanda.carter@example.com,60.00,2025-10-19,Building Fund,cash
Donald Rodriguez,donald.rodriguez@example.com,20.00,2025-10-19,Building Fund,online
Betty Jones,betty.jones@example.com,15.00,2025-10-19,General Fund,online
Jason Nelson,jason.nelson@example.com,25.00,2025-10-19,Building Fund,online
Mark Sanchez,mark.sanchez@example.com,150.00,2025-10-19,General Fund,cash
Matthew Wilson,matthew.wilson@example.com,2000.00,2025-10-19,General Fund,online
Richard Petrov,richard.petrov@example.com,20.00,2025-10-19,Youth Ministry,online
Mary Torres,mary.torres@example.com,2000.00,2025-10-19,Benevolence,online
Nicole Ramirez,,100.00,2025-10-19,General Fund,online
James Nelson,,30.00,2025-10-19,Building Fund,online
Jeffrey Carter,jeffrey.carter@example.com,50.00,2025-10-19,General Fund,online
Sarah O'Brien,sarah.obrien@example.com,75.00,2025-10-19,General Fund,check
Jennifer Lee,jennifer.lee@example.com,100.00,2025-10-19,General Fund,online
Richard King,,20.00,2025-10-19,Missions Fund,check
Linda Jackson,,200.00,2025-10-19,Youth Ministry,online
Justin Martinez,justin.martinez@example.com,40.00,2025-10-19,General Fund,cash
Paul Baker,paul.baker@example.com,10.00,2025-10-19,General Fund,online
Jason Hall,jason.hall@example.com,10.00,2025-10-19,General Fund,other
Matthew Flores,matthew.flores@example.com,40.00,2025-10-19,Building Fund,online
Ronald Yamamoto,ronald.yamamoto@example.com,20.00,2025-10-19,General Fund,other
Deborah Miller,deborah.miller@example.com,60.00,2025-10-19,General Fund,online
Emily Williams,emily.williams@example.com,20.00,2025-10-19,General Fund,online
Deborah Wright,deborah.wright@example.com,150.00,2025-10-19,Benevolence,online
Ruth Taylor,ruth.taylor@example.com,75.00,2025-10-19,Building Fund,check
Brandon Williams,brandon.williams@example.com,150.00,2025-10-19,General Fund,cash
Rebecca Ramirez,rebecca.ramirez@example.com,80.00,2025-10-19,Youth Ministry,check
Carol Hill,carol.hill@example.com,200.00,2025-10-19,General Fund,online
Carol Roberts,carol.roberts@example.com,30.00,2025-10-19,General Fund,online
Elizabeth Sanchez,elizabeth.sanchez@example.com,30.00,2025-10-19,General Fund,check
Ashley Ramirez,,40.00,2025-10-19,Youth Ministry,check
Brian Campbell,,80.00,2025-10-19,General Fund,check
Ronald Rodriguez,,80.00,2025-10-19,Building Fund,check
Thomas Nelson,thomas.nelson@example.com,30.00,2025-10-19,General Fund,check
Kevin Chen,kevin.chen@example.com,15.00,2025-10-19,General Fund,online
Melissa Thomas,melissa.thomas@example.com,40.00,2025-10-19,General Fund,cash
Lisa Okafor,lisa.okafor@example.com,50.00,2025-10-19,General Fund,online
William Lee,william.lee@example.com,15.00,2025-10-19,Youth Ministry,check
Linda Jones,linda.jones@example.com,80.00,2025-10-19,Missions Fund,online
Brian Rivera,brian.rivera@example.com,30.00,2025-10-19,General Fund,online
Daniel Chen,,80.00,2025-10-19,Building Fund,check
Angela Johnson,angela.johnson@example.com,25.00,2025-10-19,General Fund,check
Emily Rodriguez,,200.00,2025-10-19,Youth Ministry,cash
Anonymous,,40.00,2025-10-19,General Fund,cash
Anonymous,,15.00,2025-10-19,General Fund,cash
Anonymous,,75.00,2025-10-19,General Fund,cash
Anonymous,,10.00,2025-10-19,Building Fund,cash
Anonymous,,60.00,2025-10-19,Building Fund,cash
Karen Young,karen.young@example.com,60.00,2025-10-20,General Fund,other
Jason Garcia,jason.garcia@example.com,2000.00,2025-10-20,Youth Ministry,online
Rebecca Nelson,rebecca.nelson@example.com,60.00,2025-10-21,General Fund,online
Ronald Moore,ronald.moore@example.com,300.00,2025-10-21,General Fund,online
Jeffrey Lewis,jeffrey.lewis@example.com,300.00,2025-10-21,General Fund,cash
Sarah Ramirez,sarah.ramirez@example.com,10.00,2025-10-23,Building Fund,other
Jonathan Mitchell,jonathan.mitchell@example.com,80.00,2025-10-23,Youth Ministry,online
Charles Hall,charles.hall@example.com,40.00,2025-10-26,General Fund,online
Pamela Gonzalez,pamela.gonzalez@example.com,80.00,2025-10-26,General Fund,online
Rebecca Nelson,rebecca.nelson@example.com,60.00,2025-10-26,General Fund,check
Kimberly Sanchez,kimberly.sanchez@example.com,75.00,2025-10-26,Youth Ministry,online
Ryan Clark,ryan.clark@example.com,200.00,2025-10-26,General Fund,online
Kathleen Brown,kathleen.brown@example.com,200.00,2025-10-26,Benevolence,check
Emily Roberts,emily.roberts@example.com,20.00,2025-10-26,Missions Fund,online
Amanda Carter,amanda.carter@example.com,60.00,2025-10-26,General Fund,check
Donald Rodriguez,donald.rodriguez@example.com,20.00,2025-10-26,General Fund,online
Cynthia Thomas,cynthia.thomas@example.com,20.00,2025-10-26,Building Fund,check
Mark Sanchez,mark.sanchez@example.com,150.00,2025-10-26,General Fund,online
Matthew Wilson,matthew.wilson@example.com,2000.00,2025-10-26,General Fund,online
Sandra Baker,,20.00,2025-10-26,General Fund,check
James Nelson,,30.00,2025-10-26,General Fund,check
Jeffrey Carter,jeffrey.carter@example.com,50.00,2025-10-26,Building Fund,online
Jennifer Lee,jennifer.lee@example.com,100.00,2025-10-26,General Fund,online
Karen Young,karen.young@example.com,60.00,2025-10-26,Youth Ministry,check
Richard King,,75.00,2025-10-26,General Fund,online
Linda Jackson,,200.00,2025-10-26,General Fund,online
Justin Martinez,justin.martinez@example.com,40.00,2025-10-26,General Fund,online
Matthew Flores,matthew.flores@example.com,40.00,2025-10-26,General Fund,online
Ronald Yamamoto,ronald.yamamoto@example.com,20.00,2025-10-26,General Fund,online
Deborah Miller,deborah.miller@example.com,60.00,2025-10-26,General Fund,check
Emily Williams,emily.williams@example.com,20.00,2025-10-26,Building Fund,other
Deborah Wright,deborah.wright@example.com,150.00,2025-10-26,General Fund,online
Ruth Taylor,ruth.taylor@example.com,75.00,2025-10-26,General Fund,check
Brandon Williams,brandon.williams@example.com,150.00,2025-10-26,Youth Ministry,cash
Rebecca Ramirez,rebecca.ramirez@example.com,25.00,2025-10-26,General Fund,cash
Carol Hill,carol.hill@example.com,200.00,2025-10-26,Benevolence,online
Edward Hill,edward.hill@example.com,75.00,2025-10-26,Youth Ministry,cash
Stephen Campbell,stephen.campbell@example.com,80.00,2025-10-26,General Fund,online
Elizabeth Sanchez,elizabeth.sanchez@example.com,30.00,2025-10-26,Benevolence,check
Mark Perez,mark.perez@example.com,60.00,2025-10-26,General Fund,online
Thomas Nelson,thomas.nelson@example.com,500.00,2025-10-26,General Fund,check
Kevin Chen,kevin.chen@example.com,40.00,2025-10-26,General Fund,other
Lisa Okafor,lisa.okafor@example.com,50.00,2025-10-26,General Fund,online
Jason Garcia,jason.garcia@example.com,25.00,2025-10-26,Building Fund,check
William Lee,william.lee@example.com,60.00,2025-10-26,General Fund,online
Brian Rivera,brian.rivera@example.com,200.00,2025-10-26,Building Fund,online
Angela Johnson,angela.johnson@example.com,25.00,2025-10-26,General Fund,other
Timothy Kowalski,timothy.kowalski@example.com,30.00,2025-10-26,Benevolence,online
Emily Rodriguez,,100.00,2025-10-26,Building Fund,other
Anonymous,,60.00,2025-10-26,General Fund,cash
Jason Nelson,jason.nelson@example.com,25.00,2025-10-27,General Fund,other
Mark Okafor,,10.00,2025-10-28,General Fund,online
Rebecca Clark,rebecca.clark@example.com,120.00,2025-10-28,Youth Ministry,online
John Okafor,,60.00,2025-10-29,Benevolence,online
Mary Torres,mary.torres@example.com,2000.00,2025-10-29,General Fund,online
Brian Campbell,,50.00,2025-10-29,Youth Ministry,online
Betty Jones,betty.jones@example.com,200.00,2025-10-30,General Fund,check
Ronald Moore,ronald.moore@example.com,300.00,2025-10-30,General Fund,online
Ronald Rodriguez,,80.00,2025-10-30,General Fund,online
Melissa Thomas,melissa.thomas@example.com,40.00,2025-10-30,Building Fund,cash
Joseph Johnson,,25.00,2025-11-02,General Fund,other
Charles Hall,charles.hall@example.com,10.00,2025-11-02,General Fund,online
Barbara Harris,barbara.harris@example.com,250.00,2025-11-02,General Fund,online
Andrew Hall,andrew.hall@example.com,60.00,2025-11-02,General Fund,online
Margaret Adams,margaret.adams@example.com,300.00,2025-11-02,Building Fund,check
Ashley Mitchell,ashley.mitchell@example.com,10.00,2025-11-02,General Fund,online
George Anderson,,50.00,2025-11-02,General Fund,online
Scott Robinson,scott.robinson@example.com,80.00,2025-11-02,Building Fund,cash
Jonathan Roberts,jonathan.roberts@example.com,10.00,2025-11-02,General Fund,check
Emily Nelson,,200.00,2025-11-02,Benevolence,check
Rebecca Davis,rebecca.davis@example.com,120.00,2025-11-02,Benevolence,online
Charles Lewis,charles.lewis@example.com,2000.00,2025-11-02,General Fund,online
Jason Petrov,jason.petrov@example.com,150.00,2025-11-02,Building Fund,check
Ruth Williams,,20.00,2025-11-02,Building Fund,check
Katherine Allen,katherine.allen@example.com,200.00,2025-11-02,General Fund,other
Laura Jones,laura.jones@example.com,40.00,2025-11-02,General Fund,check
Paul Allen,paul.allen@example.com,30.00,2025-11-02,General Fund,check
Mark Okafor,,10.00,2025-11-02,General Fund,online
Ryan Clark,ryan.clark@example.com,200.00,2025-11-02,General Fund,online
Kathleen Brown,kathleen.brown@example.com,200.00,2025-11-02,General Fund,other
Emily Roberts,emily.roberts@example.com,60.00,2025-11-02,General Fund,online
Karen Rivera,karen.rivera@example.com,100.00,2025-11-02,General Fund,check
Thomas Flores,thomas.flores@example.com,250.00,2025-11-02,General Fund,online
Jason Rodriguez,jason.rodriguez@example.com,20.00,2025-11-02,General Fund,check
Amanda Carter,amanda.carter@example.com,60.00,2025-11-02,General Fund,cash
Betty Jones,betty.jones@example.com,200.00,2025-11-02,Youth Ministry,other
Donald Hall,donald.hall@example.com,30.00,2025-11-02,General Fund,online
Mark Sanchez,mark.sanchez@example.com,150.00,2025-11-02,General Fund,other
Matthew Wilson,matthew.wilson@example.com,2000.00,2025-11-02,General Fund,online
Katherine Hill,katherine.hill@example.com,750.00,2025-11-02,Missions Fund,check
Jason Davis,,15.00,2025-11-02,General Fund,online
Kathleen Hall,kathleen.hall@example.com,40.00,2025-11-02,Building Fund,online
Pamela Williams,pamela.williams@example.com,80.00,2025-11-02,General Fund,cash
Susan Yamamoto,susan.yamamoto@example.com,1000.00,2025-11-02,General Fund,cash
John Robinson,john.robinson@example.com,300.00,2025-11-02,General Fund,cash
James Nelson,,30.00,2025-11-02,General Fund,cash
Jessica Adams,jessica.adams@example.com,100.00,2025-11-02,General Fund,online
Amy Walker,,20.00,2025-11-02,General Fund,online
Richard King,,20.00,2025-11-02,Benevolence,other
Jacob Chen,jacob.chen@example.com,30.00,2025-11-02,General Fund,online
Linda Jackson,,200.00,2025-11-02,General Fund,check
Justin Martinez,justin.martinez@example.com,40.00,2025-11-02,Youth Ministry,online
Paul Baker,paul.baker@example.com,10.00,2025-11-02,General Fund,online
Jason Hall,jason.hall@example.com,10.00,2025-11-02,Missions Fund,check
Matthew Flores,matthew.flores@example.com,40.00,2025-11-02,General Fund,online
Barbara Silva,barbara.silva@example.com,120.00,2025-11-02,General Fund,online
Ronald Yamamoto,ronald.yamamoto@example.com,20.00,2025-11-02,Missions Fund,online
Jessica Robinson,jessica.robinson@example.com,60.00,2025-11-02,General Fund,check
Emily Williams,emily.williams@example.com,20.00,2025-11-02,Youth Ministry,check
Deborah Wright,deborah.wright@example.com,150.00,2025-11-02,General Fund,cash
Brandon Williams,brandon.williams@example.com,150.00,2025-11-02,Youth Ministry,cash
Edward Hill,edward.hill@example.com,25.00,2025-11-02,Youth Ministry,online
Stephen Campbell,stephen.campbell@example.com,80.00,2025-11-02,Missions Fund,online
Thomas Scott,thomas.scott@example.com,250.00,2025-11-02,Benevolence,check
Carol Roberts,carol.roberts@example.com,30.00,2025-11-02,General Fund,online
Michael Baker,michael.baker@example.com,500.00,2025-11-02,General Fund,check
Elizabeth Sanchez,elizabeth.sanchez@example.com,750.00,2025-11-02,General Fund,check
Ashley Ramirez,,15.00,2025-11-02,Missions Fund,other
Mark Perez,mark.perez@example.com,60.00,2025-11-02,General Fund,check
Brian Campbell,,50.00,2025-11-02,General Fund,online
Nicole Brown,nicole.brown@example.com,120.00,2025-11-02,General Fund,online
Cynthia Silva,cynthia.silva@example.com,75.00,2025-11-02,Youth Ministry,online
Timothy Roberts,,100.00,2025-11-02,General Fund,online
Karen Perez,,40.00,2025-11-02,Missions Fund,check
Ronald Rodriguez,,100.00,2025-11-02,General Fund,check
Amanda Diaz,amanda.diaz@example.com,75.00,2025-11-02,Youth Ministry,online
Kevin Chen,kevin.chen@example.com,40.00,2025-11-02,General Fund,check
Sharon Green,,15.00,2025-11-02,Youth Ministry,online
Robert Green,robert.green@example.com,300.00,2025-11-02,General Fund,online
Melissa Thomas,melissa.thomas@example.com,40.00,2025-11-02,General Fund,check
Amanda Lopez,amanda.lopez@example.com,20.00,2025-11-02,General Fund,online
William Lee,william.lee@example.com,60.00,2025-11-02,General Fund,online
Linda Jones,linda.jones@example.com,80.00,2025-11-02,Building Fund,cash
Stephanie Torres,stephanie.torres@example.com,75.00,2025-11-02,General Fund,other
Cynthia Wilson,cynthia.wilson@example.com,300.00,2025-11-02,Missions Fund,check
Daniel Chen,,80.00,2025-11-02,General Fund,online
Emily Rodriguez,,200.00,2025-11-02,Building Fund,online
Anonymous,,40.00,2025-11-02,General Fund,cash
Anonymous,,50.00,2025-11-02,General Fund,cash
Justin Torres,justin.torres@example.com,75.00,2025-11-03,Benevolence,online
Anthony Baker,anthony.baker@example.com,300.00,2025-11-03,General Fund,online
Jeffrey Scott,,40.00,2025-11-03,Missions Fund,online
Jennifer Lee,jennifer.lee@example.com,100.00,2025-11-03,General Fund,online
Ronald Moore,ronald.moore@example.com,300.00,2025-11-03,General Fund,other
Nicole Lee,,80.00,2025-11-03,General Fund,check
Brenda Roberts,brenda.roberts@example.com,80.00,2025-11-03,General Fund,online
Andrew Wilson,andrew.wilson@example.com,50.00,2025-11-03,Building Fund,online
Jason Garcia,jason.garcia@example.com,25.00,2025-11-03,Missions Fund,other
Donald Rodriguez,donald.rodriguez@example.com,20.00,2025-11-04,General Fund,online
Carol Hill,carol.hill@example.com,200.00,2025-11-04,General Fund,check
Gary King,gary.king@example.com,50.00,2025-11-04,General Fund,online
Richard Harris,richard.harris@example.com,40.00,2025-11-05,General Fund,cash
Sarah Ramirez,sarah.ramirez@example.com,200.00,2025-11-05,Benevolence,online
Deborah Hernandez,deborah.hernandez@example.com,200.00,2025-11-05,General Fund,online
Mary Torres,mary.torres@example.com,2000.00,2025-11-05,General Fund,online
Sandra Baker,,10.00,2025-11-05,General Fund,cash
Jeffrey Carter,jeffrey.carter@example.com,50.00,2025-11-05,General Fund,online
Edward Allen,edward.allen@example.com,75.00,2025-11-05,General Fund,check
Jonathan Davis,jonathan.davis@example.com,50.00,2025-11-06,General Fund,online
John Okafor,,60.00,2025-11-06,Missions Fund,cash
Amy Davis,,100.00,2025-11-06,General Fund,online
Timothy Lewis,,15.00,2025-11-06,General Fund,online
Andrew Kowalski,andrew.kowalski@example.com,20.00,2025-11-06,General Fund,online
Jacob Lewis,,1500.00,2025-11-06,Youth Ministry,online
Lisa Okafor,lisa.okafor@example.com,50.00,2025-11-06,General Fund,online
Patricia Mitchell,patricia.mitchell@example.com,50.00,2025-11-06,Missions Fund,check
Richard Harris,richard.harris@example.com,40.00,2025-11-09,Building Fund,online
John Okafor,,60.00,2025-11-09,General Fund,check
Emily Nelson,,200.00,2025-11-09,General Fund,cash
Sarah Ramirez,sarah.ramirez@example.com,75.00,2025-11-09,General Fund,check
Mark Okafor,,75.00,2025-11-09,General Fund,cash
Ryan Clark,ryan.clark@example.com,200.00,2025-11-09,Benevolence,cash
Kathleen Brown,kathleen.brown@example.com,200.00,2025-11-09,General Fund,cash
Emily Roberts,emily.roberts@example.com,20.00,2025-11-09,Building Fund,check
Anthony Petrov,anthony.petrov@example.com,30.00,2025-11-09,General Fund,check
Amanda Carter,amanda.carter@example.com,60.00,2025-11-09,Youth Ministry,check
Betty Jones,betty.jones@example.com,200.00,2025-11-09,General Fund,check
Mark Sanchez,mark.sanchez@example.com,150.00,2025-11-09,General Fund,online
Matthew Wilson,matthew.wilson@example.com,2000.00,2025-11-09,General Fund,check
Richard Petrov,richard.petrov@example.com,15.00,2025-11-09,General Fund,other
Mary Torres,mary.torres@example.com,50.00,2025-11-09,Benevolence,check
James Nelson,,30.00,2025-11-09,General Fund,online
Jeffrey Carter,jeffrey.carter@example.com,50.00,2025-11-09,Benevolence,online
Sarah O'Brien,sarah.obrien@example.com,75.00,2025-11-09,General Fund,online
Jennifer Lee,jennifer.lee@example.com,100.00,2025-11-09,Building Fund,check
Karen Young,karen.young@example.com,100.00,2025-11-09,Building Fund,cash
Justin Martinez,justin.martinez@example.com,40.00,2025-11-09,Building Fund,online
Jason Hall,jason.hall@example.com,10.00,2025-11-09,General Fund,check
Matthew Flores,matthew.flores@example.com,40.00,2025-11-09,Missions Fund,other
Emily Williams,emily.williams@example.com,20.00,2025-11-09,General Fund,check
Deborah Wright,deborah.wright@example.com,150.00,2025-11-09,General Fund,other
Ruth Taylor,ruth.taylor@example.com,75.00,2025-11-09,General Fund,other
Stephen Campbell,stephen.campbell@example.com,1500.00,2025-11-09,General Fund,check
Rebecca Clark,rebecca.clark@example.com,10.00,2025-11-09,General Fund,online
Elizabeth Sanchez,elizabeth.sanchez@example.com,30.00,2025-11-09,General Fund,online
Ashley Ramirez,,40.00,2025-11-09,Missions Fund,cash
Jeffrey Lewis,jeffrey.lewis@example.com,60.00,2025-11-09,General Fund,check
Ronald Rodriguez,,80.00,2025-11-09,Building Fund,check
Melissa Thomas,melissa.thomas@example.com,300.00,2025-11-09,General Fund,check
Lisa Okafor,lisa.okafor@example.com,50.00,2025-11-09,Building Fund,online
Jason Garcia,jason.garcia@example.com,150.00,2025-11-09,General Fund,online
Linda Jones,linda.jones@example.com,80.00,2025-11-09,Youth Ministry,online
Brian Rivera,brian.rivera@example.com,150.00,2025-11-09,General Fund,check
Daniel Chen,,80.00,2025-11-09,Youth Ministry,online
Angela Johnson,angela.johnson@example.com,25.00,2025-11-09,General Fund,cash
Timothy Kowalski,timothy.kowalski@example.com,75.00,2025-11-09,General Fund,other
Emily Rodriguez,,200.00,2025-11-09,Benevolence,online
Anonymous,,25.00,2025-11-09,Missions Fund,cash
Anonymous,,75.00,2025-11-09,General Fund,cash
Anonymous,,100.00,2025-11-09,Youth Ministry,cash
Amy Walker,,20.00,2025-11-10,General Fund,online
Brandon Williams,brandon.williams@example.com,300.00,2025-11-10,General Fund,check
Charles Hall,charles.hall@example.com,10.00,2025-11-11,General Fund,cash
Donald Rodriguez,donald.rodriguez@example.com,20.00,2025-11-11,General Fund,online
Deborah Miller,deborah.miller@example.com,60.00,2025-11-12,General Fund,check
Carol Hill,carol.hill@example.com,200.00,2025-11-12,Youth Ministry,online
Mark Perez,mark.perez@example.com,60.00,2025-11-12,General Fund,online
Brian Campbell,,50.00,2025-11-12,Youth Ministry,check
Sandra Baker,,10.00,2025-11-13,General Fund,online
Ronald Yamamoto,ronald.yamamoto@example.com,75.00,2025-11-13,Building Fund,online
Kevin Miller,kevin.miller@example.com,200.00,2025-11-13,General Fund,check
Charles Hall,charles.hall@example.com,10.00,2025-11-16,General Fund,online
Rebecca Nelson,rebecca.nelson@example.com,60.00,2025-11-16,Youth Ministry,check
Emily Nelson,,200.00,2025-11-16,General Fund,online
Sarah Ramirez,sarah.ramirez@example.com,200.00,2025-11-16,Building Fund,check
Mark Okafor,,10.00,2025-11-16,Missions Fund,online
Ryan Clark,ryan.clark@example.com,200.00,2025-11-16,Building Fund,online
Emily Roberts,emily.roberts@example.com,20.00,2025-11-16,General Fund,online
Amanda Carter,amanda.carter@example.com,60.00,2025-11-16,General Fund,cash
Donald Rodriguez,donald.rodriguez@example.com,20.00,2025-11-16,Youth Ministry,check
Jason Nelson,jason.nelson@example.com,25.00,2025-11-16,General Fund,cash
Mark Sanchez,mark.sanchez@example.com,150.00,2025-11-16,Youth Ministry,online
Matthew Wilson,matthew.wilson@example.com,2000.00,2025-11-16,General Fund,online
Mary Torres,mary.torres@example.com,300.00,2025-11-16,Building Fund,online
James Nelson,,30.00,2025-11-16,Youth Ministry,online
Jeffrey Carter,jeffrey.carter@example.com,50.00,2025-11-16,General Fund,online
Amy Walker,,200.00,2025-11-16,General Fund,check
Linda Jackson,,200.00,2025-11-16,Benevolence,check
Paul Baker,paul.baker@example.com,10.00,2025-11-16,General Fund,online
Jason Hall,jason.hall@example.com,10.00,2025-11-16,Building Fund,online
Deborah Miller,deborah.miller@example.com,60.00,2025-11-16,General Fund,check
Brandon Williams,brandon.williams@example.com,150.00,2025-11-16,General Fund,check
Rebecca Ramirez,rebecca.ramirez@example.com,25.00,2025-11-16,General Fund,cash
Carol Hill,carol.hill@example.com,200.00,2025-11-16,General Fund,check
Rebecca Clark,rebecca.clark@example.com,25.00,2025-11-16,General Fund,check
Carol Roberts,carol.roberts@example.com,60.00,2025-11-16,Building Fund,other
Elizabeth Sanchez,elizabeth.sanchez@example.com,30.00,2025-11-16,Missions Fund,check
Mark Perez,mark.perez@example.com,60.00,2025-11-16,General Fund,online
Brian Campbell,,50.00,2025-11-16,General Fund,cash
Jeffrey Lewis,jeffrey.lewis@example.com,300.00,2025-11-16,General Fund,check
Ronald Rodriguez,,80.00,2025-11-16,Benevolence,check
Thomas Nelson,thomas.nelson@example.com,250.00,2025-11-16,Missions Fund,check
Melissa Thomas,melissa.thomas@example.com,40.00,2025-11-16,General Fund,cash
Jason Garcia,jason.garcia@example.com,25.00,2025-11-16,Building Fund,other
Linda Jones,linda.jones@example.com,80.00,2025-11-16,Missions Fund,online
Brian Rivera,brian.rivera@example.com,200.00,2025-11-16,General Fund,online
Daniel Chen,,80.00,2025-11-16,General Fund,online
Angela Johnson,angela.johnson@example.com,60.00,2025-11-16,General Fund,check
Timothy Kowalski,timothy.kowalski@example.com,30.00,2025-11-16,Building Fund,online
Emily Rodriguez,,200.00,2025-11-16,General Fund,online
Anonymous,,80.00,2025-11-16,Missions Fund,cash
Justin Taylor,justin.taylor@example.com,500.00,2025-11-17,General Fund,online
Jennifer Lee,jennifer.lee@example.com,100.00,2025-11-17,Benevolence,other
Justin Martinez,justin.martinez@example.com,300.00,2025-11-17,General Fund,online
Ruth Taylor,ruth.taylor@example.com,75.00,2025-11-17,General Fund,online
Pamela Gonzalez,pamela.gonzalez@example.com,60.00,2025-11-18,General Fund,check
Kimberly Sanchez,kimberly.sanchez@example.com,500.00,2025-11-18,General Fund,online
Ronald Moore,ronald.moore@example.com,300.00,2025-11-19,General Fund,cash
Emily Williams,emily.williams@example.com,1500.00,2025-11-19,General Fund,online
Kevin Chen,kevin.chen@example.com,40.00,2025-11-19,General Fund,check
Lisa Okafor,lisa.okafor@example.com,300.00,2025-11-19,General Fund,online
Richard Petrov,richard.petrov@example.com,20.00,2025-11-20,Building Fund,online
Sarah O'Brien,sarah.obrien@example.com,75.00,2025-11-20,General Fund,online
Matthew Flores,matthew.flores@example.com,40.00,2025-11-20,General Fund,cash
William Lee,william.lee@example.com,60.00,2025-11-20,General Fund,online
Charles Hall,charles.hall@example.com,10.00,2025-11-23,Building Fund,online
Pamela Gonzalez,pamela.gonzalez@example.com,60.00,2025-11-23,Youth Ministry,check
Richard Harris,richard.harris@example.com,30.00,2025-11-23,Missions Fund,online
John Okafor,,60.00,2025-11-23,General Fund,check
Rebecca Nelson,rebecca.nelson@example.com,60.00,2025-11-23,General Fund,online
Emily Nelson,,100.00,2025-11-23,Building Fund,check
Sarah Ramirez,sarah.ramirez@example.com,200.00,2025-11-23,General Fund,check
Ryan Clark,ryan.clark@example.com,200.00,2025-11-23,General Fund,online
Emily Roberts,emily.roberts@example.com,20.00,2025-11-23,General Fund,online
Amanda Carter,amanda.carter@example.com,60.00,2025-11-23,General Fund,online
Donald Rodriguez,donald.rodriguez@example.com,20.00,2025-11-23,General Fund,other
Betty Jones,betty.jones@example.com,200.00,2025-11-23,General Fund,other
Jason Nelson,jason.nelson@example.com,25.00,2025-11-23,General Fund,cash
Nicole Ramirez,,100.00,2025-11-23,Youth Ministry,check
Sandra Baker,,10.00,2025-11-23,General Fund,other
James Nelson,,30.00,2025-11-23,Building Fund,online
Jeffrey Carter,jeffrey.carter@example.com,50.00,2025-11-23,General Fund,online
Amy Walker,,20.00,2025-11-23,General Fund,check
Sarah O'Brien,sarah.obrien@example.com,75.00,2025-11-23,General Fund,online
Jennifer Lee,jennifer.lee@example.com,100.00,2025-11-23,Building Fund,check
Karen Young,karen.young@example.com,60.00,2025-11-23,General Fund,other
Richard King,,30.00,2025-11-23,Building Fund,online
Linda Jackson,,10.00,2025-11-23,General Fund,check
Justin Martinez,justin.martinez@example.com,40.00,2025-11-23,General Fund,online
Paul Baker,paul.baker@example.com,10.00,2025-11-23,Youth Ministry,check
Deborah Miller,deborah.miller@example.com,60.00,2025-11-23,Benevolence,cash
Deborah Wright,deborah.wright@example.com,150.00,2025-11-23,General Fund,online
Brandon Williams,brandon.williams@example.com,2000.00,2025-11-23,General Fund,online
Rebecca Ramirez,rebecca.ramirez@example.com,25.00,2025-11-23,Missions Fund,online
Carol Hill,carol.hill@example.com,750.00,2025-11-23,Building Fund,online
Stephen Campbell,stephen.campbell@example.com,150.00,2025-11-23,Building Fund,check
Rebecca Clark,rebecca.clark@example.com,25.00,2025-11-23,Youth Ministry,check
Carol Roberts,carol.roberts@example.com,300.00,2025-11-23,Youth Ministry,online
Elizabeth Sanchez,elizabeth.sanchez@example.com,30.00,2025-11-23,Benevolence,online
Brian Campbell,,30.00,2025-11-23,General Fund,check
Jeffrey Lewis,jeffrey.lewis@example.com,300.00,2025-11-23,Building Fund,online
Thomas Nelson,thomas.nelson@example.com,10.00,2025-11-23,General Fund,online
Kevin Chen,kevin.chen@example.com,40.00,2025-11-23,General Fund,online
Melissa Thomas,melissa.thomas@example.com,40.00,2025-11-23,General Fund,check
Lisa Okafor,lisa.okafor@example.com,50.00,2025-11-23,General Fund,cash
Jason Garcia,jason.garcia@example.com,25.00,2025-11-23,Benevolence,check
Brian Rivera,brian.rivera@example.com,75.00,2025-11-23,Building Fund,online
Daniel Chen,,25.00,2025-11-23,General Fund,online
Angela Johnson,angela.johnson@example.com,25.00,2025-11-23,Missions Fund,check
Timothy Kowalski,timothy.kowalski@example.com,60.00,2025-11-23,Benevolence,online
Anonymous,,100.00,2025-11-23,Missions Fund,cash
Anonymous,,40.00,2025-11-23,Youth Ministry,cash
Anonymous,,30.00,2025-11-23,General Fund,cash
Mark Okafor,,10.00,2025-11-24,General Fund,check
Richard Petrov,richard.petrov@example.com,20.00,2025-11-24,Building Fund,online
Matthew Flores,matthew.flores@example.com,40.00,2025-11-24,General Fund,online
Edward Hill,edward.hill@example.com,25.00,2025-11-24,Youth Ministry,online
Ashley Ramirez,,40.00,2025-11-24,General Fund,check
William Lee,william.lee@example.com,60.00,2025-11-24,Building Fund,online
Linda Jones,linda.jones@example.com,80.00,2025-11-24,General Fund,check
Matthew Wilson,matthew.wilson@example.com,120.00,2025-11-25,Building Fund,online
Jason Hall,jason.hall@example.com,10.00,2025-11-25,Building Fund,check
Kimberly Sanchez,kimberly.sanchez@example.com,750.00,2025-11-26,Youth Ministry,online
Kathleen Brown,kathleen.brown@example.com,60.00,2025-11-26,General Fund,online
Mark Sanchez,mark.sanchez@example.com,20.00,2025-11-26,General Fund,check
Emily Rodriguez,,200.00,2025-11-27,Youth Ministry,online
Pamela Gonzalez,pamela.gonzalez@example.com,1500.00,2025-11-30,General Fund,check
John Okafor,,60.00,2025-11-30,General Fund,online
Rebecca Nelson,rebecca.nelson@example.com,60.00,2025-11-30,Building Fund,online
Emily Nelson,,200.00,2025-11-30,Benevolence,online
Sarah Ramirez,sarah.ramirez@example.com,200.00,2025-11-30,General Fund,online
Kimberly Sanchez,kimberly.sanchez@example.com,75.00,2025-11-30,General Fund,check
Edward Baker,edward.baker@example.com,1000.00,2025-11-30,Building Fund,online
Ryan Clark,ryan.clark@example.com,200.00,2025-11-30,General Fund,other
Kathleen Brown,kathleen.brown@example.com,200.00,2025-11-30,Youth Ministry,online
Emily Roberts,emily.roberts@example.com,20.00,2025-11-30,Missions Fund,check
Amanda Carter,amanda.carter@example.com,60.00,2025-11-30,Benevolence,check
Donald Rodriguez,donald.rodriguez@example.com,20.00,2025-11-30,General Fund,cash
Matthew Wilson,matthew.wilson@example.com,2000.00,2025-11-30,Building Fund,online
Richard Petrov,richard.petrov@example.com,20.00,2025-11-30,General Fund,check
James Nelson,,30.00,2025-11-30,Building Fund,online
Jeffrey Carter,jeffrey.carter@example.com,50.00,2025-11-30,General Fund,online
Amy Walker,,120.00,2025-11-30,General Fund,check
Jennifer Lee,jennifer.lee@example.com,100.00,2025-11-30,General Fund,online
Richard King,,20.00,2025-11-30,General Fund,check
Linda Jackson,,250.00,2025-11-30,Missions Fund,check
Justin Martinez,justin.martinez@example.com,40.00,2025-11-30,Building Fund,online
Jason Hall,jason.hall@example.com,10.00,2025-11-30,Benevolence,online
Ronald Yamamoto,ronald.yamamoto@example.com,20.00,2025-11-30,General Fund,online
Deborah Miller,deborah.miller@example.com,250.00,2025-11-30,General Fund,cash
Emily Williams,emily.williams@example.com,20.00,2025-11-30,General Fund,check
Deborah Wright,deborah.wright@example.com,150.00,2025-11-30,General Fund,check
Ruth Taylor,ruth.taylor@example.com,75.00,2025-11-30,General Fund,check
Brandon Williams,brandon.williams@example.com,150.00,2025-11-30,General Fund,online
Carol Hill,carol.hill@example.com,200.00,2025-11-30,Building Fund,online
Edward Hill,edward.hill@example.com,25.00,2025-11-30,Missions Fund,check
Rebecca Clark,rebecca.clark@example.com,25.00,2025-11-30,General Fund,check
Ashley Ramirez,,50.00,2025-11-30,General Fund,other
Mark Perez,mark.perez@example.com,60.00,2025-11-30,General Fund,check
Brian Campbell,,50.00,2025-11-30,Missions Fund,online
Ronald Rodriguez,,80.00,2025-11-30,Building Fund,check
Thomas Nelson,thomas.nelson@example.com,30.00,2025-11-30,General Fund,check
Kevin Chen,kevin.chen@example.com,40.00,2025-11-30,Benevolence,cash
Lisa Okafor,lisa.okafor@example.com,50.00,2025-11-30,Missions Fund,cash
Jason Garcia,jason.garcia@example.com,200.00,2025-11-30,Youth Ministry,online
Brian Rivera,brian.rivera@example.com,40.00,2025-11-30,General Fund,online
Daniel Chen,,150.00,2025-11-30,General Fund,other
Timothy Kowalski,timothy.kowalski@example.com,30.00,2025-11-30,General Fund,check
Emily Rodriguez,,200.00,2025-11-30,General Fund,online
Anonymous,,80.00,2025-11-30,Building Fund,cash
Anonymous,,100.00,2025-11-30,General Fund,cash
Anonymous,,60.00,2025-11-30,General Fund,cash
Charles Hall,charles.hall@example.com,100.00,2025-12-01,Youth Ministry,cash
Mark Sanchez,mark.sanchez@example.com,150.00,2025-12-01,Benevolence,online
Stephen Smith,stephen.smith@example.com,25.00,2025-12-01,General Fund,online
Paul Baker,paul.baker@example.com,10.00,2025-12-01,General Fund,check
Matthew Flores,matthew.flores@example.com,40.00,2025-12-01,Youth Ministry,online
Elizabeth Sanchez,elizabeth.sanchez@example.com,30.00,2025-12-01,Building Fund,check
Justin Taylor,justin.taylor@example.com,500.00,2025-12-02,General Fund,online
Jeffrey Lewis,jeffrey.lewis@example.com,300.00,2025-12-02,Building Fund,online
Ronald Moore,ronald.moore@example.com,300.00,2025-12-03,General Fund,check
Carol Roberts,carol.roberts@example.com,30.00,2025-12-03,General Fund,check
Linda Jones,linda.jones@example.com,80.00,2025-12-04,General Fund,check
Joseph Johnson,,60.00,2025-12-07,Building Fund,online
Charles Hall,charles.hall@example.com,10.00,2025-12-07,General Fund,online
Barbara Harris,barbara.harris@example.com,250.00,2025-12-07,Missions Fund,check
Jonathan Davis,jonathan.davis@example.com,50.00,2025-12-07,General Fund,online
Pamela Gonzalez,pamela.gonzalez@example.com,1000.00,2025-12-07,Building Fund,cash
Richard Harris,richard.harris@example.com,40.00,2025-12-07,General Fund,cash
Andrew Hall,andrew.hall@example.com,60.00,2025-12-07,Building Fund,check
John Okafor,,60.00,2025-12-07,General Fund,online
Ashley Mitchell,ashley.mitchell@example.com,300.00,2025-12-07,General Fund,cash
George Anderson,,50.00,2025-12-07,Missions Fund,online
Scott Robinson,scott.robinson@example.com,80.00,2025-12-07,Building Fund,online
Jonathan Roberts,jonathan.roberts@example.com,10.00,2025-12-07,General Fund,check
Rebecca Nelson,rebecca.nelson@example.com,60.00,2025-12-07,General Fund,cash
Jason Clark,,2000.00,2025-12-07,General Fund,check
Linda Mitchell,linda.mitchell@example.com,250.00,2025-12-07,General Fund,online
Rebecca Davis,rebecca.davis@example.com,120.00,2025-12-07,General Fund,online
Justin Torres,justin.torres@example.com,75.00,2025-12-07,General Fund,check
Kimberly Sanchez,kimberly.sanchez@example.com,75.00,2025-12-07,General Fund,online
Charles Lewis,charles.lewis@example.com,2000.00,2025-12-07,Youth Ministry,check
Jason Petrov,jason.petrov@example.com,150.00,2025-12-07,General Fund,online
Jeffrey Scott,,40.00,2025-12-07,General Fund,other
Matthew Sanchez,,75.00,2025-12-07,General Fund,online
Laura Jones,laura.jones@example.com,40.00,2025-12-07,Missions Fund,check
Mark Okafor,,10.00,2025-12-07,General Fund,check
Ryan Clark,ryan.clark@example.com,200.00,2025-12-07,General Fund,check
Kathleen Brown,kathleen.brown@example.com,200.00,2025-12-07,General Fund,cash
Karen Rivera,karen.rivera@example.com,150.00,2025-12-07,General Fund,online
Thomas Flores,thomas.flores@example.com,250.00,2025-12-07,Missions Fund,check
Jason Rodriguez,jason.rodriguez@example.com,50.00,2025-12-07,General Fund,check
Amanda Carter,amanda.carter@example.com,60.00,2025-12-07,General Fund,online
Jacob Johnson,jacob.johnson@example.com,30.00,2025-12-07,General Fund,check
Donald Rodriguez,donald.rodriguez@example.com,20.00,2025-12-07,Building Fund,online
Deborah Hernandez,deborah.hernandez@example.com,200.00,2025-12-07,Building Fund,check
Betty Jones,betty.jones@example.com,200.00,2025-12-07,Missions Fund,online
Jason Nelson,jason.nelson@example.com,25.00,2025-12-07,Building Fund,online
Kathleen Ramirez,kathleen.ramirez@example.com,30.00,2025-12-07,Missions Fund,check
Donald Hall,donald.hall@example.com,40.00,2025-12-07,General Fund,online
Mark Sanchez,mark.sanchez@example.com,150.00,2025-12-07,General Fund,check
Jessica Campbell,jessica.campbell@example.com,1500.00,2025-12-07,Building Fund,check
Matthew Wilson,matthew.wilson@example.com,2000.00,2025-12-07,Missions Fund,check
Mary Torres,mary.torres@example.com,75.00,2025-12-07,General Fund,check
Amy Davis,,100.00,2025-12-07,General Fund,check
Katherine Hill,katherine.hill@example.com,300.00,2025-12-07,Youth Ministry,check
Timothy Lewis,,15.00,2025-12-07,Building Fund,cash
Jason Davis,,15.00,2025-12-07,General Fund,online
Kathleen Hall,kathleen.hall@example.com,40.00,2025-12-07,General Fund,online
Susan Yamamoto,susan.yamamoto@example.com,500.00,2025-12-07,General Fund,online
John Robinson,john.robinson@example.com,300.00,2025-12-07,General Fund,cash
James Nelson,,30.00,2025-12-07,Missions Fund,online
Jeffrey Carter,jeffrey.carter@example.com,50.00,2025-12-07,Building Fund,check
Jessica Adams,jessica.adams@example.com,100.00,2025-12-07,General Fund,online
Amy Walker,,15.00,2025-12-07,General Fund,online
Jennifer Lee,jennifer.lee@example.com,100.00,2025-12-07,General Fund,check
Richard King,,20.00,2025-12-07,Missions Fund,other
Jacob Chen,jacob.chen@example.com,200.00,2025-12-07,Building Fund,check
Linda Jackson,,200.00,2025-12-07,General Fund,cash
Justin Martinez,justin.martinez@example.com,50.00,2025-12-07,General Fund,cash
Paul Baker,paul.baker@example.com,20.00,2025-12-07,General Fund,online
Jason Hall,jason.hall@example.com,10.00,2025-12-07,General Fund,online
Ronald Moore,ronald.moore@example.com,300.00,2025-12-07,General Fund,check
Matthew Flores,matthew.flores@example.com,40.00,2025-12-07,General Fund,check
Barbara Silva,barbara.silva@example.com,2000.00,2025-12-07,General Fund,check
Jessica Robinson,jessica.robinson@example.com,250.00,2025-12-07,General Fund,online
Deborah Miller,deborah.miller@example.com,60.00,2025-12-07,General Fund,online
Emily Williams,emily.williams@example.com,20.00,2025-12-07,Youth Ministry,online
Ruth Taylor,ruth.taylor@example.com,75.00,2025-12-07,Building Fund,check
Rebecca Ramirez,rebecca.ramirez@example.com,25.00,2025-12-07,Missions Fund,online
Carol Hill,carol.hill@example.com,200.00,2025-12-07,Youth Ministry,cash
Edward Hill,edward.hill@example.com,30.00,2025-12-07,General Fund,online
Rebecca Clark,rebecca.clark@example.com,25.00,2025-12-07,General Fund,check
Gary King,gary.king@example.com,80.00,2025-12-07,General Fund,online
Elizabeth Sanchez,elizabeth.sanchez@example.com,30.00,2025-12-07,General Fund,check
Carol Hernandez,carol.hernandez@example.com,40.00,2025-12-07,General Fund,check
Ashley Ramirez,,40.00,2025-12-07,General Fund,check
Mark Perez,mark.perez@example.com,60.00,2025-12-07,General Fund,cash
Brian Campbell,,50.00,2025-12-07,Building Fund,online
Nicole Brown,nicole.brown@example.com,120.00,2025-12-07,General Fund,check
Paul Jones,paul.jones@example.com,500.00,2025-12-07,General Fund,other
Cynthia Silva,cynthia.silva@example.com,75.00,2025-12-07,Building Fund,online
Jeffrey Lewis,jeffrey.lewis@example.com,300.00,2025-12-07,Building Fund,check
Timothy Roberts,,100.00,2025-12-07,General Fund,check
Karen Perez,,500.00,2025-12-07,General Fund,cash
Ronald Rodriguez,,80.00,2025-12-07,Youth Ministry,online
Thomas Nelson,thomas.nelson@example.com,30.00,2025-12-07,Building Fund,online
Amanda Diaz,amanda.diaz@example.com,75.00,2025-12-07,General Fund,online
Edward Allen,edward.allen@example.com,20.00,2025-12-07,General Fund,check
Kevin Chen,kevin.chen@example.com,40.00,2025-12-07,General Fund,online
Jacob Lewis,,750.00,2025-12-07,General Fund,check
Katherine King,katherine.king@example.com,80.00,2025-12-07,General Fund,online
Robert Green,robert.green@example.com,40.00,2025-12-07,General Fund,online
Melissa Thomas,melissa.thomas@example.com,300.00,2025-12-07,Missions Fund,cash
Lisa Okafor,lisa.okafor@example.com,500.00,2025-12-07,General Fund,online
Amanda Lopez,amanda.lopez@example.com,20.00,2025-12-07,General Fund,check
Linda Jones,linda.jones@example.com,80.00,2025-12-07,General Fund,online
Patricia Mitchell,patricia.mitchell@example.com,250.00,2025-12-07,General Fund,online
Cynthia Wilson,cynthia.wilson@example.com,100.00,2025-12-07,General Fund,online
Daniel Chen,,80.00,2025-12-07,Building Fund,check
Angela Johnson,angela.johnson@example.com,25.00,2025-12-07,General Fund,online
Emily Rodriguez,,200.00,2025-12-07,General Fund,cash
Anonymous,,50.00,2025-12-07,General Fund,cash
Paul Allen,paul.allen@example.com,50.00,2025-12-08,General Fund,check
Ronald Yamamoto,ronald.yamamoto@example.com,750.00,2025-12-08,Building Fund,online
Brandon Williams,brandon.williams@example.com,150.00,2025-12-08,General Fund,check
Thomas Scott,thomas.scott@example.com,75.00,2025-12-08,General Fund,cash
Jason Garcia,jason.garcia@example.com,25.00,2025-12-08,Benevolence,check
Ruth Williams,,20.00,2025-12-09,General Fund,online
Melissa Miller,melissa.miller@example.com,30.00,2025-12-09,Building Fund,check
Brian Rivera,brian.rivera@example.com,75.00,2025-12-09,General Fund,online
James Hill,,15.00,2025-12-10,General Fund,online
Emily Nelson,,200.00,2025-12-10,General Fund,cash
Anthony Baker,anthony.baker@example.com,1500.00,2025-12-10,General Fund,cash
Andrew Kowalski,andrew.kowalski@example.com,20.00,2025-12-10,General Fund,online
Karen Lewis,karen.lewis@example.com,75.00,2025-12-10,Youth Ministry,check
Michael Baker,michael.baker@example.com,20.00,2025-12-10,Building Fund,check
Sharon Green,,15.00,2025-12-10,General Fund,check
Margaret Adams,margaret.adams@example.com,300.00,2025-12-11,General Fund,online
Emily Roberts,emily.roberts@example.com,20.00,2025-12-11,General Fund,cash
Richard Petrov,richard.petrov@example.com,20.00,2025-12-11,General Fund,online
Sandra Baker,,10.00,2025-12-11,General Fund,online
Carol Roberts,carol.roberts@example.com,30.00,2025-12-11,General Fund,online
Charles Hall,charles.hall@example.com,75.00,2025-12-14,General Fund,cash
Pamela Gonzalez,pamela.gonzalez@example.com,60.00,2025-12-14,General Fund,online
Richard Harris,richard.harris@example.com,40.00,2025-12-14,General Fund,online
Rebecca Nelson,rebecca.nelson@example.com,60.00,2025-12-14,General Fund,online
Emily Nelson,,200.00,2025-12-14,Youth Ministry,check
Sarah Ramirez,sarah.ramirez@example.com,200.00,2025-12-14,General Fund,online
Kimberly Sanchez,kimberly.sanchez@example.com,75.00,2025-12-14,Benevolence,online
Amanda Carter,amanda.carter@example.com,60.00,2025-12-14,General Fund,online
Donald Rodriguez,donald.rodriguez@example.com,20.00,2025-12-14,General Fund,online
Betty Jones,betty.jones@example.com,200.00,2025-12-14,General Fund,online
Lisa Young,lisa.young@example.com,80.00,2025-12-14,Youth Ministry,cash
Mark Sanchez,mark.sanchez@example.com,150.00,2025-12-14,Missions Fund,online
Matthew Wilson,matthew.wilson@example.com,2000.00,2025-12-14,Building Fund,cash
Richard Petrov,richard.petrov@example.com,75.00,2025-12-14,General Fund,cash
Mary Torres,mary.torres@example.com,2000.00,2025-12-14,General Fund,online
William Hill,william.hill@example.com,40.00,2025-12-14,Youth Ministry,online
Jeffrey Carter,jeffrey.carter@example.com,50.00,2025-12-14,General Fund,online
Sarah O'Brien,sarah.obrien@example.com,75.00,2025-12-14,General Fund,check
Richard King,,20.00,2025-12-14,General Fund,online
Jonathan Harris,jonathan.harris@example.com,60.00,2025-12-14,Building Fund,online
Linda Jackson,,200.00,2025-12-14,General Fund,online
Justin Martinez,justin.martinez@example.com,40.00,2025-12-14,General Fund,online
Jason Hall,jason.hall@example.com,10.00,2025-12-14,General Fund,check
Angela Petrov,angela.petrov@example.com,250.00,2025-12-14,General Fund,check
Matthew Flores,matthew.flores@example.com,40.00,2025-12-14,Missions Fund,check
Nicole Mitchell,nicole.mitchell@example.com,15.00,2025-12-14,General Fund,online
Deborah Wright,deborah.wright@example.com,150.00,2025-12-14,General Fund,online
Brandon Williams,brandon.williams@example.com,250.00,2025-12-14,Building Fund,cash
Stephen Campbell,stephen.campbell@example.com,80.00,2025-12-14,Building Fund,online
Rebecca Clark,rebecca.clark@example.com,25.00,2025-12-14,General Fund,cash
Carol Roberts,carol.roberts@example.com,150.00,2025-12-14,Youth Ministry,check
Joshua Wilson,joshua.wilson@example.com,40.00,2025-12-14,General Fund,check
Elizabeth Sanchez,elizabeth.sanchez@example.com,30.00,2025-12-14,Missions Fund,check
Ashley Ramirez,,40.00,2025-12-14,Youth Ministry,check
Brian Campbell,,120.00,2025-12-14,General Fund,online
Jeffrey Lewis,jeffrey.lewis@example.com,300.00,2025-12-14,General Fund,online
Ronald Rodriguez,,80.00,2025-12-14,Missions Fund,online
Melissa Thomas,melissa.thomas@example.com,40.00,2025-12-14,General Fund,online
Lisa Okafor,lisa.okafor@example.com,50.00,2025-12-14,Youth Ministry,online
Linda Jones,linda.jones@example.com,80.00,2025-12-14,General Fund,online
Daniel Chen,,15.00,2025-12-14,Benevolence,online
Angela Johnson,angela.johnson@example.com,25.00,2025-12-14,Missions Fund,check
Timothy Kowalski,timothy.kowalski@example.com,150.00,2025-12-14,General Fund,online
Emily Rodriguez,,200.00,2025-12-14,General Fund,check
Anonymous,,25.00,2025-12-14,Youth Ministry,cash
Anonymous,,60.00,2025-12-14,General Fund,cash
Anonymous,,25.00,2025-12-14,General Fund,cash
Anonymous,,15.00,2025-12-14,General Fund,cash
Anonymous,,25.00,2025-12-14,General Fund,cash
Anonymous,,80.00,2025-12-14,General Fund,cash
Sandra Baker,,10.00,2025-12-15,General Fund,online
Jennifer Lee,jennifer.lee@example.com,100.00,2025-12-15,Building Fund,other
Samantha Okafor,,75.00,2025-12-15,Youth Ministry,online
Kathleen Brown,kathleen.brown@example.com,200.00,2025-12-16,General Fund,check
Emily Roberts,emily.roberts@example.com,20.00,2025-12-16,General Fund,online
James Nelson,,1500.00,2025-12-16,General Fund,check
Karen Young,karen.young@example.com,25.00,2025-12-16,Building Fund,check
Lisa Hernandez,lisa.hernandez@example.com,60.00,2025-12-16,General Fund,cash
Ronald Yamamoto,ronald.yamamoto@example.com,20.00,2025-12-16,Building Fund,check
Ryan Clark,ryan.clark@example.com,200.00,2025-12-17,Youth Ministry,online
Paul Baker,paul.baker@example.com,10.00,2025-12-17,General Fund,check
Mark Perez,mark.perez@example.com,60.00,2025-12-17,Missions Fund,cash
Thomas Nelson,thomas.nelson@example.com,30.00,2025-12-17,Missions Fund,cash
Kevin Chen,kevin.chen@example.com,300.00,2025-12-17,General Fund,online
Jason Garcia,jason.garcia@example.com,25.00,2025-12-18,Benevolence,cash
Charles Hall,charles.hall@example.com,10.00,2025-12-21,Missions Fund,check
Pamela Gonzalez,pamela.gonzalez@example.com,60.00,2025-12-21,General Fund,cash
Richard Harris,richard.harris@example.com,40.00,2025-12-21,General Fund,check
Sarah Ramirez,sarah.ramirez@example.com,200.00,2025-12-21,Missions Fund,other
Kimberly Sanchez,kimberly.sanchez@example.com,75.00,2025-12-21,General Fund,check
Ryan Clark,ryan.clark@example.com,200.00,2025-12-21,Youth Ministry,other
Kathleen Brown,kathleen.brown@example.com,25.00,2025-12-21,Youth Ministry,check
Emily Roberts,emily.roberts@example.com,120.00,2025-12-21,General Fund,online
Amanda Carter,amanda.carter@example.com,60.00,2025-12-21,General Fund,online
Jason Nelson,jason.nelson@example.com,25.00,2025-12-21,General Fund,online
Mark Sanchez,mark.sanchez@example.com,80.00,2025-12-21,General Fund,online
Linda Hernandez,linda.hernandez@example.com,30.00,2025-12-21,General Fund,cash
James Nelson,,30.00,2025-12-21,Building Fund,cash
Amy Walker,,20.00,2025-12-21,General Fund,online
Karen Young,karen.young@example.com,20.00,2025-12-21,General Fund,online
Linda Jackson,,200.00,2025-12-21,Building Fund,online
Paul Baker,paul.baker@example.com,40.00,2025-12-21,General Fund,online
Ronald Moore,ronald.moore@example.com,300.00,2025-12-21,General Fund,cash
Jonathan Rodriguez,jonathan.rodriguez@example.com,80.00,2025-12-21,Building Fund,check
Emily Williams,emily.williams@example.com,20.00,2025-12-21,General Fund,online
Deborah Wright,deborah.wright@example.com,150.00,2025-12-21,General Fund,check
Brandon Williams,brandon.williams@example.com,150.00,2025-12-21,General Fund,check
Rebecca Ramirez,rebecca.ramirez@example.com,25.00,2025-12-21,Building Fund,check
Carol Hill,carol.hill@example.com,200.00,2025-12-21,Youth Ministry,online
Edward Hill,edward.hill@example.com,2000.00,2025-12-21,General Fund,check
Stephen Campbell,stephen.campbell@example.com,80.00,2025-12-21,General Fund,online
Elizabeth Sanchez,elizabeth.sanchez@example.com,30.00,2025-12-21,General Fund,online
Ashley Ramirez,,40.00,2025-12-21,General Fund,check
Brian Campbell,,50.00,2025-12-21,General Fund,online
Jeffrey Lewis,jeffrey.lewis@example.com,300.00,2025-12-21,General Fund,check
Kevin Chen,kevin.chen@example.com,40.00,2025-12-21,Youth Ministry,online
Melissa Thomas,melissa.thomas@example.com,40.00,2025-12-21,Building Fund,check
Lisa Okafor,lisa.okafor@example.com,80.00,2025-12-21,General Fund,cash
Jennifer Chen,jennifer.chen@example.com,1000.00,2025-12-21,Missions Fund,check
Jason Garcia,jason.garcia@example.com,25.00,2025-12-21,Building Fund,check
Brian Rivera,brian.rivera@example.com,10.00,2025-12-21,Benevolence,check
Daniel Chen,,75.00,2025-12-21,Missions Fund,online
Angela Johnson,angela.johnson@example.com,25.00,2025-12-21,Benevolence,check
Timothy Kowalski,timothy.kowalski@example.com,30.00,2025-12-21,Building Fund,check
Emily Rodriguez,,200.00,2025-12-21,General Fund,online
Anonymous,,80.00,2025-12-21,General Fund,cash
Anonymous,,75.00,2025-12-21,General Fund,cash
Richard Petrov,richard.petrov@example.com,20.00,2025-12-22,General Fund,online
Jeffrey Carter,jeffrey.carter@example.com,50.00,2025-12-22,General Fund,online
Ronald Yamamoto,ronald.yamamoto@example.com,20.00,2025-12-22,Building Fund,check
Carol Roberts,carol.roberts@example.com,60.00,2025-12-22,Missions Fund,check
Thomas Nelson,thomas.nelson@example.com,200.00,2025-12-22,General Fund,online
Linda Jones,linda.jones@example.com,80.00,2025-12-23,General Fund,check
Sandra Baker,,10.00,2025-12-24,General Fund,cash
Jennifer Lee,jennifer.lee@example.com,30.00,2025-12-24,Youth Ministry,online
Richard King,,20.00,2025-12-24,General Fund,check
Mark Okafor,,10.00,2025-12-25,Building Fund,online
Donald Rodriguez,donald.rodriguez@example.com,20.00,2025-12-25,General Fund,cash
Justin Martinez,justin.martinez@example.com,40.00,2025-12-25,General Fund,online
Deborah Miller,deborah.miller@example.com,60.00,2025-12-25,Building Fund,online
William Lee,william.lee@example.com,60.00,2025-12-25,Building Fund,online
Charles Hall,charles.hall@example.com,10.00,2025-12-28,General Fund,cash
Pamela Gonzalez,pamela.gonzalez@example.com,200.00,2025-12-28,Benevolence,online
Richard Harris,richard.harris@example.com,40.00,2025-12-28,Youth Ministry,online
John Okafor,,60.00,2025-12-28,General Fund,online
Rebecca Nelson,rebecca.nelson@example.com,60.00,2025-12-28,General Fund,check
Emily Nelson,,200.00,2025-12-28,Missions Fund,cash
Sarah Ramirez,sarah.ramirez@example.com,200.00,2025-12-28,Youth Ministry,online
Mary Nelson,mary.nelson@example.com,30.00,2025-12-28,Building Fund,online
Mark Okafor,,10.00,2025-12-28,Missions Fund,check
Ryan Clark,ryan.clark@example.com,120.00,2025-12-28,General Fund,online
Emily Roberts,emily.roberts@example.com,20.00,2025-12-28,General Fund,online
Amanda Carter,amanda.carter@example.com,60.00,2025-12-28,General Fund,online
Betty Jones,betty.jones@example.com,200.00,2025-12-28,General Fund,check
Matthew Wilson,matthew.wilson@example.com,25.00,2025-12-28,General Fund,online
Richard Petrov,richard.petrov@example.com,20.00,2025-12-28,General Fund,check
Mary Torres,mary.torres@example.com,200.00,2025-12-28,Youth Ministry,check
James Nelson,,80.00,2025-12-28,Missions Fund,check
Jeffrey Carter,jeffrey.carter@example.com,50.00,2025-12-28,General Fund,online
Sarah O'Brien,sarah.obrien@example.com,75.00,2025-12-28,General Fund,check
Richard King,,60.00,2025-12-28,Building Fund,cash
Linda Jackson,,200.00,2025-12-28,General Fund,online
Justin Martinez,justin.martinez@example.com,40.00,2025-12-28,General Fund,cash
Paul Baker,paul.baker@example.com,10.00,2025-12-28,General Fund,other
Jason Hall,jason.hall@example.com,10.00,2025-12-28,General Fund,check
Ronald Moore,ronald.moore@example.com,300.00,2025-12-28,Missions Fund,cash
Matthew Flores,matthew.flores@example.com,40.00,2025-12-28,Missions Fund,online
Nicole Mitchell,nicole.mitchell@example.com,15.00,2025-12-28,Building Fund,check
Deborah Wright,deborah.wright@example.com,150.00,2025-12-28,General Fund,check
Rebecca Ramirez,rebecca.ramirez@example.com,25.00,2025-12-28,Building Fund,other
Carol Hill,carol.hill@example.com,200.00,2025-12-28,General Fund,online
Edward Hill,edward.hill@example.com,25.00,2025-12-28,Building Fund,other
Elizabeth Sanchez,elizabeth.sanchez@example.com,30.00,2025-12-28,General Fund,cash
Ashley Ramirez,,40.00,2025-12-28,General Fund,check
Mark Perez,mark.perez@example.com,75.00,2025-12-28,General Fund,check
Brian Campbell,,50.00,2025-12-28,General Fund,check
Jeffrey Lewis,jeffrey.lewis@example.com,75.00,2025-12-28,General Fund,cash
Thomas Nelson,thomas.nelson@example.com,30.00,2025-12-28,Youth Ministry,check
Melissa Thomas,melissa.thomas@example.com,40.00,2025-12-28,Benevolence,check
Lisa Okafor,lisa.okafor@example.com,50.00,2025-12-28,General Fund,online
Linda Jones,linda.jones@example.com,80.00,2025-12-28,General Fund,check
Daniel Chen,,1500.00,2025-12-28,General Fund,check
Emily Rodriguez,,200.00,2025-12-28,General Fund,check
Anonymous,,50.00,2025-12-28,General Fund,cash
Jennifer Lee,jennifer.lee@example.com,100.00,2025-12-29,General Fund,online
Ronald Yamamoto,ronald.yamamoto@example.com,20.00,2025-12-29,General Fund,online
Emily Williams,emily.williams@example.com,20.00,2025-12-29,General Fund,online
Angela Johnson,angela.johnson@example.com,25.00,2025-12-29,General Fund,online
Mark Sanchez,mark.sanchez@example.com,30.00,2025-12-30,General Fund,cash
Lisa O'Brien,lisa.obrien@example.com,100.00,2025-12-30,General Fund,online
Karen Young,karen.young@example.com,60.00,2025-12-31,Youth Ministry,other
Rebecca Clark,rebecca.clark@example.com,25.00,2025-12-31,General Fund,online
Timothy Kowalski,timothy.kowalski@example.com,10.00,2025-12-31,General Fund,online
Amy Walker,,120.00,2026-01-01,General Fund,cash
Deborah Miller,deborah.miller@example.com,60.00,2026-01-01,General Fund,check
Brian Yamamoto,brian.yamamoto@example.com,60.00,2026-01-01,Missions Fund,check
Jason Garcia,jason.garcia@example.com,150.00,2026-01-01,General Fund,cash
Joseph Johnson,,60.00,2026-01-04,Missions Fund,check
Charles Hall,charles.hall@example.com,10.00,2026-01-04,Missions Fund,online
Jonathan Davis,jonathan.davis@example.com,50.00,2026-01-04,General Fund,online
Richard Harris,richard.harris@example.com,40.00,2026-01-04,General Fund,online
Andrew Hall,andrew.hall@example.com,60.00,2026-01-04,General Fund,online
Margaret Adams,margaret.adams@example.com,300.00,2026-01-04,General Fund,online
George Anderson,,50.00,2026-01-04,General Fund,online
Scott Robinson,scott.robinson@example.com,80.00,2026-01-04,General Fund,check
Jonathan Roberts,jonathan.roberts@example.com,10.00,2026-01-04,Building Fund,online
Emily Nelson,,200.00,2026-01-04,General Fund,online
Sarah Ramirez,sarah.ramirez@example.com,200.00,2026-01-04,Benevolence,cash
Justin Torres,justin.torres@example.com,75.00,2026-01-04,General Fund,online
Charles Lewis,charles.lewis@example.com,2000.00,2026-01-04,Building Fund,cash
Ruth Williams,,75.00,2026-01-04,General Fund,online
Matthew Sanchez,,30.00,2026-01-04,Building Fund,check
Laura Jones,laura.jones@example.com,200.00,2026-01-04,Missions Fund,cash
Paul Allen,paul.allen@example.com,50.00,2026-01-04,General Fund,check
Mark Okafor,,10.00,2026-01-04,General Fund,check
Ryan Clark,ryan.clark@example.com,200.00,2026-01-04,Building Fund,check
Kathleen Brown,kathleen.brown@example.com,200.00,2026-01-04,General Fund,check
Emily Roberts,emily.roberts@example.com,20.00,2026-01-04,Missions Fund,online
Karen Rivera,karen.rivera@example.com,300.00,2026-01-04,General Fund,online
Amanda Carter,amanda.carter@example.com,60.00,2026-01-04,General Fund,online
Jacob Johnson,jacob.johnson@example.com,30.00,2026-01-04,General Fund,online
Donald Rodriguez,donald.rodriguez@example.com,20.00,2026-01-04,General Fund,online
Deborah Hernandez,deborah.hernandez@example.com,500.00,2026-01-04,Missions Fund,check
Donald Hall,donald.hall@example.com,500.00,2026-01-04,General Fund,online
Mark Sanchez,mark.sanchez@example.com,750.00,2026-01-04,Building Fund,cash
Jessica Campbell,jessica.campbell@example.com,1500.00,2026-01-04,General Fund,online
Richard Petrov,richard.petrov@example.com,20.00,2026-01-04,Building Fund,check
Mary Torres,mary.torres@example.com,75.00,2026-01-04,General Fund,online
Katherine Hill,katherine.hill@example.com,750.00,2026-01-04,Building Fund,check
Susan Yamamoto,susan.yamamoto@example.com,500.00,2026-01-04,Building Fund,check
Amy Walker,,20.00,2026-01-04,General Fund,online
Sarah O'Brien,sarah.obrien@example.com,75.00,2026-01-04,General Fund,cash
Karen Lewis,karen.lewis@example.com,75.00,2026-01-04,General Fund,online
Jennifer Lee,jennifer.lee@example.com,100.00,2026-01-04,Youth Ministry,other
Karen Young,karen.young@example.com,60.00,2026-01-04,General Fund,online
Jonathan Harris,jonathan.harris@example.com,60.00,2026-01-04,Missions Fund,online
Linda Jackson,,200.00,2026-01-04,Missions Fund,online
Justin Martinez,justin.martinez@example.com,60.00,2026-01-04,General Fund,check
Paul Baker,paul.baker@example.com,10.00,2026-01-04,Missions Fund,check
Ronald Moore,ronald.moore@example.com,300.00,2026-01-04,General Fund,check
Jessica Robinson,jessica.robinson@example.com,80.00,2026-01-04,General Fund,cash
Deborah Miller,deborah.miller@example.com,60.00,2026-01-04,Benevolence,online
Ruth Taylor,ruth.taylor@example.com,75.00,2026-01-04,General Fund,other
Nicole Lee,,40.00,2026-01-04,Benevolence,online
Brandon Williams,brandon.williams@example.com,150.00,2026-01-04,General Fund,online
Carol Hill,carol.hill@example.com,200.00,2026-01-04,General Fund,check
Edward Hill,edward.hill@example.com,25.00,2026-01-04,General Fund,online
Rebecca Clark,rebecca.clark@example.com,25.00,2026-01-04,Building Fund,other
Thomas Scott,thomas.scott@example.com,250.00,2026-01-04,General Fund,check
Melissa Miller,melissa.miller@example.com,200.00,2026-01-04,General Fund,online
Brenda Roberts,brenda.roberts@example.com,80.00,2026-01-04,General Fund,cash
Lisa O'Brien,lisa.obrien@example.com,30.00,2026-01-04,General Fund,check
Carol Roberts,carol.roberts@example.com,30.00,2026-01-04,Youth Ministry,check
Michael Baker,michael.baker@example.com,20.00,2026-01-04,Building Fund,online
Andrew Wilson,andrew.wilson@example.com,40.00,2026-01-04,General Fund,online
Joshua Wilson,joshua.wilson@example.com,2000.00,2026-01-04,General Fund,check
Carol Hernandez,carol.hernandez@example.com,20.00,2026-01-04,General Fund,online
Brian Campbell,,50.00,2026-01-04,Building Fund,check
Elizabeth Lopez,elizabeth.lopez@example.com,300.00,2026-01-04,General Fund,check
Nicole Brown,nicole.brown@example.com,120.00,2026-01-04,Youth Ministry,online
Timothy Roberts,,100.00,2026-01-04,General Fund,online
Ronald Rodriguez,,80.00,2026-01-04,General Fund,cash
Edward Allen,edward.allen@example.com,300.00,2026-01-04,General Fund,online
Kevin Chen,kevin.chen@example.com,40.00,2026-01-04,Missions Fund,online
Jacob Lewis,,750.00,2026-01-04,General Fund,check
Katherine King,katherine.king@example.com,80.00,2026-01-04,General Fund,online
Robert Green,robert.green@example.com,300.00,2026-01-04,General Fund,cash
Melissa Thomas,melissa.thomas@example.com,40.00,2026-01-04,General Fund,check
Lisa Okafor,lisa.okafor@example.com,50.00,2026-01-04,General Fund,cash
Linda Jones,linda.jones@example.com,60.00,2026-01-04,General Fund,online
Stephanie Torres,stephanie.torres@example.com,75.00,2026-01-04,General Fund,online
Cynthia Wilson,cynthia.wilson@example.com,100.00,2026-01-04,General Fund,online
Daniel Chen,,80.00,2026-01-04,Missions Fund,online
Timothy Kowalski,timothy.kowalski@example.com,30.00,2026-01-04,General Fund,online
Emily Rodriguez,,200.00,2026-01-04,Missions Fund,check
Anonymous,,80.00,2026-01-04,General Fund,cash
Anonymous,,20.00,2026-01-04,General Fund,cash
Pamela Gonzalez,pamela.gonzalez@example.com,60.00,2026-01-05,General Fund,online
Ashley Mitchell,ashley.mitchell@example.com,300.00,2026-01-05,Youth Ministry,check
Katherine Allen,katherine.allen@example.com,75.00,2026-01-05,General Fund,check
Jason Rodriguez,jason.rodriguez@example.com,20.00,2026-01-05,General Fund,online
Sandra Baker,,250.00,2026-01-05,General Fund,online
James Nelson,,30.00,2026-01-05,Youth Ministry,online
Gary King,gary.king@example.com,50.00,2026-01-05,Building Fund,check
Mark Perez,mark.perez@example.com,100.00,2026-01-05,General Fund,cash
Jason Garcia,jason.garcia@example.com,300.00,2026-01-05,Building Fund,online
Linda Mitchell,linda.mitchell@example.com,250.00,2026-01-06,General Fund,online
Anthony Baker,anthony.baker@example.com,300.00,2026-01-06,Youth Ministry,check
Timothy Lewis,,15.00,2026-01-06,Building Fund,online
Pamela Williams,pamela.williams@example.com,1000.00,2026-01-06,Building Fund,other
Patricia Mitchell,patricia.mitchell@example.com,50.00,2026-01-06,General Fund,online
Emily Williams,emily.williams@example.com,20.00,2026-01-07,Youth Ministry,online
Thomas Flores,thomas.flores@example.com,250.00,2026-01-08,General Fund,online
Jason Nelson,jason.nelson@example.com,25.00,2026-01-08,General Fund,check
Matthew Wilson,matthew.wilson@example.com,2000.00,2026-01-08,General Fund,online
Kathleen Hall,kathleen.hall@example.com,40.00,2026-01-08,General Fund,online
Jeffrey Carter,jeffrey.carter@example.com,300.00,2026-01-08,General Fund,check
Deborah Wright,deborah.wright@example.com,150.00,2026-01-08,General Fund,online
Sharon Green,,15.00,2026-01-08,Benevolence,cash
William Lee,william.lee@example.com,60.00,2026-01-08,Youth Ministry,online
Pamela Gonzalez,pamela.gonzalez@example.com,60.00,2026-01-11,Youth Ministry,cash
Richard Harris,richard.harris@example.com,40.00,2026-01-11,Youth Ministry,check
John Okafor,,80.00,2026-01-11,General Fund,check
Rebecca Nelson,rebecca.nelson@example.com,60.00,2026-01-11,General Fund,cash
Emily Nelson,,200.00,2026-01-11,Building Fund,online
Sarah Ramirez,sarah.ramirez@example.com,200.00,2026-01-11,Youth Ministry,check
Charles Brown,charles.brown@example.com,20.00,2026-01-11,General Fund,check
Kimberly Sanchez,kimberly.sanchez@example.com,75.00,2026-01-11,General Fund,online
James King,james.king@example.com,100.00,2026-01-11,Benevolence,check
Mark Okafor,,10.00,2026-01-11,Missions Fund,cash
Gary Johnson,gary.johnson@example.com,100.00,2026-01-11,General Fund,check
Amanda Carter,amanda.carter@example.com,60.00,2026-01-11,General Fund,online
Donald Rodriguez,donald.rodriguez@example.com,20.00,2026-01-11,General Fund,online
Betty Jones,betty.jones@example.com,200.00,2026-01-11,General Fund,online
Matthew Wilson,matthew.wilson@example.com,2000.00,2026-01-11,Building Fund,cash
Richard Petrov,richard.petrov@example.com,20.00,2026-01-11,General Fund,other
Mary Torres,mary.torres@example.com,2000.00,2026-01-11,Building Fund,cash
Sandra Baker,,10.00,2026-01-11,General Fund,cash
James Nelson,,30.00,2026-01-11,Benevolence,online
Amy Walker,,20.00,2026-01-11,General Fund,online
Sarah O'Brien,sarah.obrien@example.com,75.00,2026-01-11,General Fund,online
Jennifer Lee,jennifer.lee@example.com,100.00,2026-01-11,Building Fund,check
Richard King,,20.00,2026-01-11,General Fund,online
Paul Baker,paul.baker@example.com,10.00,2026-01-11,General Fund,online
Ronald Moore,ronald.moore@example.com,250.00,2026-01-11,General Fund,other
Matthew Flores,matthew.flores@example.com,40.00,2026-01-11,General Fund,cash
Ronald Yamamoto,ronald.yamamoto@example.com,150.00,2026-01-11,Benevolence,check
Emily Williams,emily.williams@example.com,20.00,2026-01-11,General Fund,check
Ruth Taylor,ruth.taylor@example.com,75.00,2026-01-11,Building Fund,check
Nicole Lee,,40.00,2026-01-11,General Fund,online
Brandon Williams,brandon.williams@example.com,150.00,2026-01-11,Building Fund,check
Rebecca Ramirez,rebecca.ramirez@example.com,25.00,2026-01-11,General Fund,online
Carol Hill,carol.hill@example.com,200.00,2026-01-11,Building Fund,online
Edward Hill,edward.hill@example.com,25.00,2026-01-11,Building Fund,cash
Stephen Campbell,stephen.campbell@example.com,80.00,2026-01-11,General Fund,online
Rebecca Clark,rebecca.clark@example.com,25.00,2026-01-11,General Fund,check
Lisa O'Brien,lisa.obrien@example.com,100.00,2026-01-11,Youth Ministry,online
Carol Roberts,carol.roberts@example.com,30.00,2026-01-11,Youth Ministry,other
Ashley Ramirez,,750.00,2026-01-11,General Fund,online
Mark Perez,mark.perez@example.com,60.00,2026-01-11,Missions Fund,online
Brian Campbell,,50.00,2026-01-11,General Fund,other
Ronald Rodriguez,,300.00,2026-01-11,Youth Ministry,cash
Kevin Chen,kevin.chen@example.com,40.00,2026-01-11,Benevolence,online
Lisa Okafor,lisa.okafor@example.com,50.00,2026-01-11,Building Fund,check
Jason Garcia,jason.garcia@example.com,25.00,2026-01-11,General Fund,online
Linda Jones,linda.jones@example.com,60.00,2026-01-11,General Fund,online
Brandon Diaz,brandon.diaz@example.com,500.00,2026-01-11,Youth Ministry,check
Emily Rodriguez,,200.00,2026-01-11,Building Fund,cash
Charles Hall,charles.hall@example.com,20.00,2026-01-12,General Fund,online
Justin Martinez,justin.martinez@example.com,200.00,2026-01-12,Building Fund,check
Jeffrey Lewis,jeffrey.lewis@example.com,300.00,2026-01-12,General Fund,online
Kathleen Brown,kathleen.brown@example.com,15.00,2026-01-13,General Fund,online
Jeffrey Carter,jeffrey.carter@example.com,50.00,2026-01-13,General Fund,check
Karen Young,karen.young@example.com,60.00,2026-01-13,General Fund,check
William Lee,william.lee@example.com,60.00,2026-01-13,General Fund,online
Brian Rivera,brian.rivera@example.com,75.00,2026-01-13,General Fund,check
Donald Brown,donald.brown@example.com,75.00,2026-01-14,Building Fund,check
Mark Sanchez,mark.sanchez@example.com,150.00,2026-01-14,General Fund,online
Thomas Nelson,thomas.nelson@example.com,30.00,2026-01-14,Building Fund,check
Timothy Kowalski,timothy.kowalski@example.com,200.00,2026-01-14,General Fund,check
Jason Hall,jason.hall@example.com,10.00,2026-01-15,General Fund,cash
Angela Johnson,angela.johnson@example.com,25.00,2026-01-15,General Fund,online
Charles Hall,charles.hall@example.com,10.00,2026-01-18,General Fund,other
Pamela Gonzalez,pamela.gonzalez@example.com,60.00,2026-01-18,General Fund,online
Richard Harris,richard.harris@example.com,40.00,2026-01-18,Benevolence,online
John Okafor,,60.00,2026-01-18,General Fund,check
Joshua Petrov,joshua.petrov@example.com,25.00,2026-01-18,General Fund,online
Sarah Ramirez,sarah.ramirez@example.com,75.00,2026-01-18,Building Fund,check
Kimberly Sanchez,kimberly.sanchez@example.com,75.00,2026-01-18,Benevolence,online
Timothy Johnson,timothy.johnson@example.com,250.00,2026-01-18,Youth Ministry,check
Mark Okafor,,10.00,2026-01-18,General Fund,check
Kathleen Brown,kathleen.brown@example.com,200.00,2026-01-18,General Fund,online
Anna Scott,anna.scott@example.com,750.00,2026-01-18,General Fund,online
Amanda Carter,amanda.carter@example.com,60.00,2026-01-18,Youth Ministry,check
Betty Jones,betty.jones@example.com,200.00,2026-01-18,General Fund,online
Mark Sanchez,mark.sanchez@example.com,150.00,2026-01-18,General Fund,check
Matthew Wilson,matthew.wilson@example.com,2000.00,2026-01-18,General Fund,online
Richard Petrov,richard.petrov@example.com,100.00,2026-01-18,General Fund,check
Sandra Baker,,10.00,2026-01-18,General Fund,online
James Nelson,,30.00,2026-01-18,General Fund,online
Amy Walker,,500.00,2026-01-18,General Fund,other
Sarah O'Brien,sarah.obrien@example.com,75.00,2026-01-18,General Fund,check
Karen Young,karen.young@example.com,60.00,2026-01-18,General Fund,other
Justin Martinez,justin.martinez@example.com,40.00,2026-01-18,General Fund,check
Paul Baker,paul.baker@example.com,10.00,2026-01-18,Youth Ministry,online
Jason Hall,jason.hall@example.com,10.00,2026-01-18,Youth Ministry,online
Matthew Flores,matthew.flores@example.com,40.00,2026-01-18,General Fund,online
Ronald Yamamoto,ronald.yamamoto@example.com,20.00,2026-01-18,General Fund,online
Deborah Wright,deborah.wright@example.com,150.00,2026-01-18,General Fund,online
Ruth Taylor,ruth.taylor@example.com,75.00,2026-01-18,General Fund,check
Brandon Williams,brandon.williams@example.com,150.00,2026-01-18,General Fund,online
Rebecca Ramirez,rebecca.ramirez@example.com,25.00,2026-01-18,General Fund,check
Carol Roberts,carol.roberts@example.com,30.00,2026-01-18,General Fund,online
Elizabeth Sanchez,elizabeth.sanchez@example.com,30.00,2026-01-18,General Fund,check
Ashley Ramirez,,100.00,2026-01-18,General Fund,online
Mark Perez,mark.perez@example.com,60.00,2026-01-18,Youth Ministry,online
Brian Campbell,,750.00,2026-01-18,Benevolence,online
Thomas Nelson,thomas.nelson@example.com,30.00,2026-01-18,Missions Fund,check
Kevin Chen,kevin.chen@example.com,40.00,2026-01-18,General Fund,check
Melissa Thomas,melissa.thomas@example.com,40.00,2026-01-18,General Fund,online
Brian Rivera,brian.rivera@example.com,75.00,2026-01-18,General Fund,online
Daniel Chen,,150.00,2026-01-18,General Fund,online
Timothy Kowalski,timothy.kowalski@example.com,60.00,2026-01-18,General Fund,online
Emily Rodriguez,,1000.00,2026-01-18,General Fund,check
Barbara Nguyen,,30.00,2026-01-19,Building Fund,check
Rebecca Nelson,rebecca.nelson@example.com,60.00,2026-01-19,General Fund,check
Jason Nelson,jason.nelson@example.com,25.00,2026-01-19,Missions Fund,other
Jeffrey Carter,jeffrey.carter@example.com,50.00,2026-01-19,General Fund,online
Richard King,,20.00,2026-01-19,General Fund,online
Linda Jackson,,200.00,2026-01-19,General Fund,cash
Lisa O'Brien,lisa.obrien@example.com,100.00,2026-01-19,General Fund,cash
Linda Jones,linda.jones@example.com,750.00,2026-01-19,General Fund,check
Emily Williams,emily.williams@example.com,20.00,2026-01-20,Building Fund,cash
Edward Hill,edward.hill@example.com,25.00,2026-01-20,General Fund,online
Stephen Campbell,stephen.campbell@example.com,1000.00,2026-01-20,Building Fund,online
Ryan Clark,ryan.clark@example.com,500.00,2026-01-21,Benevolence,check
Mary Torres,mary.torres@example.com,15.00,2026-01-22,General Fund,check
Jennifer Lee,jennifer.lee@example.com,100.00,2026-01-22,General Fund,online
Lisa Hernandez,lisa.hernandez@example.com,60.00,2026-01-22,General Fund,check
Jeffrey Lewis,jeffrey.lewis@example.com,300.00,2026-01-22,General Fund,cash
Barbara Nguyen,,30.00,2026-01-25,General Fund,other
Pamela Gonzalez,pamela.gonzalez@example.com,30.00,2026-01-25,General Fund,online
John Okafor,,60.00,2026-01-25,General Fund,online
James Hill,,300.00,2026-01-25,Building Fund,online
Sarah Ramirez,sarah.ramirez@example.com,200.00,2026-01-25,General Fund,online
Ryan Clark,ryan.clark@example.com,200.00,2026-01-25,Youth Ministry,check
Kathleen Brown,kathleen.brown@example.com,100.00,2026-01-25,General Fund,check
Stephen Lewis,stephen.lewis@example.com,80.00,2026-01-25,General Fund,online
Amanda Carter,amanda.carter@example.com,60.00,2026-01-25,Youth Ministry,check
Betty Jones,betty.jones@example.com,30.00,2026-01-25,General Fund,online
Jason Nelson,jason.nelson@example.com,25.00,2026-01-25,General Fund,online
Mark Sanchez,mark.sanchez@example.com,150.00,2026-01-25,General Fund,online
Matthew Wilson,matthew.wilson@example.com,2000.00,2026-01-25,Missions Fund,online
Mary Torres,mary.torres@example.com,2000.00,2026-01-25,General Fund,online
James Nelson,,30.00,2026-01-25,General Fund,online
Jeffrey Carter,jeffrey.carter@example.com,50.00,2026-01-25,General Fund,online
Sarah O'Brien,sarah.obrien@example.com,75.00,2026-01-25,Missions Fund,online
Jonathan Harris,jonathan.harris@example.com,60.00,2026-01-25,General Fund,online
Samantha Jones,samantha.jones@example.com,500.00,2026-01-25,Building Fund,online
Linda Jackson,,200.00,2026-01-25,Building Fund,other
Ronald Moore,ronald.moore@example.com,300.00,2026-01-25,General Fund,online
Matthew Flores,matthew.flores@example.com,40.00,2026-01-25,Missions Fund,cash
Deborah Miller,deborah.miller@example.com,500.00,2026-01-25,General Fund,check
Emily Williams,emily.williams@example.com,20.00,2026-01-25,Missions Fund,cash
Deborah Wright,deborah.wright@example.com,150.00,2026-01-25,Building Fund,check
Nicole Lee,,40.00,2026-01-25,General Fund,online
Rebecca Ramirez,rebecca.ramirez@example.com,25.00,2026-01-25,General Fund,check
Carol Hill,carol.hill@example.com,200.00,2026-01-25,Missions Fund,online
Edward Hill,edward.hill@example.com,25.00,2026-01-25,Youth Ministry,online
Stephen Campbell,stephen.campbell@example.com,20.00,2026-01-25,General Fund,online
Rebecca Clark,rebecca.clark@example.com,25.00,2026-01-25,General Fund,check
Carol Roberts,carol.roberts@example.com,30.00,2026-01-25,General Fund,cash
Daniel Rodriguez,daniel.rodriguez@example.com,50.00,2026-01-25,General Fund,check
Elizabeth Sanchez,elizabeth.sanchez@example.com,150.00,2026-01-25,Youth Ministry,online
Ashley Ramirez,,30.00,2026-01-25,General Fund,online
Mark Perez,mark.perez@example.com,60.00,2026-01-25,Youth Ministry,online
Michelle Lopez,michelle.lopez@example.com,100.00,2026-01-25,General Fund,other
Kevin Chen,kevin.chen@example.com,40.00,2026-01-25,Youth Ministry,online
Melissa Thomas,melissa.thomas@example.com,40.00,2026-01-25,Missions Fund,check
Lisa Okafor,lisa.okafor@example.com,50.00,2026-01-25,Building Fund,check
Jason Garcia,jason.garcia@example.com,25.00,2026-01-25,General Fund,check
William Lee,william.lee@example.com,60.00,2026-01-25,General Fund,online
Linda Jones,linda.jones@example.com,1000.00,2026-01-25,General Fund,online
Brian Rivera,brian.rivera@example.com,75.00,2026-01-25,General Fund,online
Daniel Chen,,80.00,2026-01-25,Youth Ministry,check
Angela Johnson,angela.johnson@example.com,25.00,2026-01-25,General Fund,check
Timothy Kowalski,timothy.kowalski@example.com,30.00,2026-01-25,Missions Fund,other
Paul Baker,paul.baker@example.com,10.00,2026-01-26,Benevolence,check
Emily Nelson,,200.00,2026-01-27,General Fund,online
Sandra Baker,,10.00,2026-01-27,Building Fund,cash
Brian Yamamoto,brian.yamamoto@example.com,10.00,2026-01-27,Missions Fund,check
Lisa O'Brien,lisa.obrien@example.com,100.00,2026-01-27,Missions Fund,cash
Richard Harris,richard.harris@example.com,40.00,2026-01-28,Building Fund,check
Rebecca Nelson,rebecca.nelson@example.com,60.00,2026-01-28,Missions Fund,online
Ronald Yamamoto,ronald.yamamoto@example.com,20.00,2026-01-28,Building Fund,check
Brandon Williams,brandon.williams@example.com,150.00,2026-01-28,Youth Ministry,other
Charles Hall,charles.hall@example.com,10.00,2026-01-29,General Fund,online
Emily Roberts,emily.roberts@example.com,20.00,2026-01-29,General Fund,online
Ronald Rodriguez,,80.00,2026-01-29,General Fund,check
Joseph Johnson,,60.00,2026-02-01,Youth Ministry,online
Barbara Nguyen,,30.00,2026-02-01,Building Fund,cash
Barbara Harris,barbara.harris@example.com,250.00,2026-02-01,Building Fund,online
Pamela Gonzalez,pamela.gonzalez@example.com,60.00,2026-02-01,Benevolence,online
John Okafor,,60.00,2026-02-01,Missions Fund,check
Margaret Adams,margaret.adams@example.com,300.00,2026-02-01,General Fund,check
Ashley Mitchell,ashley.mitchell@example.com,20.00,2026-02-01,General Fund,online
Scott Robinson,scott.robinson@example.com,80.00,2026-02-01,General Fund,online
Rebecca Nelson,rebecca.nelson@example.com,60.00,2026-02-01,Missions Fund,online
Emily Nelson,,200.00,2026-02-01,General Fund,online
Sarah Ramirez,sarah.ramirez@example.com,75.00,2026-02-01,General Fund,online
Linda Mitchell,linda.mitchell@example.com,250.00,2026-02-01,General Fund,online
Kimberly Sanchez,kimberly.sanchez@example.com,75.00,2026-02-01,Building Fund,check
Anthony Baker,anthony.baker@example.com,200.00,2026-02-01,General Fund,check
Jason Petrov,jason.petrov@example.com,150.00,2026-02-01,Youth Ministry,other
Jeffrey Scott,,500.00,2026-02-01,Benevolence,online
Matthew Sanchez,,75.00,2026-02-01,General Fund,check
Katherine Allen,katherine.allen@example.com,200.00,2026-02-01,General Fund,online
Laura Jones,laura.jones@example.com,75.00,2026-02-01,General Fund,check
Edward Baker,edward.baker@example.com,500.00,2026-02-01,Building Fund,online
Paul Allen,paul.allen@example.com,50.00,2026-02-01,General Fund,other
Mark Okafor,,10.00,2026-02-01,Missions Fund,cash
Ryan Clark,ryan.clark@example.com,1000.00,2026-02-01,General Fund,online
Kathleen Brown,kathleen.brown@example.com,200.00,2026-02-01,General Fund,check
Emily Roberts,emily.roberts@example.com,20.00,2026-02-01,General Fund,cash
Karen Rivera,karen.rivera@example.com,100.00,2026-02-01,General Fund,check
Thomas Flores,thomas.flores@example.com,250.00,2026-02-01,Building Fund,online
Jason Rodriguez,jason.rodriguez@example.com,20.00,2026-02-01,General Fund,other
Amanda Carter,amanda.carter@example.com,60.00,2026-02-01,Missions Fund,check
Donald Hall,donald.hall@example.com,500.00,2026-02-01,General Fund,online
Richard Petrov,richard.petrov@example.com,20.00,2026-02-01,General Fund,other
Amy Davis,,10.00,2026-02-01,Building Fund,online
Katherine Hill,katherine.hill@example.com,750.00,2026-02-01,General Fund,check
Timothy Lewis,,2000.00,2026-02-01,General Fund,online
Pamela Williams,pamela.williams@example.com,1000.00,2026-02-01,Building Fund,check
Susan Yamamoto,susan.yamamoto@example.com,100.00,2026-02-01,Benevolence,check
John Robinson,john.robinson@example.com,300.00,2026-02-01,General Fund,cash
Jeffrey Carter,jeffrey.carter@example.com,1000.00,2026-02-01,Missions Fund,online
Amy Walker,,50.00,2026-02-01,Missions Fund,cash
Sarah O'Brien,sarah.obrien@example.com,250.00,2026-02-01,General Fund,online
Jennifer Lee,jennifer.lee@example.com,100.00,2026-02-01,General Fund,online
Karen Young,karen.young@example.com,60.00,2026-02-01,General Fund,check
Richard King,,80.00,2026-02-01,General Fund,online
Linda Jackson,,200.00,2026-02-01,General Fund,check
Justin Martinez,justin.martinez@example.com,40.00,2026-02-01,General Fund,cash
Paul Baker,paul.baker@example.com,10.00,2026-02-01,General Fund,online
Ronald Moore,ronald.moore@example.com,300.00,2026-02-01,General Fund,online
Matthew Flores,matthew.flores@example.com,40.00,2026-02-01,General Fund,cash
Ronald Yamamoto,ronald.yamamoto@example.com,20.00,2026-02-01,Building Fund,online
Jessica Robinson,jessica.robinson@example.com,250.00,2026-02-01,General Fund,online
Emily Williams,emily.williams@example.com,20.00,2026-02-01,General Fund,online
Ruth Taylor,ruth.taylor@example.com,100.00,2026-02-01,Building Fund,check
Brandon Williams,brandon.williams@example.com,150.00,2026-02-01,General Fund,online
Rebecca Ramirez,rebecca.ramirez@example.com,25.00,2026-02-01,General Fund,online
Carol Hill,carol.hill@example.com,2000.00,2026-02-01,Building Fund,online
Stephen Campbell,stephen.campbell@example.com,80.00,2026-02-01,General Fund,online
Rebecca Clark,rebecca.clark@example.com,25.00,2026-02-01,General Fund,online
Thomas Scott,thomas.scott@example.com,250.00,2026-02-01,General Fund,cash
Melissa Miller,melissa.miller@example.com,75.00,2026-02-01,Building Fund,online
Lisa O'Brien,lisa.obrien@example.com,100.00,2026-02-01,General Fund,online
Michael Baker,michael.baker@example.com,20.00,2026-02-01,Building Fund,online
Elizabeth Sanchez,elizabeth.sanchez@example.com,30.00,2026-02-01,Building Fund,cash
Carol Hernandez,carol.hernandez@example.com,20.00,2026-02-01,General Fund,online
Ashley Ramirez,,40.00,2026-02-01,General Fund,online
Mark Perez,mark.perez@example.com,60.00,2026-02-01,Youth Ministry,online
Nicole Brown,nicole.brown@example.com,120.00,2026-02-01,Youth Ministry,cash
Paul Jones,paul.jones@example.com,20.00,2026-02-01,Benevolence,online
Cynthia Silva,cynthia.silva@example.com,1500.00,2026-02-01,General Fund,check
Timothy Roberts,,100.00,2026-02-01,General Fund,cash
Karen Perez,,40.00,2026-02-01,Youth Ministry,online
Ronald Rodriguez,,80.00,2026-02-01,General Fund,online
Edward Allen,edward.allen@example.com,20.00,2026-02-01,Benevolence,check
Katherine King,katherine.king@example.com,100.00,2026-02-01,General Fund,online
Sharon Green,,15.00,2026-02-01,Missions Fund,online
Robert Green,robert.green@example.com,300.00,2026-02-01,General Fund,online
Lisa Okafor,lisa.okafor@example.com,100.00,2026-02-01,Missions Fund,cash
Kevin Moore,kevin.moore@example.com,120.00,2026-02-01,Missions Fund,check
Amanda Lopez,amanda.lopez@example.com,20.00,2026-02-01,Benevolence,check
Jason Garcia,jason.garcia@example.com,20.00,2026-02-01,Building Fund,check
William Lee,william.lee@example.com,60.00,2026-02-01,Youth Ministry,check
Linda Jones,linda.jones@example.com,80.00,2026-02-01,Benevolence,cash
Stephanie Torres,stephanie.torres@example.com,75.00,2026-02-01,General Fund,online
Patricia Mitchell,patricia.mitchell@example.com,50.00,2026-02-01,Building Fund,check
Cynthia Wilson,cynthia.wilson@example.com,100.00,2026-02-01,General Fund,online
Brian Rivera,brian.rivera@example.com,75.00,2026-02-01,General Fund,online
Daniel Chen,,80.00,2026-02-01,General Fund,check
Angela Johnson,angela.johnson@example.com,25.00,2026-02-01,General Fund,online
Timothy Kowalski,timothy.kowalski@example.com,250.00,2026-02-01,Youth Ministry,online
Anonymous,,25.00,2026-02-01,Building Fund,cash
Anonymous,,15.00,2026-02-01,General Fund,cash
George Anderson,,50.00,2026-02-02,Building Fund,online
Betty Jones,betty.jones@example.com,200.00,2026-02-02,General Fund,online
Andrew Kowalski,andrew.kowalski@example.com,20.00,2026-02-02,General Fund,check
Brenda Roberts,brenda.roberts@example.com,80.00,2026-02-02,Building Fund,online
Rebecca Davis,rebecca.davis@example.com,10.00,2026-02-03,General Fund,online
Karen Lewis,karen.lewis@example.com,75.00,2026-02-03,General Fund,online
Jason Hall,jason.hall@example.com,50.00,2026-02-03,General Fund,online
Deborah Wright,deborah.wright@example.com,150.00,2026-02-03,Youth Ministry,online
Carol Roberts,carol.roberts@example.com,30.00,2026-02-03,General Fund,online
Jeffrey Lewis,jeffrey.lewis@example.com,300.00,2026-02-03,General Fund,online
Thomas Nelson,thomas.nelson@example.com,20.00,2026-02-03,General Fund,online
Amanda Diaz,amanda.diaz@example.com,75.00,2026-02-03,General Fund,other
Jacob Kim,jacob.kim@example.com,75.00,2026-02-03,General Fund,check
Andrew Hall,andrew.hall@example.com,60.00,2026-02-04,Youth Ministry,online
Michelle Nelson,michelle.nelson@example.com,75.00,2026-02-04,General Fund,cash
Donald Rodriguez,donald.rodriguez@example.com,20.00,2026-02-04,Missions Fund,check
Jessica Campbell,jessica.campbell@example.com,250.00,2026-02-04,Youth Ministry,cash
James Nelson,,30.00,2026-02-04,Missions Fund,check
Brian Campbell,,50.00,2026-02-04,General Fund,check
Mark Gonzalez,mark.gonzalez@example.com,100.00,2026-02-05,General Fund,online
Jacob Johnson,jacob.johnson@example.com,30.00,2026-02-05,Missions Fund,online
Deborah Hernandez,deborah.hernandez@example.com,200.00,2026-02-05,General Fund,online
Gary King,gary.king@example.com,50.00,2026-02-05,Building Fund,online
Elizabeth Jackson,elizabeth.jackson@example.com,120.00,2026-02-05,General Fund,check
Jacob Lewis,,750.00,2026-02-05,Missions Fund,cash
Barbara Nguyen,,30.00,2026-02-08,General Fund,other
Charles Hall,charles.hall@example.com,200.00,2026-02-08,General Fund,check
Pamela Gonzalez,pamela.gonzalez@example.com,60.00,2026-02-08,General Fund,check
John Okafor,,10.00,2026-02-08,General Fund,check
Donald Brown,donald.brown@example.com,75.00,2026-02-08,Youth Ministry,online
Rebecca Nelson,rebecca.nelson@example.com,60.00,2026-02-08,General Fund,online
Emily Nelson,,200.00,2026-02-08,Building Fund,check
Sarah Ramirez,sarah.ramirez@example.com,150.00,2026-02-08,General Fund,check
Kimberly Sanchez,kimberly.sanchez@example.com,75.00,2026-02-08,General Fund,check
Mark Okafor,,10.00,2026-02-08,Building Fund,check
Ryan Clark,ryan.clark@example.com,100.00,2026-02-08,General Fund,check
Kathleen Brown,kathleen.brown@example.com,200.00,2026-02-08,Youth Ministry,check
Emily Roberts,emily.roberts@example.com,20.00,2026-02-08,General Fund,cash
Amanda Carter,amanda.carter@example.com,60.00,2026-02-08,Building Fund,check
Betty Jones,betty.jones@example.com,200.00,2026-02-08,General Fund,online
Matthew Wilson,matthew.wilson@example.com,2000.00,2026-02-08,Missions Fund,check
Richard Petrov,richard.petrov@example.com,20.00,2026-02-08,General Fund,online
Mary Torres,mary.torres@example.com,2000.00,2026-02-08,General Fund,cash
Sandra Baker,,75.00,2026-02-08,General Fund,check
Jeffrey Carter,jeffrey.carter@example.com,1000.00,2026-02-08,General Fund,check
Amy Walker,,200.00,2026-02-08,General Fund,online
Sarah O'Brien,sarah.obrien@example.com,75.00,2026-02-08,General Fund,cash
Linda Jackson,,200.00,2026-02-08,Youth Ministry,online
Justin Martinez,justin.martinez@example.com,40.00,2026-02-08,General Fund,online
Paul Baker,paul.baker@example.com,10.00,2026-02-08,Building Fund,online
Ronald Moore,ronald.moore@example.com,300.00,2026-02-08,Missions Fund,online
Matthew Flores,matthew.flores@example.com,40.00,2026-02-08,General Fund,online
Deborah Miller,deborah.miller@example.com,30.00,2026-02-08,General Fund,online
Deborah Wright,deborah.wright@example.com,150.00,2026-02-08,General Fund,online
Brandon Williams,brandon.williams@example.com,150.00,2026-02-08,General Fund,online
Rebecca Ramirez,rebecca.ramirez@example.com,25.00,2026-02-08,Missions Fund,check
Carol Hill,carol.hill@example.com,300.00,2026-02-08,Building Fund,online
Edward Hill,edward.hill@example.com,750.00,2026-02-08,General Fund,online
Stephen Campbell,stephen.campbell@example.com,80.00,2026-02-08,Building Fund,check
Carol Roberts,carol.roberts@example.com,30.00,2026-02-08,General Fund,online
Ashley Ramirez,,40.00,2026-02-08,General Fund,online
Mark Perez,mark.perez@example.com,80.00,2026-02-08,General Fund,cash
Jeffrey Lewis,jeffrey.lewis@example.com,300.00,2026-02-08,Building Fund,online
Ronald Rodriguez,,30.00,2026-02-08,Building Fund,check
Thomas Nelson,thomas.nelson@example.com,30.00,2026-02-08,Building Fund,online
Kevin Chen,kevin.chen@example.com,40.00,2026-02-08,General Fund,check
Lisa Okafor,lisa.okafor@example.com,50.00,2026-02-08,Building Fund,check
Jason Garcia,jason.garcia@example.com,25.00,2026-02-08,General Fund,online
William Lee,william.lee@example.com,60.00,2026-02-08,General Fund,check
Linda Jones,linda.jones@example.com,80.00,2026-02-08,General Fund,online
Brian Rivera,brian.rivera@example.com,75.00,2026-02-08,General Fund,online
Timothy Kowalski,timothy.kowalski@example.com,75.00,2026-02-08,Missions Fund,online
Emily Rodriguez,,75.00,2026-02-08,Youth Ministry,cash
Anonymous,,40.00,2026-02-08,General Fund,cash
James Nelson,,30.00,2026-02-09,General Fund,check
Jason Hall,jason.hall@example.com,15.00,2026-02-09,Youth Ministry,online
Rebecca Clark,rebecca.clark@example.com,25.00,2026-02-09,Missions Fund,check
Ronald Yamamoto,ronald.yamamoto@example.com,20.00,2026-02-11,General Fund,online
Emily Williams,emily.williams@example.com,30.00,2026-02-11,Benevolence,check
Donald Rodriguez,donald.rodriguez@example.com,20.00,2026-02-12,Youth Ministry,check
Jason Nelson,jason.nelson@example.com,75.00,2026-02-12,General Fund,online
Mark Sanchez,mark.sanchez@example.com,150.00,2026-02-12,Benevolence,cash
Karen Young,karen.young@example.com,60.00,2026-02-12,General Fund,cash
Lisa O'Brien,lisa.obrien@example.com,100.00,2026-02-12,General Fund,cash
Charles Hall,charles.hall@example.com,10.00,2026-02-15,General Fund,online
Richard Harris,richard.harris@example.com,40.00,2026-02-15,General Fund,other
John Okafor,,60.00,2026-02-15,General Fund,cash
Rebecca Nelson,rebecca.nelson@example.com,60.00,2026-02-15,Youth Ministry,check
Kimberly Sanchez,kimberly.sanchez@example.com,75.00,2026-02-15,General Fund,online
Emily Roberts,emily.roberts@example.com,20.00,2026-02-15,Missions Fund,cash
Donald Moore,donald.moore@example.com,30.00,2026-02-15,Building Fund,check
Amanda Carter,amanda.carter@example.com,750.00,2026-02-15,Building Fund,online
Donald Rodriguez,donald.rodriguez@example.com,15.00,2026-02-15,Benevolence,cash
Jason Nelson,jason.nelson@example.com,25.00,2026-02-15,General Fund,check
Mark Sanchez,mark.sanchez@example.com,150.00,2026-02-15,Building Fund,online
Richard Petrov,richard.petrov@example.com,20.00,2026-02-15,General Fund,other
William Hill,william.hill@example.com,75.00,2026-02-15,General Fund,cash
Sandra Baker,,10.00,2026-02-15,General Fund,other
Amy Walker,,20.00,2026-02-15,Youth Ministry,online
Jennifer Lee,jennifer.lee@example.com,100.00,2026-02-15,Youth Ministry,check
Richard King,,20.00,2026-02-15,General Fund,online
Justin Martinez,justin.martinez@example.com,40.00,2026-02-15,General Fund,online
Paul Baker,paul.baker@example.com,20.00,2026-02-15,Youth Ministry,other
Jason Hall,jason.hall@example.com,300.00,2026-02-15,Missions Fund,online
Ronald Moore,ronald.moore@example.com,500.00,2026-02-15,Missions Fund,online
Deborah Miller,deborah.miller@example.com,60.00,2026-02-15,General Fund,online
Emily Williams,emily.williams@example.com,20.00,2026-02-15,Missions Fund,online
Deborah Wright,deborah.wright@example.com,15.00,2026-02-15,Building Fund,online
Ruth Taylor,ruth.taylor@example.com,75.00,2026-02-15,Building Fund,online
Brandon Williams,brandon.williams@example.com,10.00,2026-02-15,General Fund,check
Rebecca Ramirez,rebecca.ramirez@example.com,25.00,2026-02-15,Missions Fund,online
Carol Hill,carol.hill@example.com,200.00,2026-02-15,General Fund,online
Edward Hill,edward.hill@example.com,25.00,2026-02-15,Building Fund,online
Rebecca Clark,rebecca.clark@example.com,25.00,2026-02-15,General Fund,check
Lisa O'Brien,lisa.obrien@example.com,100.00,2026-02-15,General Fund,online
Barbara Mitchell,barbara.mitchell@example.com,25.00,2026-02-15,Benevolence,online
Carol Roberts,carol.roberts@example.com,30.00,2026-02-15,Missions Fund,other
Ashley Ramirez,,40.00,2026-02-15,General Fund,check
Mark Perez,mark.perez@example.com,25.00,2026-02-15,General Fund,check
Brian Campbell,,50.00,2026-02-15,Building Fund,check
Jeffrey Lewis,jeffrey.lewis@example.com,300.00,2026-02-15,Missions Fund,online
Ronald Rodriguez,,80.00,2026-02-15,General Fund,online
Kevin Chen,kevin.chen@example.com,40.00,2026-02-15,General Fund,online
Jason Garcia,jason.garcia@example.com,25.00,2026-02-15,Youth Ministry,cash
William Lee,william.lee@example.com,60.00,2026-02-15,Benevolence,check
Angela Johnson,angela.johnson@example.com,1000.00,2026-02-15,General Fund,cash
Brandon Diaz,brandon.diaz@example.com,60.00,2026-02-15,Youth Ministry,check
Timothy Kowalski,timothy.kowalski@example.com,75.00,2026-02-15,Youth Ministry,check
Matthew Wilson,matthew.wilson@example.com,2000.00,2026-02-16,Building Fund,online
Jeffrey Carter,jeffrey.carter@example.com,50.00,2026-02-16,Youth Ministry,check
Brian Rivera,brian.rivera@example.com,75.00,2026-02-16,General Fund,check
Pamela Gonzalez,pamela.gonzalez@example.com,15.00,2026-02-17,General Fund,online
Mark Okafor,,10.00,2026-02-17,Youth Ministry,online
Barbara Nguyen,,30.00,2026-02-18,Missions Fund,check
Sarah Ramirez,sarah.ramirez@example.com,200.00,2026-02-18,General Fund,online
Lisa Young,lisa.young@example.com,80.00,2026-02-18,Youth Ministry,check
Lisa Okafor,lisa.okafor@example.com,50.00,2026-02-18,Benevolence,online
Kathleen Brown,kathleen.brown@example.com,15.00,2026-02-19,General Fund,online
Ronald Yamamoto,ronald.yamamoto@example.com,15.00,2026-02-19,General Fund,check
Linda Jones,linda.jones@example.com,250.00,2026-02-19,Benevolence,check
Charles Hall,charles.hall@example.com,10.00,2026-02-22,General Fund,online
Pamela Gonzalez,pamela.gonzalez@example.com,60.00,2026-02-22,General Fund,other
Rebecca Nelson,rebecca.nelson@example.com,60.00,2026-02-22,General Fund,check
Emily Nelson,,200.00,2026-02-22,General Fund,check
Sarah Ramirez,sarah.ramirez@example.com,200.00,2026-02-22,Youth Ministry,online
Mark Okafor,,10.00,2026-02-22,Benevolence,check
Kathleen Brown,kathleen.brown@example.com,200.00,2026-02-22,General Fund,check
Emily Roberts,emily.roberts@example.com,20.00,2026-02-22,General Fund,other
Amanda Carter,amanda.carter@example.com,60.00,2026-02-22,General Fund,online
Betty Jones,betty.jones@example.com,200.00,2026-02-22,General Fund,check
Jason Nelson,jason.nelson@example.com,25.00,2026-02-22,Missions Fund,online
Mark Sanchez,mark.sanchez@example.com,150.00,2026-02-22,Building Fund,online
Matthew Wilson,matthew.wilson@example.com,2000.00,2026-02-22,General Fund,check
Richard Petrov,richard.petrov@example.com,20.00,2026-02-22,Building Fund,cash
Mary Torres,mary.torres@example.com,2000.00,2026-02-22,Building Fund,online
Nicole Ramirez,,100.00,2026-02-22,Missions Fund,check
William Hill,william.hill@example.com,40.00,2026-02-22,General Fund,cash
James Nelson,,300.00,2026-02-22,General Fund,online
Jennifer Lee,jennifer.lee@example.com,1500.00,2026-02-22,Building Fund,online
Karen Young,karen.young@example.com,60.00,2026-02-22,Youth Ministry,check
Richard King,,20.00,2026-02-22,Missions Fund,online
Linda Jackson,,200.00,2026-02-22,General Fund,online
Jason Hall,jason.hall@example.com,10.00,2026-02-22,General Fund,online
Ronald Moore,ronald.moore@example.com,300.00,2026-02-22,General Fund,cash
Matthew Flores,matthew.flores@example.com,40.00,2026-02-22,General Fund,check
Deborah Miller,deborah.miller@example.com,60.00,2026-02-22,Youth Ministry,online
Emily Williams,emily.williams@example.com,200.00,2026-02-22,General Fund,online
Ruth Taylor,ruth.taylor@example.com,75.00,2026-02-22,General Fund,cash
Brandon Williams,brandon.williams@example.com,150.00,2026-02-22,Missions Fund,check
Edward Hill,edward.hill@example.com,25.00,2026-02-22,Building Fund,other
Melissa O'Brien,melissa.obrien@example.com,100.00,2026-02-22,Benevolence,online
Lisa O'Brien,lisa.obrien@example.com,100.00,2026-02-22,Missions Fund,online
Carol Roberts,carol.roberts@example.com,100.00,2026-02-22,Youth Ministry,online
Elizabeth Sanchez,elizabeth.sanchez@example.com,30.00,2026-02-22,General Fund,cash
Ashley Ramirez,,40.00,2026-02-22,General Fund,online
Mark Perez,mark.perez@example.com,60.00,2026-02-22,Building Fund,online
Brian Campbell,,50.00,2026-02-22,General Fund,online
Jeffrey Lewis,jeffrey.lewis@example.com,200.00,2026-02-22,General Fund,check
Ronald Rodriguez,,80.00,2026-02-22,Youth Ministry,online
Thomas Nelson,thomas.nelson@example.com,30.00,2026-02-22,Building Fund,online
Kevin Chen,kevin.chen@example.com,40.00,2026-02-22,General Fund,check
Melissa Thomas,melissa.thomas@example.com,500.00,2026-02-22,Building Fund,online
Lisa Okafor,lisa.okafor@example.com,50.00,2026-02-22,General Fund,cash
William Lee,william.lee@example.com,60.00,2026-02-22,General Fund,online
Brian Rivera,brian.rivera@example.com,750.00,2026-02-22,General Fund,check
Angela Johnson,angela.johnson@example.com,25.00,2026-02-22,General Fund,cash
Emily Rodriguez,,200.00,2026-02-22,Benevolence,online
Sandra Baker,,10.00,2026-02-23,General Fund,online
Rebecca Clark,rebecca.clark@example.com,25.00,2026-02-23,General Fund,online
Jason Garcia,jason.garcia@example.com,25.00,2026-02-23,General Fund,check
Sarah O'Brien,sarah.obrien@example.com,75.00,2026-02-24,Youth Ministry,online
Deborah Wright,deborah.wright@example.com,150.00,2026-02-24,General Fund,cash
Rebecca Ramirez,rebecca.ramirez@example.com,25.00,2026-02-24,Youth Ministry,check
Stephen Campbell,stephen.campbell@example.com,80.00,2026-02-24,General Fund,online
Jeffrey Carter,jeffrey.carter@example.com,50.00,2026-02-25,General Fund,online
Linda Jones,linda.jones@example.com,80.00,2026-02-25,Missions Fund,online
Daniel Chen,,80.00,2026-02-25,Building Fund,cash
Kimberly Sanchez,kimberly.sanchez@example.com,50.00,2026-02-26,Youth Ministry,online
Ryan Clark,ryan.clark@example.com,200.00,2026-02-26,Benevolence,cash
Justin Martinez,justin.martinez@example.com,80.00,2026-02-26,General Fund,online
Paul Baker,paul.baker@example.com,10.00,2026-02-26,General Fund,check
Anna Wright,anna.wright@example.com,60.00,2026-02-26,Building Fund,cash
Timothy Kowalski,timothy.kowalski@example.com,30.00,2026-02-26,Building Fund,online
Barbara Nguyen,,30.00,2026-03-01,General Fund,cash
Barbara Harris,barbara.harris@example.com,100.00,2026-03-01,General Fund,online
Pamela Gonzalez,pamela.gonzalez@example.com,60.00,2026-03-01,Building Fund,online
Andrew Hall,andrew.hall@example.com,60.00,2026-03-01,Building Fund,online
Margaret Adams,margaret.adams@example.com,300.00,2026-03-01,General Fund,online
George Anderson,,50.00,2026-03-01,General Fund,online
Scott Robinson,scott.robinson@example.com,80.00,2026-03-01,Building Fund,online
Jonathan Roberts,jonathan.roberts@example.com,10.00,2026-03-01,General Fund,online
Rebecca Nelson,rebecca.nelson@example.com,60.00,2026-03-01,Missions Fund,check
Sarah Ramirez,sarah.ramirez@example.com,200.00,2026-03-01,General Fund,check
Linda Mitchell,linda.mitchell@example.com,250.00,2026-03-01,General Fund,check
Charles Brown,charles.brown@example.com,20.00,2026-03-01,General Fund,check
Rebecca Davis,rebecca.davis@example.com,750.00,2026-03-01,Youth Ministry,online
Justin Torres,justin.torres@example.com,75.00,2026-03-01,General Fund,online
Kimberly Sanchez,kimberly.sanchez@example.com,75.00,2026-03-01,General Fund,check
Charles Lewis,charles.lewis@example.com,75.00,2026-03-01,Building Fund,check
Matthew Sanchez,,75.00,2026-03-01,Youth Ministry,online
Katherine Allen,katherine.allen@example.com,200.00,2026-03-01,General Fund,online
Paul Allen,paul.allen@example.com,50.00,2026-03-01,General Fund,cash
Mark Okafor,,10.00,2026-03-01,General Fund,cash
Ryan Clark,ryan.clark@example.com,150.00,2026-03-01,General Fund,check
Kathleen Brown,kathleen.brown@example.com,1500.00,2026-03-01,General Fund,check
Anna Scott,anna.scott@example.com,750.00,2026-03-01,General Fund,check
Emily Roberts,emily.roberts@example.com,20.00,2026-03-01,General Fund,check
Jason Rodriguez,jason.rodriguez@example.com,20.00,2026-03-01,Building Fund,online
Amanda Carter,amanda.carter@example.com,60.00,2026-03-01,General Fund,online
Jacob Johnson,jacob.johnson@example.com,30.00,2026-03-01,General Fund,cash
Donald Rodriguez,donald.rodriguez@example.com,20.00,2026-03-01,General Fund,check
Deborah Hernandez,deborah.hernandez@example.com,200.00,2026-03-01,General Fund,online
Jason Nelson,jason.nelson@example.com,25.00,2026-03-01,General Fund,online
Donald Hall,donald.hall@example.com,500.00,2026-03-01,Building Fund,cash
Mark Sanchez,mark.sanchez@example.com,150.00,2026-03-01,Building Fund,cash
Jessica Campbell,jessica.campbell@example.com,1500.00,2026-03-01,Building Fund,online
Matthew Wilson,matthew.wilson@example.com,2000.00,2026-03-01,General Fund,cash
Richard Petrov,richard.petrov@example.com,20.00,2026-03-01,General Fund,online
Amy Davis,,100.00,2026-03-01,General Fund,online
Katherine Hill,katherine.hill@example.com,750.00,2026-03-01,General Fund,online
Timothy Lewis,,15.00,2026-03-01,General Fund,online
Pamela Williams,pamela.williams@example.com,750.00,2026-03-01,Building Fund,check
Susan Yamamoto,susan.yamamoto@example.com,500.00,2026-03-01,Building Fund,check
John Robinson,john.robinson@example.com,300.00,2026-03-01,General Fund,check
James Nelson,,250.00,2026-03-01,General Fund,other
Jessica Adams,jessica.adams@example.com,250.00,2026-03-01,General Fund,online
Amy Walker,,20.00,2026-03-01,General Fund,other
Sarah O'Brien,sarah.obrien@example.com,75.00,2026-03-01,General Fund,online
Richard King,,20.00,2026-03-01,Missions Fund,online
Jacob Chen,jacob.chen@example.com,30.00,2026-03-01,General Fund,online
Linda Jackson,,40.00,2026-03-01,General Fund,cash
Jason Hall,jason.hall@example.com,10.00,2026-03-01,Youth Ministry,online
Susan Thomas,susan.thomas@example.com,50.00,2026-03-01,General Fund,online
Ronald Moore,ronald.moore@example.com,300.00,2026-03-01,General Fund,check
Barbara Silva,barbara.silva@example.com,120.00,2026-03-01,Youth Ministry,online
Jessica Robinson,jessica.robinson@example.com,250.00,2026-03-01,Benevolence,online
Emily Williams,emily.williams@example.com,20.00,2026-03-01,General Fund,online
Carol Hill,carol.hill@example.com,200.00,2026-03-01,Building Fund,online
Edward Hill,edward.hill@example.com,25.00,2026-03-01,General Fund,check
Rebecca Clark,rebecca.clark@example.com,25.00,2026-03-01,General Fund,check
Melissa Miller,melissa.miller@example.com,75.00,2026-03-01,General Fund,online
Brenda Roberts,brenda.roberts@example.com,80.00,2026-03-01,Benevolence,online
Lisa O'Brien,lisa.obrien@example.com,60.00,2026-03-01,General Fund,other
Carol Roberts,carol.roberts@example.com,30.00,2026-03-01,Youth Ministry,online
Michael Baker,michael.baker@example.com,20.00,2026-03-01,General Fund,cash
Gary King,gary.king@example.com,50.00,2026-03-01,General Fund,online
Elizabeth Sanchez,elizabeth.sanchez@example.com,30.00,2026-03-01,Building Fund,online
Pamela Ramirez,pamela.ramirez@example.com,10.00,2026-03-01,General Fund,online
Ashley Ramirez,,40.00,2026-03-01,Benevolence,online
Mark Perez,mark.perez@example.com,750.00,2026-03-01,Youth Ministry,other
Brian Campbell,,300.00,2026-03-01,General Fund,cash
Nicole Brown,nicole.brown@example.com,20.00,2026-03-01,General Fund,check
Jeffrey Lewis,jeffrey.lewis@example.com,300.00,2026-03-01,Missions Fund,online
Ronald Rodriguez,,80.00,2026-03-01,Building Fund,cash
Thomas Nelson,thomas.nelson@example.com,30.00,2026-03-01,Building Fund,online
Edward Allen,edward.allen@example.com,20.00,2026-03-01,Youth Ministry,cash
Kevin Chen,kevin.chen@example.com,40.00,2026-03-01,General Fund,online
Jacob Lewis,,750.00,2026-03-01,Youth Ministry,check
Katherine King,katherine.king@example.com,80.00,2026-03-01,General Fund,online
Sharon Green,,75.00,2026-03-01,Missions Fund,online
Robert Green,robert.green@example.com,300.00,2026-03-01,General Fund,check
Melissa Thomas,melissa.thomas@example.com,250.00,2026-03-01,General Fund,check
Jason Garcia,jason.garcia@example.com,25.00,2026-03-01,Youth Ministry,online
William Lee,william.lee@example.com,60.00,2026-03-01,Benevolence,check
Patricia Mitchell,patricia.mitchell@example.com,50.00,2026-03-01,General Fund,check
Cynthia Wilson,cynthia.wilson@example.com,100.00,2026-03-01,Missions Fund,cash
Brian Rivera,brian.rivera@example.com,75.00,2026-03-01,Building Fund,online
Timothy Kowalski,timothy.kowalski@example.com,200.00,2026-03-01,Building Fund,online
Anonymous,,10.00,2026-03-01,Benevolence,cash
Anonymous,,25.00,2026-03-01,Building Fund,cash
Anonymous,,10.00,2026-03-01,General Fund,cash
Anonymous,,15.00,2026-03-01,General Fund,cash
Anonymous,,20.00,2026-03-01,General Fund,cash
Anonymous,,40.00,2026-03-01,General Fund,cash
Karen Lewis,karen.lewis@example.com,100.00,2026-03-02,General Fund,check
Deborah Wright,deborah.wright@example.com,80.00,2026-03-02,General Fund,online
Andrew Wilson,andrew.wilson@example.com,50.00,2026-03-02,Building Fund,cash
Cynthia Silva,cynthia.silva@example.com,120.00,2026-03-02,General Fund,online
Elizabeth Jackson,elizabeth.jackson@example.com,120.00,2026-03-02,Youth Ministry,check
Amanda Diaz,amanda.diaz@example.com,75.00,2026-03-02,General Fund,check
Sandra Baker,,10.00,2026-03-03,General Fund,check
Daniel Chen,,80.00,2026-03-03,Building Fund,check
Anthony Baker,anthony.baker@example.com,300.00,2026-03-04,Building Fund,cash
Mark Gonzalez,mark.gonzalez@example.com,20.00,2026-03-04,Missions Fund,check
Laura Jones,laura.jones@example.com,40.00,2026-03-04,General Fund,check
Mary Torres,mary.torres@example.com,2000.00,2026-03-04,General Fund,check
Jason Davis,,15.00,2026-03-04,General Fund,online
Thomas Scott,thomas.scott@example.com,250.00,2026-03-04,Building Fund,online
Lisa Okafor,lisa.okafor@example.com,50.00,2026-03-04,Youth Ministry,online
Amanda Lopez,amanda.lopez@example.com,20.00,2026-03-04,General Fund,online
Karen Rivera,karen.rivera@example.com,150.00,2026-03-05,Benevolence,online
Betty Jones,betty.jones@example.com,75.00,2026-03-05,General Fund,online
Rebecca Ramirez,rebecca.ramirez@example.com,25.00,2026-03-05,General Fund,online
Elizabeth Lopez,elizabeth.lopez@example.com,15.00,2026-03-05,Benevolence,other
Paul Jones,paul.jones@example.com,500.00,2026-03-05,Missions Fund,online
Timothy Roberts,,100.00,2026-03-05,Missions Fund,check
Barbara Nguyen,,30.00,2026-03-08,General Fund,cash
Charles Hall,charles.hall@example.com,250.00,2026-03-08,General Fund,online
Pamela Gonzalez,pamela.gonzalez@example.com,60.00,2026-03-08,General Fund,cash
Richard Harris,richard.harris@example.com,60.00,2026-03-08,General Fund,online
John Okafor,,150.00,2026-03-08,General Fund,check
Rebecca Nelson,rebecca.nelson@example.com,60.00,2026-03-08,General Fund,cash
Emily Nelson,,15.00,2026-03-08,Building Fund,cash
Kimberly Sanchez,kimberly.sanchez@example.com,75.00,2026-03-08,Building Fund,other
Kathleen Brown,kathleen.brown@example.com,200.00,2026-03-08,General Fund,check
Emily Roberts,emily.roberts@example.com,20.00,2026-03-08,General Fund,cash
Amanda Carter,amanda.carter@example.com,60.00,2026-03-08,General Fund,check
Betty Jones,betty.jones@example.com,200.00,2026-03-08,General Fund,check
Jason Nelson,jason.nelson@example.com,25.00,2026-03-08,General Fund,online
Mark Sanchez,mark.sanchez@example.com,150.00,2026-03-08,Youth Ministry,online
Matthew Wilson,matthew.wilson@example.com,2000.00,2026-03-08,General Fund,online
Mary Torres,mary.torres@example.com,200.00,2026-03-08,Building Fund,cash
Sandra Baker,,10.00,2026-03-08,Missions Fund,check
James Nelson,,30.00,2026-03-08,Building Fund,cash
Sarah O'Brien,sarah.obrien@example.com,75.00,2026-03-08,Building Fund,check
Jennifer Lee,jennifer.lee@example.com,100.00,2026-03-08,Youth Ministry,online
Karen Young,karen.young@example.com,120.00,2026-03-08,General Fund,other
Linda Jackson,,200.00,2026-03-08,General Fund,online
Paul Baker,paul.baker@example.com,10.00,2026-03-08,General Fund,online
Jason Hall,jason.hall@example.com,120.00,2026-03-08,Missions Fund,online
Ronald Moore,ronald.moore@example.com,60.00,2026-03-08,Benevolence,online
Deborah Miller,deborah.miller@example.com,50.00,2026-03-08,General Fund,online
Emily Williams,emily.williams@example.com,20.00,2026-03-08,Benevolence,online
Deborah Wright,deborah.wright@example.com,150.00,2026-03-08,Building Fund,online
Ruth Taylor,ruth.taylor@example.com,75.00,2026-03-08,General Fund,check
Carol Hill,carol.hill@example.com,200.00,2026-03-08,General Fund,online
Lisa O'Brien,lisa.obrien@example.com,100.00,2026-03-08,Youth Ministry,online
Elizabeth Sanchez,elizabeth.sanchez@example.com,30.00,2026-03-08,Youth Ministry,online
Ashley Ramirez,,40.00,2026-03-08,General Fund,online
Mark Perez,mark.perez@example.com,60.00,2026-03-08,General Fund,check
Brian Campbell,,50.00,2026-03-08,General Fund,check
Jeffrey Lewis,jeffrey.lewis@example.com,300.00,2026-03-08,Youth Ministry,check
Ronald Rodriguez,,100.00,2026-03-08,Benevolence,check
Thomas Nelson,thomas.nelson@example.com,30.00,2026-03-08,General Fund,online
Jennifer Chen,jennifer.chen@example.com,1000.00,2026-03-08,General Fund,check
William Lee,william.lee@example.com,80.00,2026-03-08,General Fund,check
Linda Jones,linda.jones@example.com,1000.00,2026-03-08,General Fund,online
Brian Rivera,brian.rivera@example.com,75.00,2026-03-08,General Fund,online
Emily Rodriguez,,200.00,2026-03-08,General Fund,cash
Anonymous,,30.00,2026-03-08,General Fund,cash
Amy Walker,,500.00,2026-03-09,General Fund,online
Richard King,,20.00,2026-03-09,General Fund,online
Edward Hill,edward.hill@example.com,25.00,2026-03-10,Building Fund,online
Stephen Campbell,stephen.campbell@example.com,80.00,2026-03-10,Youth Ministry,online
Joshua Petrov,joshua.petrov@example.com,25.00,2026-03-11,General Fund,check
Rebecca Ramirez,rebecca.ramirez@example.com,25.00,2026-03-11,General Fund,check
Daniel Chen,,15.00,2026-03-11,Youth Ministry,check
Timothy Kowalski,timothy.kowalski@example.com,30.00,2026-03-11,General Fund,cash
Sarah Ramirez,sarah.ramirez@example.com,10.00,2026-03-12,General Fund,online
Justin Martinez,justin.martinez@example.com,40.00,2026-03-12,General Fund,check
Matthew Flores,matthew.flores@example.com,40.00,2026-03-12,General Fund,online
Michelle Lopez,michelle.lopez@example.com,100.00,2026-03-12,General Fund,online
Kevin Chen,kevin.chen@example.com,120.00,2026-03-12,General Fund,online
Angela Johnson,angela.johnson@example.com,25.00,2026-03-12,General Fund,cash
Barbara Nguyen,,30.00,2026-03-15,General Fund,online
Charles Hall,charles.hall@example.com,10.00,2026-03-15,General Fund,online
Pamela Gonzalez,pamela.gonzalez@example.com,30.00,2026-03-15,Building Fund,cash
Richard Harris,richard.harris@example.com,40.00,2026-03-15,Youth Ministry,check
Rebecca Nelson,rebecca.nelson@example.com,100.00,2026-03-15,Building Fund,cash
Sarah Ramirez,sarah.ramirez@example.com,200.00,2026-03-15,General Fund,online
Mark Okafor,,750.00,2026-03-15,Benevolence,online
Ryan Clark,ryan.clark@example.com,200.00,2026-03-15,General Fund,check
Kathleen Brown,kathleen.brown@example.com,200.00,2026-03-15,General Fund,online
Emily Roberts,emily.roberts@example.com,250.00,2026-03-15,General Fund,online
Amanda Carter,amanda.carter@example.com,120.00,2026-03-15,General Fund,online
Betty Jones,betty.jones@example.com,200.00,2026-03-15,General Fund,online
Jason Nelson,jason.nelson@example.com,25.00,2026-03-15,General Fund,online
Kathleen Ramirez,kathleen.ramirez@example.com,30.00,2026-03-15,General Fund,online
Mark Sanchez,mark.sanchez@example.com,150.00,2026-03-15,Youth Ministry,online
Matthew Wilson,matthew.wilson@example.com,2000.00,2026-03-15,Benevolence,check
Mary Torres,mary.torres@example.com,2000.00,2026-03-15,Missions Fund,cash
Linda Hernandez,linda.hernandez@example.com,30.00,2026-03-15,Building Fund,check
Sandra Baker,,20.00,2026-03-15,General Fund,check
Jeffrey Carter,jeffrey.carter@example.com,50.00,2026-03-15,General Fund,online
Amy Walker,,20.00,2026-03-15,Building Fund,online
Sarah O'Brien,sarah.obrien@example.com,75.00,2026-03-15,General Fund,other
Jennifer Lee,jennifer.lee@example.com,100.00,2026-03-15,General Fund,online
Karen Young,karen.young@example.com,60.00,2026-03-15,Missions Fund,online
Richard King,,20.00,2026-03-15,Youth Ministry,online
Paul Baker,paul.baker@example.com,10.00,2026-03-15,General Fund,online
Jason Hall,jason.hall@example.com,10.00,2026-03-15,Missions Fund,check
Ronald Moore,ronald.moore@example.com,300.00,2026-03-15,General Fund,online
Deborah Miller,deborah.miller@example.com,60.00,2026-03-15,General Fund,online
Emily Williams,emily.williams@example.com,20.00,2026-03-15,Building Fund,online
Deborah Wright,deborah.wright@example.com,25.00,2026-03-15,General Fund,online
Ruth Taylor,ruth.taylor@example.com,75.00,2026-03-15,Youth Ministry,online
Rebecca Ramirez,rebecca.ramirez@example.com,25.00,2026-03-15,General Fund,check
Lisa O'Brien,lisa.obrien@example.com,100.00,2026-03-15,Youth Ministry,online
Elizabeth Sanchez,elizabeth.sanchez@example.com,30.00,2026-03-15,General Fund,online
Jeffrey Lewis,jeffrey.lewis@example.com,300.00,2026-03-15,Building Fund,online
Kevin Miller,kevin.miller@example.com,60.00,2026-03-15,Missions Fund,online
Ronald Rodriguez,,30.00,2026-03-15,General Fund,check
Jacob Kim,jacob.kim@example.com,75.00,2026-03-15,General Fund,cash
Jessica Jackson,jessica.jackson@example.com,20.00,2026-03-15,General Fund,online
Melissa Thomas,melissa.thomas@example.com,40.00,2026-03-15,General Fund,check
Jason Garcia,jason.garcia@example.com,25.00,2026-03-15,General Fund,cash
William Lee,william.lee@example.com,60.00,2026-03-15,General Fund,online
Brian Rivera,brian.rivera@example.com,75.00,2026-03-15,General Fund,other
Daniel Chen,,80.00,2026-03-15,General Fund,online
Angela Johnson,angela.johnson@example.com,25.00,2026-03-15,General Fund,online
Timothy Kowalski,timothy.kowalski@example.com,30.00,2026-03-15,Youth Ministry,online
Anonymous,,50.00,2026-03-15,General Fund,cash
Anonymous,,50.00,2026-03-15,General Fund,cash
Anonymous,,80.00,2026-03-15,General Fund,cash
Anonymous,,30.00,2026-03-15,Benevolence,cash
Richard Petrov,richard.petrov@example.com,20.00,2026-03-16,Building Fund,online
Justin Martinez,justin.martinez@example.com,40.00,2026-03-16,Missions Fund,online
Stephen Campbell,stephen.campbell@example.com,80.00,2026-03-16,General Fund,check
Carol Roberts,carol.roberts@example.com,100.00,2026-03-16,Youth Ministry,check
Kevin Chen,kevin.chen@example.com,40.00,2026-03-16,Benevolence,online
Ronald Yamamoto,ronald.yamamoto@example.com,20.00,2026-03-17,General Fund,check
Edward Hill,edward.hill@example.com,25.00,2026-03-17,General Fund,check
Brian Campbell,,50.00,2026-03-17,Missions Fund,check
Anna Wright,anna.wright@example.com,50.00,2026-03-17,General Fund,cash
Emily Nelson,,200.00,2026-03-19,Youth Ministry,online
Donald Rodriguez,donald.rodriguez@example.com,20.00,2026-03-19,Building Fund,cash
Matthew Flores,matthew.flores@example.com,40.00,2026-03-19,Benevolence,online
Ashley Ramirez,,120.00,2026-03-19,General Fund,online
Lisa Okafor,lisa.okafor@example.com,50.00,2026-03-19,General Fund,cash
Barbara Nguyen,,20.00,2026-03-22,General Fund,online
Charles Hall,charles.hall@example.com,10.00,2026-03-22,General Fund,online
John Okafor,,60.00,2026-03-22,General Fund,online
Sarah Ramirez,sarah.ramirez@example.com,200.00,2026-03-22,General Fund,other
Richard Brown,richard.brown@example.com,15.00,2026-03-22,General Fund,online
Kimberly Sanchez,kimberly.sanchez@example.com,75.00,2026-03-22,General Fund,online
Mark Okafor,,10.00,2026-03-22,General Fund,check
Kathleen Brown,kathleen.brown@example.com,25.00,2026-03-22,General Fund,online
Emily Roberts,emily.roberts@example.com,20.00,2026-03-22,General Fund,online
Donald Moore,donald.moore@example.com,30.00,2026-03-22,Benevolence,other
Amanda Carter,amanda.carter@example.com,60.00,2026-03-22,Benevolence,cash
Donald Rodriguez,donald.rodriguez@example.com,1000.00,2026-03-22,General Fund,check
Betty Jones,betty.jones@example.com,200.00,2026-03-22,Missions Fund,online
Jason Nelson,jason.nelson@example.com,120.00,2026-03-22,General Fund,cash
Matthew Wilson,matthew.wilson@example.com,2000.00,2026-03-22,General Fund,cash
Mary Torres,mary.torres@example.com,2000.00,2026-03-22,Youth Ministry,check
Sandra Baker,,10.00,2026-03-22,Youth Ministry,check
James Nelson,,30.00,2026-03-22,Building Fund,check
Jeffrey Carter,jeffrey.carter@example.com,50.00,2026-03-22,General Fund,check
Amy Walker,,20.00,2026-03-22,Missions Fund,check
Jennifer Lee,jennifer.lee@example.com,100.00,2026-03-22,General Fund,online
Karen Young,karen.young@example.com,200.00,2026-03-22,General Fund,online
Richard King,,500.00,2026-03-22,General Fund,other
Linda Jackson,,200.00,2026-03-22,Youth Ministry,check
Justin Martinez,justin.martinez@example.com,40.00,2026-03-22,Building Fund,check
Ronald Moore,ronald.moore@example.com,300.00,2026-03-22,Youth Ministry,online
Ronald Yamamoto,ronald.yamamoto@example.com,20.00,2026-03-22,Missions Fund,cash
Deborah Miller,deborah.miller@example.com,750.00,2026-03-22,General Fund,check
Emily Williams,emily.williams@example.com,20.00,2026-03-22,Benevolence,check
Barbara Nelson,barbara.nelson@example.com,10.00,2026-03-22,General Fund,cash
Brandon Williams,brandon.williams@example.com,150.00,2026-03-22,Building Fund,online
Rebecca Ramirez,rebecca.ramirez@example.com,25.00,2026-03-22,Youth Ministry,online
Carol Hill,carol.hill@example.com,200.00,2026-03-22,Building Fund,check
Edward Hill,edward.hill@example.com,1500.00,2026-03-22,General Fund,online
Stephen Campbell,stephen.campbell@example.com,80.00,2026-03-22,Youth Ministry,cash
Rebecca Clark,rebecca.clark@example.com,20.00,2026-03-22,General Fund,check
Lisa O'Brien,lisa.obrien@example.com,500.00,2026-03-22,General Fund,cash
Carol Roberts,carol.roberts@example.com,30.00,2026-03-22,General Fund,other
Ashley Ramirez,,40.00,2026-03-22,General Fund,check
Mark Perez,mark.perez@example.com,60.00,2026-03-22,General Fund,online
Cynthia Miller,,50.00,2026-03-22,General Fund,check
Jeffrey Lewis,jeffrey.lewis@example.com,300.00,2026-03-22,General Fund,check
Ronald Rodriguez,,80.00,2026-03-22,General Fund,check
Melissa Thomas,melissa.thomas@example.com,40.00,2026-03-22,General Fund,check
Lisa Okafor,lisa.okafor@example.com,50.00,2026-03-22,Youth Ministry,check
William Lee,william.lee@example.com,20.00,2026-03-22,General Fund,check
Daniel Chen,,80.00,2026-03-22,General Fund,online
Angela Johnson,angela.johnson@example.com,300.00,2026-03-22,General Fund,check
Anonymous,,40.00,2026-03-22,General Fund,cash
Anonymous,,75.00,2026-03-22,General Fund,cash
Anonymous,,30.00,2026-03-22,General Fund,cash
Anonymous,,40.00,2026-03-22,General Fund,cash
Pamela Gonzalez,pamela.gonzalez@example.com,60.00,2026-03-23,General Fund,online
Jason Garcia,jason.garcia@example.com,25.00,2026-03-23,General Fund,cash
Timothy Kowalski,timothy.kowalski@example.com,30.00,2026-03-23,General Fund,check
Richard Petrov,richard.petrov@example.com,20.00,2026-03-24,General Fund,cash
Nicole Lee,,40.00,2026-03-24,Missions Fund,online
Matthew Flores,matthew.flores@example.com,100.00,2026-03-25,General Fund,online
Brian Campbell,,50.00,2026-03-25,General Fund,online
Sarah O'Brien,sarah.obrien@example.com,75.00,2026-03-26,General Fund,online
Deborah Wright,deborah.wright@example.com,150.00,2026-03-26,General Fund,cash
Thomas Nelson,thomas.nelson@example.com,75.00,2026-03-26,General Fund,online
Pamela Gonzalez,pamela.gonzalez@example.com,250.00,2026-03-29,Missions Fund,cash
John Okafor,,60.00,2026-03-29,General Fund,other
Rebecca Nelson,rebecca.nelson@example.com,60.00,2026-03-29,General Fund,check
Emily Nelson,,200.00,2026-03-29,General Fund,online
Sarah Ramirez,sarah.ramirez@example.com,200.00,2026-03-29,Benevolence,check
Kimberly Sanchez,kimberly.sanchez@example.com,75.00,2026-03-29,General Fund,online
Justin Taylor,justin.taylor@example.com,500.00,2026-03-29,Missions Fund,online
Ryan Clark,ryan.clark@example.com,200.00,2026-03-29,Youth Ministry,online
Kathleen Brown,kathleen.brown@example.com,750.00,2026-03-29,General Fund,online
Anna Scott,anna.scott@example.com,750.00,2026-03-29,General Fund,online
Emily Roberts,emily.roberts@example.com,20.00,2026-03-29,General Fund,online
Donald Rodriguez,donald.rodriguez@example.com,20.00,2026-03-29,General Fund,check
Betty Jones,betty.jones@example.com,200.00,2026-03-29,Missions Fund,cash
Jason Nelson,jason.nelson@example.com,250.00,2026-03-29,General Fund,check
Mark Sanchez,mark.sanchez@example.com,150.00,2026-03-29,General Fund,other
Richard Petrov,richard.petrov@example.com,20.00,2026-03-29,General Fund,online
Sandra Baker,,10.00,2026-03-29,Building Fund,online
James Nelson,,30.00,2026-03-29,General Fund,online
Amy Walker,,20.00,2026-03-29,General Fund,online
Sarah O'Brien,sarah.obrien@example.com,75.00,2026-03-29,General Fund,online
Justin Martinez,justin.martinez@example.com,20.00,2026-03-29,General Fund,check
Matthew Flores,matthew.flores@example.com,40.00,2026-03-29,Youth Ministry,online
Deborah Miller,deborah.miller@example.com,75.00,2026-03-29,Building Fund,online
Emily Williams,emily.williams@example.com,60.00,2026-03-29,Building Fund,online
Ashley Rodriguez,ashley.rodriguez@example.com,50.00,2026-03-29,General Fund,online
Ruth Taylor,ruth.taylor@example.com,75.00,2026-03-29,General Fund,online
Brandon Williams,brandon.williams@example.com,150.00,2026-03-29,General Fund,check
Rebecca Ramirez,rebecca.ramirez@example.com,25.00,2026-03-29,General Fund,check
Carol Hill,carol.hill@example.com,200.00,2026-03-29,General Fund,online
Edward Hill,edward.hill@example.com,25.00,2026-03-29,General Fund,check
Stephen Campbell,stephen.campbell@example.com,80.00,2026-03-29,General Fund,online
Rebecca Clark,rebecca.clark@example.com,25.00,2026-03-29,General Fund,check
Lisa O'Brien,lisa.obrien@example.com,80.00,2026-03-29,Youth Ministry,online
Carol Roberts,carol.roberts@example.com,30.00,2026-03-29,Missions Fund,online
Elizabeth Sanchez,elizabeth.sanchez@example.com,30.00,2026-03-29,Benevolence,online
Jeffrey Lewis,jeffrey.lewis@example.com,120.00,2026-03-29,Building Fund,online
Thomas Nelson,thomas.nelson@example.com,30.00,2026-03-29,Youth Ministry,check
Kevin Chen,kevin.chen@example.com,40.00,2026-03-29,Building Fund,online
Anna Wright,anna.wright@example.com,20.00,2026-03-29,Youth Ministry,cash
Lisa Okafor,lisa.okafor@example.com,50.00,2026-03-29,Missions Fund,online
Jason Garcia,jason.garcia@example.com,25.00,2026-03-29,Building Fund,online
Elizabeth Torres,elizabeth.torres@example.com,40.00,2026-03-29,Benevolence,online
Daniel Chen,,80.00,2026-03-29,General Fund,online
Angela Johnson,angela.johnson@example.com,25.00,2026-03-29,Building Fund,online
Timothy Kowalski,timothy.kowalski@example.com,30.00,2026-03-29,Building Fund,check
Anonymous,,30.00,2026-03-29,Building Fund,cash
Jason Hall,jason.hall@example.com,100.00,2026-03-30,General Fund,other
Ronald Yamamoto,ronald.yamamoto@example.com,20.00,2026-03-30,General Fund,check
Melissa Thomas,melissa.thomas@example.com,40.00,2026-03-30,General Fund,online
Charles Hall,charles.hall@example.com,10.00,2026-03-31,General Fund,online
Matthew Wilson,matthew.wilson@example.com,2000.00,2026-03-31,Building Fund,check
Linda Jackson,,200.00,2026-03-31,Building Fund,check
Mark Perez,mark.perez@example.com,60.00,2026-03-31,General Fund,cash
Barbara Nguyen,,30.00,2026-04-01,General Fund,check
Karen Young,karen.young@example.com,60.00,2026-04-01,Youth Ministry,cash
Ronald Moore,ronald.moore@example.com,300.00,2026-04-01,General Fund,check
Brian Rivera,brian.rivera@example.com,75.00,2026-04-01,General Fund,other
Charles Brown,charles.brown@example.com,250.00,2026-04-02,General Fund,cash
Jeffrey Carter,jeffrey.carter@example.com,50.00,2026-04-02,Building Fund,other
Ashley Ramirez,,40.00,2026-04-02,General Fund,online
Barbara Nguyen,,30.00,2026-04-05,General Fund,check
Charles Hall,charles.hall@example.com,10.00,2026-04-05,General Fund,online
Barbara Harris,barbara.harris@example.com,40.00,2026-04-05,General Fund,check
Jonathan Davis,jonathan.davis@example.com,25.00,2026-04-05,General Fund,online
Richard Harris,richard.harris@example.com,1000.00,2026-04-05,Youth Ministry,check
Andrew Hall,andrew.hall@example.com,300.00,2026-04-05,Youth Ministry,cash
Ashley Mitchell,ashley.mitchell@example.com,300.00,2026-04-05,General Fund,check
George Anderson,,50.00,2026-04-05,General Fund,other
Scott Robinson,scott.robinson@example.com,80.00,2026-04-05,Missions Fund,cash
Jonathan Roberts,jonathan.roberts@example.com,10.00,2026-04-05,General Fund,check
Rebecca Nelson,rebecca.nelson@example.com,60.00,2026-04-05,Benevolence,online
Sarah Ramirez,sarah.ramirez@example.com,200.00,2026-04-05,Missions Fund,check
Linda Mitchell,linda.mitchell@example.com,40.00,2026-04-05,General Fund,online
Justin Torres,justin.torres@example.com,200.00,2026-04-05,Missions Fund,other
Kimberly Sanchez,kimberly.sanchez@example.com,75.00,2026-04-05,General Fund,check
Charles Lewis,charles.lewis@example.com,2000.00,2026-04-05,General Fund,online
Anthony Baker,anthony.baker@example.com,40.00,2026-04-05,General Fund,check
Jason Petrov,jason.petrov@example.com,2000.00,2026-04-05,General Fund,online
Ruth Williams,,20.00,2026-04-05,Building Fund,cash
Mark Gonzalez,mark.gonzalez@example.com,50.00,2026-04-05,Building Fund,online
Katherine Allen,katherine.allen@example.com,200.00,2026-04-05,Youth Ministry,online
Paul Allen,paul.allen@example.com,50.00,2026-04-05,Benevolence,check
Mark Okafor,,10.00,2026-04-05,General Fund,online
Ryan Clark,ryan.clark@example.com,200.00,2026-04-05,General Fund,online
Kathleen Brown,kathleen.brown@example.com,200.00,2026-04-05,Building Fund,cash
Karen Rivera,karen.rivera@example.com,1500.00,2026-04-05,Building Fund,online
Thomas Flores,thomas.flores@example.com,250.00,2026-04-05,General Fund,online
Amanda Carter,amanda.carter@example.com,60.00,2026-04-05,General Fund,online
Donald Rodriguez,donald.rodriguez@example.com,20.00,2026-04-05,General Fund,check
Deborah Hernandez,deborah.hernandez@example.com,200.00,2026-04-05,General Fund,online
Michelle Miller,michelle.miller@example.com,60.00,2026-04-05,Benevolence,online
Betty Jones,betty.jones@example.com,200.00,2026-04-05,Missions Fund,other
Jason Nelson,jason.nelson@example.com,25.00,2026-04-05,General Fund,check
Lisa Young,lisa.young@example.com,80.00,2026-04-05,General Fund,online
Donald Hall,donald.hall@example.com,500.00,2026-04-05,General Fund,online
Mark Sanchez,mark.sanchez@example.com,150.00,2026-04-05,Youth Ministry,check
Jason Mitchell,jason.mitchell@example.com,750.00,2026-04-05,General Fund,check
Richard Petrov,richard.petrov@example.com,20.00,2026-04-05,Youth Ministry,check
Amy Davis,,100.00,2026-04-05,General Fund,online
Timothy Lewis,,15.00,2026-04-05,General Fund,cash
Jason Davis,,15.00,2026-04-05,Building Fund,online
Kathleen Hall,kathleen.hall@example.com,10.00,2026-04-05,General Fund,check
Pamela Williams,pamela.williams@example.com,1000.00,2026-04-05,General Fund,online
Susan Yamamoto,susan.yamamoto@example.com,500.00,2026-04-05,Building Fund,check
John Robinson,john.robinson@example.com,300.00,2026-04-05,General Fund,online
Jeffrey Carter,jeffrey.carter@example.com,50.00,2026-04-05,General Fund,online
Jessica Adams,jessica.adams@example.com,100.00,2026-04-05,Benevolence,check
Amy Walker,,20.00,2026-04-05,General Fund,online
Andrew Kowalski,andrew.kowalski@example.com,20.00,2026-04-05,Building Fund,check
Karen Lewis,karen.lewis@example.com,250.00,2026-04-05,General Fund,online
Jennifer Lee,jennifer.lee@example.com,100.00,2026-04-05,Building Fund,cash
Richard King,,20.00,2026-04-05,Missions Fund,online
Linda Jackson,,200.00,2026-04-05,Building Fund,online
Justin Martinez,justin.martinez@example.com,250.00,2026-04-05,Youth Ministry,check
Paul Baker,paul.baker@example.com,10.00,2026-04-05,Missions Fund,check
Jason Hall,jason.hall@example.com,10.00,2026-04-05,General Fund,online
Ronald Moore,ronald.moore@example.com,60.00,2026-04-05,Missions Fund,cash
Richard Kim,richard.kim@example.com,30.00,2026-04-05,Building Fund,online
Barbara Silva,barbara.silva@example.com,120.00,2026-04-05,Building Fund,online
Ronald Yamamoto,ronald.yamamoto@example.com,150.00,2026-04-05,General Fund,check
Jessica Robinson,jessica.robinson@example.com,30.00,2026-04-05,General Fund,online
Deborah Miller,deborah.miller@example.com,60.00,2026-04-05,General Fund,check
Jonathan Rodriguez,jonathan.rodriguez@example.com,80.00,2026-04-05,General Fund,cash
Emily Williams,emily.williams@example.com,20.00,2026-04-05,General Fund,online
Brandon Williams,brandon.williams@example.com,150.00,2026-04-05,General Fund,online
Carol Hill,carol.hill@example.com,200.00,2026-04-05,General Fund,online
Edward Hill,edward.hill@example.com,75.00,2026-04-05,Youth Ministry,check
Rebecca Clark,rebecca.clark@example.com,25.00,2026-04-05,General Fund,online
Thomas Scott,thomas.scott@example.com,250.00,2026-04-05,Building Fund,online
Melissa Miller,melissa.miller@example.com,75.00,2026-04-05,General Fund,cash
Brenda Roberts,brenda.roberts@example.com,80.00,2026-04-05,General Fund,online
Lisa O'Brien,lisa.obrien@example.com,100.00,2026-04-05,Missions Fund,check
Gary King,gary.king@example.com,50.00,2026-04-05,General Fund,check
Elizabeth Sanchez,elizabeth.sanchez@example.com,30.00,2026-04-05,General Fund,check
Carol Hernandez,carol.hernandez@example.com,20.00,2026-04-05,General Fund,online
Ashley Ramirez,,40.00,2026-04-05,General Fund,other
Mark Perez,mark.perez@example.com,250.00,2026-04-05,General Fund,online
Elizabeth Lopez,elizabeth.lopez@example.com,150.00,2026-04-05,General Fund,cash
Nicole Brown,nicole.brown@example.com,120.00,2026-04-05,General Fund,other
Paul Jones,paul.jones@example.com,500.00,2026-04-05,Youth Ministry,other
Cynthia Silva,cynthia.silva@example.com,75.00,2026-04-05,General Fund,online
Timothy Roberts,,100.00,2026-04-05,General Fund,check
Karen Perez,,40.00,2026-04-05,General Fund,other
Edward Allen,edward.allen@example.com,25.00,2026-04-05,Building Fund,online
Katherine King,katherine.king@example.com,80.00,2026-04-05,Building Fund,cash
Sharon Green,,15.00,2026-04-05,General Fund,online
Melissa Thomas,melissa.thomas@example.com,40.00,2026-04-05,General Fund,online
Lisa Okafor,lisa.okafor@example.com,50.00,2026-04-05,General Fund,online
Amanda Lopez,amanda.lopez@example.com,20.00,2026-04-05,Benevolence,online
Jason Garcia,jason.garcia@example.com,25.00,2026-04-05,General Fund,online
William Lee,william.lee@example.com,150.00,2026-04-05,Building Fund,check
Stephanie Torres,stephanie.torres@example.com,75.00,2026-04-05,Building Fund,check
Patricia Mitchell,patricia.mitchell@example.com,100.00,2026-04-05,General Fund,online
Cynthia Wilson,cynthia.wilson@example.com,100.00,2026-04-05,Benevolence,online
Daniel Chen,,10.00,2026-04-05,General Fund,online
Angela Johnson,angela.johnson@example.com,750.00,2026-04-05,Missions Fund,online
Timothy Kowalski,timothy.kowalski@example.com,30.00,2026-04-05,Benevolence,online
Anonymous,,60.00,2026-04-05,General Fund,cash
Anonymous,,50.00,2026-04-05,General Fund,cash
Margaret Adams,margaret.adams@example.com,50.00,2026-04-06,Building Fund,cash
Sandra Baker,,10.00,2026-04-06,General Fund,online
Amanda Diaz,amanda.diaz@example.com,75.00,2026-04-06,Missions Fund,check
Linda Jones,linda.jones@example.com,25.00,2026-04-06,Benevolence,cash
Jeffrey Scott,,40.00,2026-04-07,General Fund,online
Katherine Hill,katherine.hill@example.com,750.00,2026-04-07,General Fund,online
Karen Young,karen.young@example.com,80.00,2026-04-07,Missions Fund,check
Elizabeth Jackson,elizabeth.jackson@example.com,120.00,2026-04-07,General Fund,online
Kevin Chen,kevin.chen@example.com,40.00,2026-04-07,General Fund,online
Jacob Lewis,,750.00,2026-04-07,General Fund,online
Joseph Johnson,,60.00,2026-04-08,General Fund,check
Emily Nelson,,200.00,2026-04-08,General Fund,online
Sarah O'Brien,sarah.obrien@example.com,20.00,2026-04-08,General Fund,check
Jacob Chen,jacob.chen@example.com,30.00,2026-04-08,General Fund,online
Susan Thomas,susan.thomas@example.com,50.00,2026-04-08,Building Fund,cash
Ruth Taylor,ruth.taylor@example.com,75.00,2026-04-08,General Fund,online
Carol Roberts,carol.roberts@example.com,30.00,2026-04-08,Building Fund,check
Michael Baker,michael.baker@example.com,20.00,2026-04-08,Youth Ministry,online
Matthew Sanchez,,75.00,2026-04-09,General Fund,online
Matthew Flores,matthew.flores@example.com,40.00,2026-04-09,General Fund,online
Jeffrey Lewis,jeffrey.lewis@example.com,300.00,2026-04-09,Building Fund,check
Barbara Nguyen,,30.00,2026-04-12,General Fund,check
Pamela Gonzalez,pamela.gonzalez@example.com,60.00,2026-04-12,Youth Ministry,online
John Okafor,,60.00,2026-04-12,General Fund,check
Rebecca Nelson,rebecca.nelson@example.com,60.00,2026-04-12,General Fund,cash
Emily Nelson,,100.00,2026-04-12,Missions Fund,check
Sarah Ramirez,sarah.ramirez@example.com,200.00,2026-04-12,Benevolence,check
Kimberly Sanchez,kimberly.sanchez@example.com,150.00,2026-04-12,Benevolence,other
Mark Okafor,,10.00,2026-04-12,Benevolence,cash
Ryan Clark,ryan.clark@example.com,200.00,2026-04-12,General Fund,check
Emily Roberts,emily.roberts@example.com,20.00,2026-04-12,Youth Ministry,online
Amanda Carter,amanda.carter@example.com,60.00,2026-04-12,Benevolence,online
Donald Rodriguez,donald.rodriguez@example.com,20.00,2026-04-12,General Fund,online
Matthew Wilson,matthew.wilson@example.com,2000.00,2026-04-12,General Fund,other
Richard Petrov,richard.petrov@example.com,20.00,2026-04-12,General Fund,cash
Sandra Baker,,10.00,2026-04-12,General Fund,check
Amy Walker,,20.00,2026-04-12,Building Fund,check
Karen Young,karen.young@example.com,60.00,2026-04-12,General Fund,cash
Richard King,,750.00,2026-04-12,General Fund,online
Linda Jackson,,200.00,2026-04-12,General Fund,cash
Justin Martinez,justin.martinez@example.com,40.00,2026-04-12,General Fund,online
Paul Baker,paul.baker@example.com,10.00,2026-04-12,General Fund,check
Ronald Moore,ronald.moore@example.com,300.00,2026-04-12,Missions Fund,online
Matthew Flores,matthew.flores@example.com,40.00,2026-04-12,Missions Fund,check
Deborah Miller,deborah.miller@example.com,60.00,2026-04-12,General Fund,online
Jonathan Rodriguez,jonathan.rodriguez@example.com,75.00,2026-04-12,General Fund,check
Emily Williams,emily.williams@example.com,25.00,2026-04-12,General Fund,online
Deborah Wright,deborah.wright@example.com,150.00,2026-04-12,Youth Ministry,cash
Ruth Taylor,ruth.taylor@example.com,60.00,2026-04-12,Youth Ministry,check
Brandon Williams,brandon.williams@example.com,150.00,2026-04-12,General Fund,cash
Rebecca Ramirez,rebecca.ramirez@example.com,25.00,2026-04-12,Building Fund,online
Edward Hill,edward.hill@example.com,25.00,2026-04-12,General Fund,online
Rebecca Clark,rebecca.clark@example.com,25.00,2026-04-12,General Fund,check
Elizabeth Sanchez,elizabeth.sanchez@example.com,30.00,2026-04-12,Youth Ministry,check
Ashley Ramirez,,40.00,2026-04-12,General Fund,online
Mark Perez,mark.perez@example.com,60.00,2026-04-12,General Fund,online
Ronald Rodriguez,,80.00,2026-04-12,Building Fund,online
Thomas Nelson,thomas.nelson@example.com,30.00,2026-04-12,Building Fund,online
Kevin Chen,kevin.chen@example.com,40.00,2026-04-12,General Fund,check
Jason Garcia,jason.garcia@example.com,25.00,2026-04-12,General Fund,check
William Lee,william.lee@example.com,200.00,2026-04-12,General Fund,cash
Linda Jones,linda.jones@example.com,80.00,2026-04-12,General Fund,check
Brian Rivera,brian.rivera@example.com,20.00,2026-04-12,Building Fund,check
Daniel Chen,,80.00,2026-04-12,General Fund,online
Angela Johnson,angela.johnson@example.com,25.00,2026-04-12,General Fund,other
Emily Rodriguez,,120.00,2026-04-12,General Fund,check
Anonymous,,20.00,2026-04-12,Building Fund,cash
Anonymous,,30.00,2026-04-12,General Fund,cash
Anonymous,,80.00,2026-04-12,General Fund,cash
Mary Torres,mary.torres@example.com,2000.00,2026-04-14,Youth Ministry,check
Ronald Yamamoto,ronald.yamamoto@example.com,20.00,2026-04-14,General Fund,online
Melissa Thomas,melissa.thomas@example.com,40.00,2026-04-14,Missions Fund,online
Brenda Gonzalez,brenda.gonzalez@example.com,25.00,2026-04-15,General Fund,check
Richard Harris,richard.harris@example.com,40.00,2026-04-15,General Fund,online
James Nelson,,30.00,2026-04-16,General Fund,check
Jason Hall,jason.hall@example.com,10.00,2026-04-16,General Fund,online
Charles Hall,charles.hall@example.com,10.00,2026-04-19,General Fund,online
Pamela Gonzalez,pamela.gonzalez@example.com,60.00,2026-04-19,General Fund,online
Rebecca Nelson,rebecca.nelson@example.com,60.00,2026-04-19,General Fund,check
Amanda Johnson,amanda.johnson@example.com,100.00,2026-04-19,General Fund,online
Sarah Ramirez,sarah.ramirez@example.com,200.00,2026-04-19,Building Fund,online
Mark Okafor,,10.00,2026-04-19,Building Fund,online
Kathleen Brown,kathleen.brown@example.com,75.00,2026-04-19,General Fund,check
Emily Roberts,emily.roberts@example.com,20.00,2026-04-19,General Fund,check
Amanda Carter,amanda.carter@example.com,60.00,2026-04-19,General Fund,check
Donald Rodriguez,donald.rodriguez@example.com,20.00,2026-04-19,Missions Fund,online
Jason Nelson,jason.nelson@example.com,25.00,2026-04-19,General Fund,online
Mark Sanchez,mark.sanchez@example.com,150.00,2026-04-19,General Fund,cash
Richard Petrov,richard.petrov@example.com,20.00,2026-04-19,Building Fund,cash
Mary Torres,mary.torres@example.com,50.00,2026-04-19,Missions Fund,cash
Linda Hernandez,linda.hernandez@example.com,30.00,2026-04-19,Benevolence,cash
James Nelson,,30.00,2026-04-19,General Fund,online
Jeffrey Carter,jeffrey.carter@example.com,50.00,2026-04-19,Youth Ministry,cash
Sarah O'Brien,sarah.obrien@example.com,75.00,2026-04-19,Benevolence,online
Jennifer Lee,jennifer.lee@example.com,100.00,2026-04-19,General Fund,check
Karen Young,karen.young@example.com,60.00,2026-04-19,General Fund,other
Richard King,,20.00,2026-04-19,Building Fund,online
Linda Jackson,,50.00,2026-04-19,Youth Ministry,check
Justin Martinez,justin.martinez@example.com,40.00,2026-04-19,Missions Fund,online
Paul Baker,paul.baker@example.com,10.00,2026-04-19,General Fund,check
Jason Hall,jason.hall@example.com,10.00,2026-04-19,Building Fund,online
Ronald Moore,ronald.moore@example.com,80.00,2026-04-19,General Fund,online
Ronald Yamamoto,ronald.yamamoto@example.com,20.00,2026-04-19,General Fund,check
Deborah Miller,deborah.miller@example.com,60.00,2026-04-19,General Fund,online
Deborah Wright,deborah.wright@example.com,80.00,2026-04-19,General Fund,other
Ruth Taylor,ruth.taylor@example.com,75.00,2026-04-19,General Fund,check
Brandon Williams,brandon.williams@example.com,150.00,2026-04-19,General Fund,online
Edward Hill,edward.hill@example.com,80.00,2026-04-19,General Fund,online
Stephen Campbell,stephen.campbell@example.com,80.00,2026-04-19,General Fund,online
Rebecca Clark,rebecca.clark@example.com,25.00,2026-04-19,General Fund,online
Lisa O'Brien,lisa.obrien@example.com,100.00,2026-04-19,General Fund,check
Elizabeth Sanchez,elizabeth.sanchez@example.com,30.00,2026-04-19,General Fund,online
Ashley Ramirez,,40.00,2026-04-19,General Fund,online
Melissa Thomas,melissa.thomas@example.com,40.00,2026-04-19,Missions Fund,online
Lisa Okafor,lisa.okafor@example.com,50.00,2026-04-19,General Fund,check
William Lee,william.lee@example.com,60.00,2026-04-19,General Fund,online
Brian Rivera,brian.rivera@example.com,75.00,2026-04-19,General Fund,check
Angela Johnson,angela.johnson@example.com,25.00,2026-04-19,General Fund,cash
Timothy Kowalski,timothy.kowalski@example.com,30.00,2026-04-19,Building Fund,cash
Anonymous,,10.00,2026-04-19,General Fund,cash
Thomas Nelson,thomas.nelson@example.com,30.00,2026-04-20,General Fund,online
John Okafor,,60.00,2026-04-21,General Fund,check
Joshua Petrov,joshua.petrov@example.com,25.00,2026-04-21,General Fund,online
Matthew Wilson,matthew.wilson@example.com,2000.00,2026-04-21,General Fund,check
Matthew Flores,matthew.flores@example.com,10.00,2026-04-21,Missions Fund,check
Ronald Rodriguez,,80.00,2026-04-21,General Fund,online
Emily Nelson,,200.00,2026-04-22,Building Fund,online
Ryan Clark,ryan.clark@example.com,200.00,2026-04-22,General Fund,online
Emily Williams,emily.williams@example.com,20.00,2026-04-22,General Fund,online
Emily Rodriguez,,200.00,2026-04-22,General Fund,cash
Barbara Nguyen,,30.00,2026-04-23,Building Fund,cash
Amy Walker,,20.00,2026-04-23,Building Fund,check
Rebecca Ramirez,rebecca.ramirez@example.com,25.00,2026-04-23,General Fund,cash
Carol Hill,carol.hill@example.com,200.00,2026-04-23,Building Fund,online
Kevin Chen,kevin.chen@example.com,40.00,2026-04-23,General Fund,cash
Charles Hall,charles.hall@example.com,10.00,2026-04-26,General Fund,online
Richard Harris,richard.harris@example.com,40.00,2026-04-26,General Fund,online
Rebecca Nelson,rebecca.nelson@example.com,75.00,2026-04-26,General Fund,check
Sarah Ramirez,sarah.ramirez@example.com,250.00,2026-04-26,General Fund,check
Kimberly Sanchez,kimberly.sanchez@example.com,75.00,2026-04-26,General Fund,online
Shirley Sanchez,,2000.00,2026-04-26,General Fund,check
Mark Okafor,,10.00,2026-04-26,General Fund,check
Ryan Clark,ryan.clark@example.com,200.00,2026-04-26,General Fund,check
Emily Roberts,emily.roberts@example.com,20.00,2026-04-26,General Fund,online
Amanda Carter,amanda.carter@example.com,300.00,2026-04-26,Building Fund,online
Donald Rodriguez,donald.rodriguez@example.com,20.00,2026-04-26,Building Fund,online
Jason Nelson,jason.nelson@example.com,25.00,2026-04-26,General Fund,cash
Kathleen Ramirez,kathleen.ramirez@example.com,30.00,2026-04-26,Building Fund,check
Cynthia Thomas,cynthia.thomas@example.com,20.00,2026-04-26,General Fund,online
Mark Sanchez,mark.sanchez@example.com,150.00,2026-04-26,General Fund,online
Matthew Wilson,matthew.wilson@example.com,2000.00,2026-04-26,General Fund,online
Mary Torres,mary.torres@example.com,15.00,2026-04-26,General Fund,check
Sandra Baker,,10.00,2026-04-26,General Fund,check
James Nelson,,30.00,2026-04-26,General Fund,online
Jeffrey Carter,jeffrey.carter@example.com,50.00,2026-04-26,Missions Fund,online
Sarah O'Brien,sarah.obrien@example.com,75.00,2026-04-26,Building Fund,other
Karen Young,karen.young@example.com,60.00,2026-04-26,Benevolence,online
Richard King,,20.00,2026-04-26,Missions Fund,online
Linda Jackson,,50.00,2026-04-26,Youth Ministry,online
Justin Martinez,justin.martinez@example.com,25.00,2026-04-26,Building Fund,online
Matthew Flores,matthew.flores@example.com,40.00,2026-04-26,General Fund,online
Ronald Yamamoto,ronald.yamamoto@example.com,750.00,2026-04-26,General Fund,online
Emily Williams,emily.williams@example.com,150.00,2026-04-26,General Fund,online
Deborah Wright,deborah.wright@example.com,150.00,2026-04-26,General Fund,online
Ruth Taylor,ruth.taylor@example.com,75.00,2026-04-26,Building Fund,check
Brandon Williams,brandon.williams@example.com,150.00,2026-04-26,General Fund,check
Rebecca Ramirez,rebecca.ramirez@example.com,25.00,2026-04-26,General Fund,online
Edward Hill,edward.hill@example.com,25.00,2026-04-26,General Fund,online
Stephen Campbell,stephen.campbell@example.com,200.00,2026-04-26,General Fund,online
Lisa O'Brien,lisa.obrien@example.com,100.00,2026-04-26,General Fund,online
Elizabeth Sanchez,elizabeth.sanchez@example.com,30.00,2026-04-26,General Fund,online
Ashley Ramirez,,40.00,2026-04-26,General Fund,online
Mark Perez,mark.perez@example.com,60.00,2026-04-26,Building Fund,other
Brian Campbell,,50.00,2026-04-26,General Fund,online
Thomas Nelson,thomas.nelson@example.com,30.00,2026-04-26,General Fund,check
Michelle Lopez,michelle.lopez@example.com,250.00,2026-04-26,Building Fund,online
Melissa Thomas,melissa.thomas@example.com,100.00,2026-04-26,Building Fund,cash
Lisa Okafor,lisa.okafor@example.com,50.00,2026-04-26,General Fund,online
Jason Garcia,jason.garcia@example.com,25.00,2026-04-26,General Fund,cash
William Lee,william.lee@example.com,75.00,2026-04-26,General Fund,check
Linda Jones,linda.jones@example.com,80.00,2026-04-26,Youth Ministry,online
Brian Rivera,brian.rivera@example.com,75.00,2026-04-26,Youth Ministry,check
Angela Johnson,angela.johnson@example.com,50.00,2026-04-26,General Fund,online
Brandon Diaz,brandon.diaz@example.com,500.00,2026-04-26,General Fund,cash
Emily Rodriguez,,200.00,2026-04-26,Building Fund,check
Anonymous,,75.00,2026-04-26,General Fund,cash
Anonymous,,15.00,2026-04-26,General Fund,cash
Anonymous,,100.00,2026-04-26,Missions Fund,cash
Pamela Gonzalez,pamela.gonzalez@example.com,75.00,2026-04-27,Building Fund,check
Rebecca Clark,rebecca.clark@example.com,25.00,2026-04-27,General Fund,cash
Daniel Chen,,80.00,2026-04-27,General Fund,check
John Okafor,,200.00,2026-04-28,General Fund,check
Paul Baker,paul.baker@example.com,10.00,2026-04-28,General Fund,other
Carol Hill,carol.hill@example.com,200.00,2026-04-28,General Fund,online
Kevin Chen,kevin.chen@example.com,80.00,2026-04-28,General Fund,online
Barbara Nguyen,,30.00,2026-05-03,General Fund,online
Charles Hall,charles.hall@example.com,10.00,2026-05-03,Building Fund,cash
Jonathan Davis,jonathan.davis@example.com,50.00,2026-05-03,General Fund,online
Richard Harris,richard.harris@example.com,120.00,2026-05-03,General Fund,check
Andrew Hall,andrew.hall@example.com,60.00,2026-05-03,General Fund,check
John Okafor,,60.00,2026-05-03,General Fund,online
Margaret Adams,margaret.adams@example.com,10.00,2026-05-03,Missions Fund,online
George Anderson,,50.00,2026-05-03,Youth Ministry,online
Scott Robinson,scott.robinson@example.com,80.00,2026-05-03,General Fund,other
Jonathan Roberts,jonathan.roberts@example.com,10.00,2026-05-03,Benevolence,online
Rebecca Nelson,rebecca.nelson@example.com,60.00,2026-05-03,General Fund,cash
Emily Nelson,,200.00,2026-05-03,General Fund,online
Nancy Clark,nancy.clark@example.com,250.00,2026-05-03,General Fund,cash
Linda Mitchell,linda.mitchell@example.com,250.00,2026-05-03,General Fund,online
Rebecca Davis,rebecca.davis@example.com,100.00,2026-05-03,Building Fund,online
Kimberly Sanchez,kimberly.sanchez@example.com,75.00,2026-05-03,Building Fund,cash
Charles Lewis,charles.lewis@example.com,2000.00,2026-05-03,General Fund,online
Anthony Baker,anthony.baker@example.com,100.00,2026-05-03,General Fund,check
Jason Petrov,jason.petrov@example.com,150.00,2026-05-03,General Fund,online
Jeffrey Scott,,40.00,2026-05-03,General Fund,other
Mark Gonzalez,mark.gonzalez@example.com,20.00,2026-05-03,General Fund,other
Matthew Sanchez,,75.00,2026-05-03,Building Fund,cash
Katherine Allen,katherine.allen@example.com,200.00,2026-05-03,Building Fund,cash
Laura Jones,laura.jones@example.com,1500.00,2026-05-03,General Fund,online
Paul Allen,paul.allen@example.com,50.00,2026-05-03,General Fund,check
Mark Okafor,,750.00,2026-05-03,Missions Fund,check
Ryan Clark,ryan.clark@example.com,200.00,2026-05-03,Youth Ministry,cash
Emily Roberts,emily.roberts@example.com,20.00,2026-05-03,Benevolence,check
Karen Rivera,karen.rivera@example.com,100.00,2026-05-03,Building Fund,cash
Thomas Flores,thomas.flores@example.com,250.00,2026-05-03,Youth Ministry,online
Jason Rodriguez,jason.rodriguez@example.com,20.00,2026-05-03,General Fund,check
Amanda Carter,amanda.carter@example.com,60.00,2026-05-03,General Fund,online
Donald Rodriguez,donald.rodriguez@example.com,20.00,2026-05-03,General Fund,cash
Deborah Hernandez,deborah.hernandez@example.com,100.00,2026-05-03,Benevolence,online
Betty Jones,betty.jones@example.com,200.00,2026-05-03,General Fund,cash
Donald Hall,donald.hall@example.com,500.00,2026-05-03,General Fund,other
Mark Sanchez,mark.sanchez@example.com,150.00,2026-05-03,Missions Fund,online
Richard Petrov,richard.petrov@example.com,20.00,2026-05-03,General Fund,check
Amy Davis,,120.00,2026-05-03,General Fund,cash
Katherine Hill,katherine.hill@example.com,750.00,2026-05-03,General Fund,online
Margaret Taylor,margaret.taylor@example.com,50.00,2026-05-03,General Fund,online
Sandra Baker,,10.00,2026-05-03,General Fund,online
Pamela Williams,pamela.williams@example.com,120.00,2026-05-03,General Fund,online
Susan Yamamoto,susan.yamamoto@example.com,500.00,2026-05-03,General Fund,cash
James Nelson,,30.00,2026-05-03,General Fund,cash
Jessica Adams,jessica.adams@example.com,100.00,2026-05-03,General Fund,check
Amy Walker,,20.00,2026-05-03,Missions Fund,online
Sarah O'Brien,sarah.obrien@example.com,75.00,2026-05-03,General Fund,cash
Karen Lewis,karen.lewis@example.com,100.00,2026-05-03,General Fund,online
Karen Young,karen.young@example.com,60.00,2026-05-03,Benevolence,other
Richard King,,150.00,2026-05-03,General Fund,online
Jacob Chen,jacob.chen@example.com,250.00,2026-05-03,General Fund,online
Laura Miller,laura.miller@example.com,100.00,2026-05-03,Building Fund,cash
Jason Hall,jason.hall@example.com,25.00,2026-05-03,General Fund,check
Susan Thomas,susan.thomas@example.com,20.00,2026-05-03,Missions Fund,cash
Ronald Moore,ronald.moore@example.com,300.00,2026-05-03,Building Fund,check
Matthew Flores,matthew.flores@example.com,40.00,2026-05-03,Benevolence,check
Barbara Silva,barbara.silva@example.com,120.00,2026-05-03,Youth Ministry,cash
Ronald Yamamoto,ronald.yamamoto@example.com,20.00,2026-05-03,General Fund,check
Emily Williams,emily.williams@example.com,20.00,2026-05-03,Missions Fund,online
Deborah Wright,deborah.wright@example.com,150.00,2026-05-03,General Fund,online
Carol Hill,carol.hill@example.com,200.00,2026-05-03,General Fund,check
Stephen Campbell,stephen.campbell@example.com,80.00,2026-05-03,Building Fund,check
Rebecca Clark,rebecca.clark@example.com,250.00,2026-05-03,Youth Ministry,online
Thomas Scott,thomas.scott@example.com,250.00,2026-05-03,General Fund,online
Melissa Miller,melissa.miller@example.com,50.00,2026-05-03,General Fund,check
Brenda Roberts,brenda.roberts@example.com,80.00,2026-05-03,General Fund,online
Andrew Johnson,andrew.johnson@example.com,50.00,2026-05-03,Missions Fund,check
Lisa O'Brien,lisa.obrien@example.com,100.00,2026-05-03,General Fund,online
Michael Baker,michael.baker@example.com,20.00,2026-05-03,Benevolence,cash
Andrew Wilson,andrew.wilson@example.com,50.00,2026-05-03,General Fund,online
Gary King,gary.king@example.com,50.00,2026-05-03,General Fund,check
Daniel Rodriguez,daniel.rodriguez@example.com,50.00,2026-05-03,General Fund,check
Pamela Ramirez,pamela.ramirez@example.com,10.00,2026-05-03,General Fund,online
Carol Hernandez,carol.hernandez@example.com,20.00,2026-05-03,General Fund,check
Ashley Ramirez,,40.00,2026-05-03,General Fund,online
Mark Perez,mark.perez@example.com,60.00,2026-05-03,General Fund,other
Brian Campbell,,50.00,2026-05-03,General Fund,online
Elizabeth Lopez,elizabeth.lopez@example.com,150.00,2026-05-03,General Fund,check
Nicole Brown,nicole.brown@example.com,40.00,2026-05-03,General Fund,check
Cynthia Silva,cynthia.silva@example.com,120.00,2026-05-03,Building Fund,cash
Timothy Roberts,,100.00,2026-05-03,General Fund,online
Ronald Rodriguez,,75.00,2026-05-03,Building Fund,online
Elizabeth Jackson,elizabeth.jackson@example.com,120.00,2026-05-03,General Fund,other
Amanda Diaz,amanda.diaz@example.com,75.00,2026-05-03,Youth Ministry,check
Edward Allen,edward.allen@example.com,20.00,2026-05-03,General Fund,check
Kevin Chen,kevin.chen@example.com,40.00,2026-05-03,Missions Fund,check
Katherine King,katherine.king@example.com,80.00,2026-05-03,Missions Fund,online
Sharon Green,,15.00,2026-05-03,General Fund,other
Robert Green,robert.green@example.com,20.00,2026-05-03,Missions Fund,online
Lisa Okafor,lisa.okafor@example.com,50.00,2026-05-03,General Fund,online
Amanda Lopez,amanda.lopez@example.com,20.00,2026-05-03,General Fund,online
Jason Garcia,jason.garcia@example.com,300.00,2026-05-03,Youth Ministry,online
William Lee,william.lee@example.com,60.00,2026-05-03,Building Fund,online
Linda Jones,linda.jones@example.com,80.00,2026-05-03,General Fund,online
Stephanie Torres,stephanie.torres@example.com,75.00,2026-05-03,General Fund,online
Patricia Mitchell,patricia.mitchell@example.com,50.00,2026-05-03,Youth Ministry,cash
Cynthia Wilson,cynthia.wilson@example.com,100.00,2026-05-03,General Fund,cash
Brian Rivera,brian.rivera@example.com,75.00,2026-05-03,Building Fund,check
Daniel Chen,,80.00,2026-05-03,Building Fund,cash
Angela Johnson,angela.johnson@example.com,25.00,2026-05-03,Building Fund,online
Anonymous,,20.00,2026-05-03,Youth Ministry,cash
Anonymous,,10.00,2026-05-03,General Fund,cash
Anonymous,,40.00,2026-05-03,General Fund,cash
Anonymous,,80.00,2026-05-03,General Fund,cash
Jacob Johnson,jacob.johnson@example.com,30.00,2026-05-04,Building Fund,check
Timothy Lewis,,15.00,2026-05-04,Benevolence,online
Justin Martinez,justin.martinez@example.com,40.00,2026-05-04,Missions Fund,check
Carol Roberts,carol.roberts@example.com,300.00,2026-05-04,Benevolence,online
Jason Nelson,jason.nelson@example.com,50.00,2026-05-05,Building Fund,online
Nicole Ramirez,,100.00,2026-05-05,Youth Ministry,cash
Kathleen Hall,kathleen.hall@example.com,40.00,2026-05-05,Youth Ministry,online
Paul Baker,paul.baker@example.com,10.00,2026-05-05,General Fund,online
Elizabeth Sanchez,elizabeth.sanchez@example.com,30.00,2026-05-05,Youth Ministry,check
Timothy Kowalski,timothy.kowalski@example.com,30.00,2026-05-05,Youth Ministry,check
Ruth Williams,,300.00,2026-05-06,Building Fund,other
Thomas Nelson,thomas.nelson@example.com,30.00,2026-05-06,Missions Fund,online
Pamela Gonzalez,pamela.gonzalez@example.com,60.00,2026-05-07,General Fund,online
Kathleen Brown,kathleen.brown@example.com,200.00,2026-05-07,General Fund,cash
Jessica Campbell,jessica.campbell@example.com,1500.00,2026-05-07,Missions Fund,online
Mary Torres,mary.torres@example.com,60.00,2026-05-07,General Fund,check
John Robinson,john.robinson@example.com,300.00,2026-05-07,General Fund,online
Jeffrey Carter,jeffrey.carter@example.com,50.00,2026-05-07,General Fund,check
Jessica Robinson,jessica.robinson@example.com,30.00,2026-05-07,General Fund,online
Deborah Miller,deborah.miller@example.com,60.00,2026-05-07,General Fund,online
Barbara Nguyen,,30.00,2026-05-10,General Fund,check
Brenda Gonzalez,brenda.gonzalez@example.com,25.00,2026-05-10,Building Fund,online
Richard Harris,richard.harris@example.com,40.00,2026-05-10,General Fund,online
Emily Nelson,,50.00,2026-05-10,General Fund,online
Sarah Ramirez,sarah.ramirez@example.com,200.00,2026-05-10,General Fund,online
Kimberly Sanchez,kimberly.sanchez@example.com,750.00,2026-05-10,Building Fund,online
Mark Okafor,,10.00,2026-05-10,General Fund,online
Ryan Clark,ryan.clark@example.com,200.00,2026-05-10,General Fund,check
Emily Roberts,emily.roberts@example.com,20.00,2026-05-10,General Fund,check
Amanda Carter,amanda.carter@example.com,60.00,2026-05-10,Building Fund,online
Donald Rodriguez,donald.rodriguez@example.com,20.00,2026-05-10,Building Fund,online
Betty Jones,betty.jones@example.com,200.00,2026-05-10,General Fund,online
Mark Sanchez,mark.sanchez@example.com,150.00,2026-05-10,General Fund,check
Matthew Wilson,matthew.wilson@example.com,2000.00,2026-05-10,General Fund,check
Richard Petrov,richard.petrov@example.com,20.00,2026-05-10,General Fund,online
Mary Torres,mary.torres@example.com,2000.00,2026-05-10,Building Fund,online
Nicole Ramirez,,100.00,2026-05-10,Youth Ministry,online
Linda Hernandez,linda.hernandez@example.com,30.00,2026-05-10,General Fund,check
Jeffrey Carter,jeffrey.carter@example.com,1000.00,2026-05-10,Missions Fund,check
Amy Walker,,20.00,2026-05-10,General Fund,online
Sarah O'Brien,sarah.obrien@example.com,75.00,2026-05-10,Missions Fund,online
Jennifer Lee,jennifer.lee@example.com,100.00,2026-05-10,General Fund,online
Karen Young,karen.young@example.com,60.00,2026-05-10,Youth Ministry,cash
Richard King,,300.00,2026-05-10,General Fund,online
Laura Miller,laura.miller@example.com,100.00,2026-05-10,Missions Fund,online
Linda Jackson,,200.00,2026-05-10,General Fund,cash
Jason Hall,jason.hall@example.com,10.00,2026-05-10,General Fund,check
Matthew Flores,matthew.flores@example.com,40.00,2026-05-10,Building Fund,cash
Ronald Yamamoto,ronald.yamamoto@example.com,15.00,2026-05-10,Building Fund,online
Deborah Miller,deborah.miller@example.com,75.00,2026-05-10,Building Fund,check
Emily Williams,emily.williams@example.com,150.00,2026-05-10,General Fund,check
Ruth Taylor,ruth.taylor@example.com,75.00,2026-05-10,General Fund,other
Carol Hill,carol.hill@example.com,200.00,2026-05-10,General Fund,check
Edward Hill,edward.hill@example.com,25.00,2026-05-10,General Fund,other
Stephen Campbell,stephen.campbell@example.com,80.00,2026-05-10,Building Fund,check
Rebecca Clark,rebecca.clark@example.com,300.00,2026-05-10,General Fund,online
Lisa O'Brien,lisa.obrien@example.com,250.00,2026-05-10,General Fund,online
Elizabeth Sanchez,elizabeth.sanchez@example.com,30.00,2026-05-10,General Fund,check
Ashley Ramirez,,40.00,2026-05-10,Missions Fund,online
Mark Perez,mark.perez@example.com,100.00,2026-05-10,Building Fund,online
Brian Campbell,,50.00,2026-05-10,Building Fund,cash
Ronald Rodriguez,,1000.00,2026-05-10,General Fund,online
Thomas Nelson,thomas.nelson@example.com,30.00,2026-05-10,General Fund,online
Kevin Chen,kevin.chen@example.com,40.00,2026-05-10,General Fund,online
Melissa Thomas,melissa.thomas@example.com,40.00,2026-05-10,General Fund,cash
Lisa Okafor,lisa.okafor@example.com,50.00,2026-05-10,General Fund,online
William Lee,william.lee@example.com,60.00,2026-05-10,Building Fund,online
Linda Jones,linda.jones@example.com,80.00,2026-05-10,Youth Ministry,online
Brian Rivera,brian.rivera@example.com,75.00,2026-05-10,General Fund,other
Daniel Chen,,80.00,2026-05-10,Building Fund,cash
Timothy Kowalski,timothy.kowalski@example.com,30.00,2026-05-10,Building Fund,check
Anonymous,,15.00,2026-05-10,Youth Ministry,cash
Anonymous,,75.00,2026-05-10,Benevolence,cash
Anonymous,,25.00,2026-05-10,Youth Ministry,cash
Anonymous,,40.00,2026-05-10,General Fund,cash
Anonymous,,75.00,2026-05-10,General Fund,cash
Justin Martinez,justin.martinez@example.com,40.00,2026-05-11,General Fund,cash
Charles Hall,charles.hall@example.com,10.00,2026-05-12,General Fund,check
Pamela Gonzalez,pamela.gonzalez@example.com,60.00,2026-05-12,Building Fund,cash
Lisa Young,lisa.young@example.com,80.00,2026-05-12,General Fund,online
Sandra Baker,,10.00,2026-05-12,Benevolence,online
Angela Johnson,angela.johnson@example.com,25.00,2026-05-12,Building Fund,cash
Emily Rodriguez,,200.00,2026-05-12,General Fund,cash
Jason Nelson,jason.nelson@example.com,25.00,2026-05-13,Building Fund,check
Ronald Moore,ronald.moore@example.com,300.00,2026-05-13,Missions Fund,online
Rebecca Ramirez,rebecca.ramirez@example.com,25.00,2026-05-13,Building Fund,cash
Brandon Williams,brandon.williams@example.com,150.00,2026-05-14,Benevolence,online
Barbara Nguyen,,15.00,2026-05-17,Youth Ministry,online
Charles Hall,charles.hall@example.com,10.00,2026-05-17,General Fund,online
John Okafor,,75.00,2026-05-17,General Fund,online
James Hill,,15.00,2026-05-17,Building Fund,online
Rebecca Nelson,rebecca.nelson@example.com,60.00,2026-05-17,General Fund,check
Emily Nelson,,200.00,2026-05-17,Missions Fund,cash
Sarah Ramirez,sarah.ramirez@example.com,200.00,2026-05-17,Benevolence,online
Kimberly Sanchez,kimberly.sanchez@example.com,75.00,2026-05-17,Missions Fund,check
Mark Okafor,,10.00,2026-05-17,Youth Ministry,online
Ryan Clark,ryan.clark@example.com,200.00,2026-05-17,General Fund,cash
Emily Roberts,emily.roberts@example.com,20.00,2026-05-17,General Fund,check
Donald Rodriguez,donald.rodriguez@example.com,20.00,2026-05-17,Youth Ministry,check
Betty Jones,betty.jones@example.com,200.00,2026-05-17,General Fund,check
Jason Nelson,jason.nelson@example.com,25.00,2026-05-17,Youth Ministry,check
Mark Sanchez,mark.sanchez@example.com,150.00,2026-05-17,Building Fund,check
Richard Petrov,richard.petrov@example.com,120.00,2026-05-17,General Fund,other
Mary Torres,mary.torres@example.com,2000.00,2026-05-17,Benevolence,online
Jennifer Lee,jennifer.lee@example.com,10.00,2026-05-17,General Fund,cash
Richard King,,20.00,2026-05-17,General Fund,check
Linda Jackson,,150.00,2026-05-17,General Fund,check
Justin Martinez,justin.martinez@example.com,40.00,2026-05-17,Missions Fund,check
Jason Hall,jason.hall@example.com,10.00,2026-05-17,General Fund,check
Ronald Moore,ronald.moore@example.com,15.00,2026-05-17,General Fund,online
Matthew Flores,matthew.flores@example.com,40.00,2026-05-17,General Fund,online
Ronald Yamamoto,ronald.yamamoto@example.com,20.00,2026-05-17,General Fund,online
Deborah Miller,deborah.miller@example.com,60.00,2026-05-17,General Fund,check
Emily Williams,emily.williams@example.com,20.00,2026-05-17,Youth Ministry,online
Deborah Wright,deborah.wright@example.com,150.00,2026-05-17,Benevolence,online
Ruth Taylor,ruth.taylor@example.com,75.00,2026-05-17,General Fund,check
Stephen Campbell,stephen.campbell@example.com,80.00,2026-05-17,Benevolence,cash
Rebecca Clark,rebecca.clark@example.com,25.00,2026-05-17,General Fund,check
Lisa O'Brien,lisa.obrien@example.com,100.00,2026-05-17,General Fund,online
Carol Roberts,carol.roberts@example.com,30.00,2026-05-17,Missions Fund,online
Ronald Rodriguez,,80.00,2026-05-17,General Fund,online
Melissa Thomas,melissa.thomas@example.com,40.00,2026-05-17,Missions Fund,online
Lisa Okafor,lisa.okafor@example.com,50.00,2026-05-17,Youth Ministry,other
Jason Garcia,jason.garcia@example.com,25.00,2026-05-17,General Fund,check
Linda Jones,linda.jones@example.com,15.00,2026-05-17,General Fund,online
Brian Rivera,brian.rivera@example.com,75.00,2026-05-17,General Fund,other
Daniel Chen,,80.00,2026-05-17,General Fund,online
Anonymous,,100.00,2026-05-17,Youth Ministry,cash
Anonymous,,80.00,2026-05-17,General Fund,cash
Matthew Wilson,matthew.wilson@example.com,2000.00,2026-05-18,Youth Ministry,online
Richard Kim,richard.kim@example.com,30.00,2026-05-18,Building Fund,check
Brandon Williams,brandon.williams@example.com,150.00,2026-05-18,Youth Ministry,online
Ashley Ramirez,,40.00,2026-05-18,General Fund,cash
Brian Campbell,,50.00,2026-05-18,General Fund,check
Timothy Kowalski,timothy.kowalski@example.com,30.00,2026-05-18,General Fund,check
Sandra Baker,,10.00,2026-05-19,General Fund,online
James Nelson,,30.00,2026-05-19,Missions Fund,online
Karen Young,karen.young@example.com,80.00,2026-05-19,Building Fund,online
Paul Baker,paul.baker@example.com,10.00,2026-05-19,General Fund,check
Rebecca Ramirez,rebecca.ramirez@example.com,25.00,2026-05-19,General Fund,online
Brenda Gonzalez,brenda.gonzalez@example.com,25.00,2026-05-20,Building Fund,check
Pamela Gonzalez,pamela.gonzalez@example.com,60.00,2026-05-20,General Fund,check
Elizabeth Sanchez,elizabeth.sanchez@example.com,30.00,2026-05-20,Missions Fund,online
Kevin Miller,kevin.miller@example.com,75.00,2026-05-20,General Fund,online
Kevin Chen,kevin.chen@example.com,40.00,2026-05-20,Building Fund,check
Amanda Carter,amanda.carter@example.com,25.00,2026-05-21,Benevolence,cash
Sarah O'Brien,sarah.obrien@example.com,200.00,2026-05-21,General Fund,check
Jeffrey Lewis,jeffrey.lewis@example.com,300.00,2026-05-21,General Fund,online
Brenda Gonzalez,brenda.gonzalez@example.com,120.00,2026-05-24,General Fund,online
Pamela Gonzalez,pamela.gonzalez@example.com,60.00,2026-05-24,General Fund,online
Richard Harris,richard.harris@example.com,40.00,2026-05-24,General Fund,check
John Okafor,,60.00,2026-05-24,Building Fund,online
Rebecca Nelson,rebecca.nelson@example.com,60.00,2026-05-24,General Fund,online
Sarah Ramirez,sarah.ramirez@example.com,200.00,2026-05-24,General Fund,cash
Kimberly Sanchez,kimberly.sanchez@example.com,75.00,2026-05-24,General Fund,online
Emily Roberts,emily.roberts@example.com,20.00,2026-05-24,Youth Ministry,online
Amanda Carter,amanda.carter@example.com,60.00,2026-05-24,General Fund,check
Donald Rodriguez,donald.rodriguez@example.com,20.00,2026-05-24,Building Fund,online
Betty Jones,betty.jones@example.com,200.00,2026-05-24,General Fund,check
Jason Nelson,jason.nelson@example.com,25.00,2026-05-24,General Fund,online
Mark Sanchez,mark.sanchez@example.com,150.00,2026-05-24,Youth Ministry,online
Richard Petrov,richard.petrov@example.com,20.00,2026-05-24,General Fund,online
Mary Torres,mary.torres@example.com,2000.00,2026-05-24,Missions Fund,check
Sandra Baker,,10.00,2026-05-24,Missions Fund,online
James Nelson,,30.00,2026-05-24,Missions Fund,check
Gary Davis,gary.davis@example.com,20.00,2026-05-24,General Fund,online
Amy Walker,,20.00,2026-05-24,General Fund,online
Sarah O'Brien,sarah.obrien@example.com,15.00,2026-05-24,Building Fund,cash
Jennifer Lee,jennifer.lee@example.com,15.00,2026-05-24,General Fund,online
Karen Young,karen.young@example.com,60.00,2026-05-24,General Fund,other
Richard King,,1000.00,2026-05-24,Benevolence,check
Jonathan Harris,jonathan.harris@example.com,120.00,2026-05-24,General Fund,cash
Linda Jackson,,500.00,2026-05-24,Building Fund,check
Justin Martinez,justin.martinez@example.com,40.00,2026-05-24,General Fund,online
Paul Baker,paul.baker@example.com,10.00,2026-05-24,General Fund,cash
Ronald Moore,ronald.moore@example.com,30.00,2026-05-24,General Fund,online
Matthew Flores,matthew.flores@example.com,40.00,2026-05-24,General Fund,check
Ronald Yamamoto,ronald.yamamoto@example.com,20.00,2026-05-24,General Fund,online
Emily Williams,emily.williams@example.com,20.00,2026-05-24,Youth Ministry,other
Deborah Wright,deborah.wright@example.com,150.00,2026-05-24,General Fund,check
Ashley Rodriguez,ashley.rodriguez@example.com,50.00,2026-05-24,Benevolence,online
Rebecca Ramirez,rebecca.ramirez@example.com,25.00,2026-05-24,Youth Ministry,cash
Carol Hill,carol.hill@example.com,200.00,2026-05-24,Missions Fund,cash
Lisa O'Brien,lisa.obrien@example.com,100.00,2026-05-24,General Fund,cash
Carol Roberts,carol.roberts@example.com,30.00,2026-05-24,General Fund,online
Ashley Ramirez,,40.00,2026-05-24,Missions Fund,online
Brian Campbell,,50.00,2026-05-24,Benevolence,online
Jeffrey Lewis,jeffrey.lewis@example.com,300.00,2026-05-24,General Fund,online
Ronald Rodriguez,,80.00,2026-05-24,General Fund,check
Thomas Nelson,thomas.nelson@example.com,30.00,2026-05-24,General Fund,online
Melissa Thomas,melissa.thomas@example.com,40.00,2026-05-24,General Fund,check
Lisa Okafor,lisa.okafor@example.com,50.00,2026-05-24,Missions Fund,online
Jason Garcia,jason.garcia@example.com,25.00,2026-05-24,General Fund,cash
William Lee,william.lee@example.com,60.00,2026-05-24,General Fund,online
Linda Jones,linda.jones@example.com,80.00,2026-05-24,General Fund,cash
Brian Rivera,brian.rivera@example.com,75.00,2026-05-24,Building Fund,online
Angela Johnson,angela.johnson@example.com,25.00,2026-05-24,General Fund,check
Timothy Kowalski,timothy.kowalski@example.com,15.00,2026-05-24,General Fund,online
Emily Rodriguez,,200.00,2026-05-24,General Fund,online
Anonymous,,100.00,2026-05-24,General Fund,cash
Kathleen Brown,kathleen.brown@example.com,150.00,2026-05-25,General Fund,online
Jason Hall,jason.hall@example.com,10.00,2026-05-25,General Fund,online
Deborah Miller,deborah.miller@example.com,60.00,2026-05-25,General Fund,online
Charles Hall,charles.hall@example.com,10.00,2026-05-26,General Fund,online
Mark Okafor,,80.00,2026-05-26,General Fund,online
Matthew Wilson,matthew.wilson@example.com,2000.00,2026-05-26,Benevolence,cash
Ruth Taylor,ruth.taylor@example.com,75.00,2026-05-27,Youth Ministry,cash
Brandon Williams,brandon.williams@example.com,300.00,2026-05-28,General Fund,online
Edward Hill,edward.hill@example.com,120.00,2026-05-28,Missions Fund,cash
Rebecca Clark,rebecca.clark@example.com,25.00,2026-05-28,Building Fund,online
Barbara Nguyen,,150.00,2026-05-31,Building Fund,cash
Brenda Gonzalez,brenda.gonzalez@example.com,25.00,2026-05-31,General Fund,online
Pamela Gonzalez,pamela.gonzalez@example.com,1000.00,2026-05-31,Benevolence,check
Rebecca Nelson,rebecca.nelson@example.com,25.00,2026-05-31,Building Fund,check
Linda Anderson,linda.anderson@example.com,60.00,2026-05-31,Building Fund,online
Emily Nelson,,200.00,2026-05-31,Youth Ministry,online
Sarah Ramirez,sarah.ramirez@example.com,200.00,2026-05-31,Youth Ministry,online
Nancy Clark,nancy.clark@example.com,250.00,2026-05-31,Building Fund,check
Kimberly Sanchez,kimberly.sanchez@example.com,75.00,2026-05-31,Benevolence,online
Mark Okafor,,10.00,2026-05-31,Building Fund,check
Ryan Clark,ryan.clark@example.com,60.00,2026-05-31,General Fund,online
Emily Roberts,emily.roberts@example.com,20.00,2026-05-31,Building Fund,other
Amanda Carter,amanda.carter@example.com,75.00,2026-05-31,General Fund,online
Gary Miller,gary.miller@example.com,120.00,2026-05-31,Benevolence,online
Matthew Wilson,matthew.wilson@example.com,2000.00,2026-05-31,General Fund,online
Elizabeth Baker,elizabeth.baker@example.com,30.00,2026-05-31,Youth Ministry,online
Sandra Baker,,10.00,2026-05-31,General Fund,online
Amy Walker,,20.00,2026-05-31,General Fund,check
Sarah O'Brien,sarah.obrien@example.com,75.00,2026-05-31,Building Fund,cash
Karen Young,karen.young@example.com,2000.00,2026-05-31,Building Fund,online
Richard King,,20.00,2026-05-31,Missions Fund,cash
Paul Baker,paul.baker@example.com,10.00,2026-05-31,Building Fund,check
Jason Hall,jason.hall@example.com,10.00,2026-05-31,General Fund,check
Ronald Moore,ronald.moore@example.com,300.00,2026-05-31,General Fund,online
Matthew Flores,matthew.flores@example.com,40.00,2026-05-31,Missions Fund,other
Deborah Miller,deborah.miller@example.com,60.00,2026-05-31,General Fund,online
Emily Williams,emily.williams@example.com,750.00,2026-05-31,General Fund,online
Deborah Wright,deborah.wright@example.com,150.00,2026-05-31,Youth Ministry,online
Brandon Williams,brandon.williams@example.com,150.00,2026-05-31,General Fund,cash
Carol Hill,carol.hill@example.com,200.00,2026-05-31,General Fund,online
Rebecca Clark,rebecca.clark@example.com,25.00,2026-05-31,General Fund,check
Lisa O'Brien,lisa.obrien@example.com,75.00,2026-05-31,Missions Fund,online
Elizabeth Sanchez,elizabeth.sanchez@example.com,30.00,2026-05-31,Missions Fund,online
Jeffrey Lewis,jeffrey.lewis@example.com,300.00,2026-05-31,Building Fund,online
Ronald Rodriguez,,80.00,2026-05-31,Building Fund,cash
Kevin Chen,kevin.chen@example.com,40.00,2026-05-31,General Fund,online
Melissa Thomas,melissa.thomas@example.com,40.00,2026-05-31,Building Fund,cash
Jason Garcia,jason.garcia@example.com,20.00,2026-05-31,General Fund,check
William Lee,william.lee@example.com,80.00,2026-05-31,Missions Fund,online
Linda Jones,linda.jones@example.com,80.00,2026-05-31,General Fund,online
Elizabeth Lewis,elizabeth.lewis@example.com,15.00,2026-05-31,General Fund,online
Brian Rivera,brian.rivera@example.com,60.00,2026-05-31,Building Fund,online
Angela Johnson,angela.johnson@example.com,60.00,2026-05-31,Building Fund,cash
Emily Rodriguez,,200.00,2026-05-31,General Fund,online
Anonymous,,20.00,2026-05-31,General Fund,cash
Anonymous,,60.00,2026-05-31,Youth Ministry,cash
Anonymous,,15.00,2026-05-31,General Fund,cash
Stephen Campbell,stephen.campbell@example.com,150.00,2026-06-01,General Fund,online
Mark Perez,mark.perez@example.com,50.00,2026-06-01,General Fund,cash
Charles Hall,charles.hall@example.com,10.00,2026-06-02,General Fund,check
Betty Jones,betty.jones@example.com,200.00,2026-06-02,Youth Ministry,cash
Justin Martinez,justin.martinez@example.com,40.00,2026-06-02,General Fund,check
Ronald Yamamoto,ronald.yamamoto@example.com,300.00,2026-06-02,Youth Ministry,online
Ashley Ramirez,,40.00,2026-06-02,Youth Ministry,online
Daniel Chen,,100.00,2026-06-02,General Fund,check
John Okafor,,60.00,2026-06-03,Youth Ministry,online
Donald Rodriguez,donald.rodriguez@example.com,20.00,2026-06-03,General Fund,online
Jason Nelson,jason.nelson@example.com,25.00,2026-06-03,General Fund,online
Mary Torres,mary.torres@example.com,25.00,2026-06-03,General Fund,online
Jeffrey Carter,jeffrey.carter@example.com,120.00,2026-06-03,General Fund,cash
Mark Sanchez,mark.sanchez@example.com,75.00,2026-06-04,Building Fund,check
Richard Petrov,richard.petrov@example.com,20.00,2026-06-04,General Fund,cash
Edward Hill,edward.hill@example.com,25.00,2026-06-04,General Fund,online
Joseph Johnson,,60.00,2026-06-07,General Fund,online
Barbara Nguyen,,30.00,2026-06-07,Building Fund,cash
Brenda Gonzalez,brenda.gonzalez@example.com,25.00,2026-06-07,General Fund,check
Barbara Harris,barbara.harris@example.com,250.00,2026-06-07,General Fund,online
Andrew Hall,andrew.hall@example.com,60.00,2026-06-07,Building Fund,online
John Okafor,,60.00,2026-06-07,Missions Fund,online
Ashley Mitchell,ashley.mitchell@example.com,300.00,2026-06-07,Building Fund,cash
George Anderson,,50.00,2026-06-07,General Fund,online
Rebecca Nelson,rebecca.nelson@example.com,60.00,2026-06-07,General Fund,cash
Emily Nelson,,200.00,2026-06-07,Benevolence,check
Sarah Ramirez,sarah.ramirez@example.com,200.00,2026-06-07,General Fund,check
Justin Torres,justin.torres@example.com,75.00,2026-06-07,General Fund,online
Charles Lewis,charles.lewis@example.com,2000.00,2026-06-07,General Fund,online
Ruth Williams,,20.00,2026-06-07,General Fund,online
Mark Gonzalez,mark.gonzalez@example.com,20.00,2026-06-07,General Fund,cash
Katherine Allen,katherine.allen@example.com,200.00,2026-06-07,General Fund,online
Laura Jones,laura.jones@example.com,40.00,2026-06-07,General Fund,online
Mark Okafor,,10.00,2026-06-07,Youth Ministry,online
Kathleen Brown,kathleen.brown@example.com,200.00,2026-06-07,Missions Fund,online
Emily Roberts,emily.roberts@example.com,20.00,2026-06-07,General Fund,check
Karen Rivera,karen.rivera@example.com,100.00,2026-06-07,Missions Fund,online
Thomas Flores,thomas.flores@example.com,150.00,2026-06-07,Youth Ministry,check
Jason Rodriguez,jason.rodriguez@example.com,75.00,2026-06-07,Missions Fund,check
Amanda Carter,amanda.carter@example.com,60.00,2026-06-07,Benevolence,check
Jacob Johnson,jacob.johnson@example.com,30.00,2026-06-07,General Fund,check
Donald Rodriguez,donald.rodriguez@example.com,20.00,2026-06-07,General Fund,online
Deborah Hernandez,deborah.hernandez@example.com,200.00,2026-06-07,General Fund,online
Betty Jones,betty.jones@example.com,200.00,2026-06-07,General Fund,check
Jason Nelson,jason.nelson@example.com,25.00,2026-06-07,Building Fund,check
Donald Hall,donald.hall@example.com,20.00,2026-06-07,General Fund,online
Mark Sanchez,mark.sanchez@example.com,150.00,2026-06-07,General Fund,check
Matthew Wilson,matthew.wilson@example.com,2000.00,2026-06-07,General Fund,cash
Richard Petrov,richard.petrov@example.com,20.00,2026-06-07,General Fund,online
Mary Torres,mary.torres@example.com,25.00,2026-06-07,General Fund,online
Katherine Hill,katherine.hill@example.com,750.00,2026-06-07,Youth Ministry,online
Margaret Taylor,margaret.taylor@example.com,50.00,2026-06-07,General Fund,online
Sandra Baker,,10.00,2026-06-07,General Fund,check
Pamela Williams,pamela.williams@example.com,1000.00,2026-06-07,General Fund,online
Susan Yamamoto,susan.yamamoto@example.com,25.00,2026-06-07,General Fund,check
John Robinson,john.robinson@example.com,300.00,2026-06-07,General Fund,check
James Nelson,,30.00,2026-06-07,Missions Fund,cash
Jessica Adams,jessica.adams@example.com,100.00,2026-06-07,General Fund,cash
Sarah O'Brien,sarah.obrien@example.com,75.00,2026-06-07,Missions Fund,online
Andrew Kowalski,andrew.kowalski@example.com,100.00,2026-06-07,General Fund,online
Karen Lewis,karen.lewis@example.com,75.00,2026-06-07,Benevolence,check
Karen Young,karen.young@example.com,60.00,2026-06-07,Youth Ministry,online
Richard King,,80.00,2026-06-07,Building Fund,online
Linda Jackson,,200.00,2026-06-07,General Fund,check
Justin Martinez,justin.martinez@example.com,40.00,2026-06-07,General Fund,check
Paul Baker,paul.baker@example.com,10.00,2026-06-07,General Fund,cash
Susan Thomas,susan.thomas@example.com,150.00,2026-06-07,General Fund,online
Ronald Moore,ronald.moore@example.com,150.00,2026-06-07,General Fund,online
Matthew Flores,matthew.flores@example.com,40.00,2026-06-07,General Fund,online
Jessica Robinson,jessica.robinson@example.com,250.00,2026-06-07,General Fund,online
Ruth Taylor,ruth.taylor@example.com,75.00,2026-06-07,Building Fund,online
Brandon Williams,brandon.williams@example.com,300.00,2026-06-07,General Fund,online
Edward Hill,edward.hill@example.com,25.00,2026-06-07,General Fund,online
Stephen Campbell,stephen.campbell@example.com,80.00,2026-06-07,Youth Ministry,check
Rebecca Clark,rebecca.clark@example.com,25.00,2026-06-07,General Fund,online
Thomas Scott,thomas.scott@example.com,250.00,2026-06-07,Building Fund,online
Brenda Roberts,brenda.roberts@example.com,80.00,2026-06-07,General Fund,check
Andrew Johnson,andrew.johnson@example.com,50.00,2026-06-07,General Fund,check
Carol Roberts,carol.roberts@example.com,30.00,2026-06-07,General Fund,other
Michael Baker,michael.baker@example.com,300.00,2026-06-07,Youth Ministry,online
Andrew Wilson,andrew.wilson@example.com,50.00,2026-06-07,Building Fund,online
Gary King,gary.king@example.com,50.00,2026-06-07,Building Fund,check
Pamela Ramirez,pamela.ramirez@example.com,10.00,2026-06-07,Youth Ministry,other
Carol Hernandez,carol.hernandez@example.com,20.00,2026-06-07,General Fund,online
Ashley Ramirez,,10.00,2026-06-07,General Fund,check
Mark Perez,mark.perez@example.com,80.00,2026-06-07,General Fund,check
Brian Campbell,,50.00,2026-06-07,General Fund,online
Elizabeth Lopez,elizabeth.lopez@example.com,150.00,2026-06-07,Youth Ministry,online
Nicole Brown,nicole.brown@example.com,120.00,2026-06-07,Missions Fund,online
Paul Jones,paul.jones@example.com,500.00,2026-06-07,Missions Fund,online
Cynthia Silva,cynthia.silva@example.com,120.00,2026-06-07,General Fund,online
Timothy Roberts,,10.00,2026-06-07,Youth Ministry,online
Karen Perez,,40.00,2026-06-07,Building Fund,check
Thomas Nelson,thomas.nelson@example.com,30.00,2026-06-07,Building Fund,other
Edward Allen,edward.allen@example.com,750.00,2026-06-07,General Fund,online
Kevin Chen,kevin.chen@example.com,40.00,2026-06-07,General Fund,check
Katherine King,katherine.king@example.com,80.00,2026-06-07,General Fund,online
Sharon Green,,15.00,2026-06-07,General Fund,check
Robert Green,robert.green@example.com,300.00,2026-06-07,General Fund,online
Melissa Thomas,melissa.thomas@example.com,40.00,2026-06-07,General Fund,check
Amanda Lopez,amanda.lopez@example.com,20.00,2026-06-07,General Fund,online
Jason Garcia,jason.garcia@example.com,25.00,2026-06-07,General Fund,online
Linda Jones,linda.jones@example.com,80.00,2026-06-07,Building Fund,check
Stephanie Torres,stephanie.torres@example.com,1500.00,2026-06-07,General Fund,online
Patricia Mitchell,patricia.mitchell@example.com,50.00,2026-06-07,General Fund,online
Brian Rivera,brian.rivera@example.com,75.00,2026-06-07,General Fund,online
Timothy Kowalski,timothy.kowalski@example.com,100.00,2026-06-07,Building Fund,check
Emily Rodriguez,,20.00,2026-06-07,General Fund,check
Anonymous,,10.00,2026-06-07,General Fund,cash
Pamela Gonzalez,pamela.gonzalez@example.com,60.00,2026-06-08,General Fund,online
Timothy Lewis,,15.00,2026-06-08,Building Fund,check
Deborah Miller,deborah.miller@example.com,15.00,2026-06-08,General Fund,check
Deborah Wright,deborah.wright@example.com,150.00,2026-06-08,Missions Fund,other
Linda Mitchell,linda.mitchell@example.com,250.00,2026-06-09,General Fund,check
Jason Petrov,jason.petrov@example.com,150.00,2026-06-09,General Fund,check
Barbara Silva,barbara.silva@example.com,1000.00,2026-06-09,General Fund,check
Barbara Mitchell,barbara.mitchell@example.com,150.00,2026-06-09,General Fund,check
Elizabeth Jackson,elizabeth.jackson@example.com,25.00,2026-06-09,General Fund,cash
Angela Johnson,angela.johnson@example.com,25.00,2026-06-09,General Fund,cash
Paul Allen,paul.allen@example.com,50.00,2026-06-10,Building Fund,online
Ryan Clark,ryan.clark@example.com,200.00,2026-06-10,General Fund,online
Kathleen Hall,kathleen.hall@example.com,40.00,2026-06-10,Youth Ministry,other
Jennifer Lee,jennifer.lee@example.com,100.00,2026-06-10,Building Fund,online
Jacob Chen,jacob.chen@example.com,30.00,2026-06-10,General Fund,check
Emily Williams,emily.williams@example.com,20.00,2026-06-10,Missions Fund,cash
Amanda Diaz,amanda.diaz@example.com,75.00,2026-06-10,General Fund,online
Lisa Okafor,lisa.okafor@example.com,50.00,2026-06-10,General Fund,online
Cynthia Wilson,cynthia.wilson@example.com,15.00,2026-06-10,General Fund,online
Daniel Chen,,80.00,2026-06-10,Benevolence,check
Charles Hall,charles.hall@example.com,10.00,2026-06-11,Youth Ministry,online
Jonathan Davis,jonathan.davis@example.com,50.00,2026-06-11,General Fund,check
Richard Harris,richard.harris@example.com,40.00,2026-06-11,Building Fund,check
Margaret Adams,margaret.adams@example.com,300.00,2026-06-11,Building Fund,online
Jeffrey Carter,jeffrey.carter@example.com,50.00,2026-06-11,Missions Fund,online
Amy Walker,,80.00,2026-06-11,Missions Fund,online
Elizabeth Sanchez,elizabeth.sanchez@example.com,30.00,2026-06-11,Missions Fund,check
Jeffrey Lewis,jeffrey.lewis@example.com,300.00,2026-06-11,General Fund,online
Barbara Nguyen,,30.00,2026-06-14,General Fund,cash
Brenda Gonzalez,brenda.gonzalez@example.com,20.00,2026-06-14,General Fund,cash
Charles Hall,charles.hall@example.com,10.00,2026-06-14,Missions Fund,check
Pamela Gonzalez,pamela.gonzalez@example.com,60.00,2026-06-14,Missions Fund,cash
Emily Nelson,,50.00,2026-06-14,Building Fund,check
Sarah Ramirez,sarah.ramirez@example.com,200.00,2026-06-14,Building Fund,online
Kimberly Sanchez,kimberly.sanchez@example.com,75.00,2026-06-14,General Fund,online
Paul Wilson,paul.wilson@example.com,10.00,2026-06-14,Youth Ministry,online
Mark Okafor,,80.00,2026-06-14,Building Fund,cash
Ryan Clark,ryan.clark@example.com,200.00,2026-06-14,General Fund,online
Kathleen Brown,kathleen.brown@example.com,1500.00,2026-06-14,General Fund,check
Emily Roberts,emily.roberts@example.com,100.00,2026-06-14,General Fund,check
Amanda Carter,amanda.carter@example.com,60.00,2026-06-14,Building Fund,online
Michelle Miller,michelle.miller@example.com,60.00,2026-06-14,General Fund,cash
Betty Jones,betty.jones@example.com,200.00,2026-06-14,General Fund,online
Jason Nelson,jason.nelson@example.com,25.00,2026-06-14,General Fund,online
Mary Torres,mary.torres@example.com,2000.00,2026-06-14,General Fund,online
Sandra Baker,,10.00,2026-06-14,Building Fund,check
Jeffrey Carter,jeffrey.carter@example.com,50.00,2026-06-14,General Fund,online
Sarah O'Brien,sarah.obrien@example.com,40.00,2026-06-14,General Fund,check
Jennifer Lee,jennifer.lee@example.com,50.00,2026-06-14,General Fund,check
Richard King,,20.00,2026-06-14,Building Fund,check
Jonathan Harris,jonathan.harris@example.com,60.00,2026-06-14,General Fund,online
Paul Baker,paul.baker@example.com,500.00,2026-06-14,General Fund,online
Jason Hall,jason.hall@example.com,10.00,2026-06-14,Benevolence,online
Ronald Moore,ronald.moore@example.com,300.00,2026-06-14,Missions Fund,check
Ronald Yamamoto,ronald.yamamoto@example.com,20.00,2026-06-14,General Fund,online
Emily Williams,emily.williams@example.com,20.00,2026-06-14,General Fund,cash
Deborah Wright,deborah.wright@example.com,150.00,2026-06-14,General Fund,online
Ruth Taylor,ruth.taylor@example.com,75.00,2026-06-14,General Fund,online
Brandon Williams,brandon.williams@example.com,1500.00,2026-06-14,General Fund,check
Rebecca Ramirez,rebecca.ramirez@example.com,25.00,2026-06-14,General Fund,check
Edward Hill,edward.hill@example.com,25.00,2026-06-14,General Fund,check
Rebecca Clark,rebecca.clark@example.com,25.00,2026-06-14,Building Fund,cash
Lisa O'Brien,lisa.obrien@example.com,100.00,2026-06-14,General Fund,cash
Carol Roberts,carol.roberts@example.com,30.00,2026-06-14,General Fund,cash
Ashley Ramirez,,40.00,2026-06-14,General Fund,check
Jeffrey Lewis,jeffrey.lewis@example.com,300.00,2026-06-14,Building Fund,online
Ronald Rodriguez,,80.00,2026-06-14,General Fund,online
Thomas Nelson,thomas.nelson@example.com,150.00,2026-06-14,General Fund,cash
Kevin Chen,kevin.chen@example.com,40.00,2026-06-14,Building Fund,online
Melissa Thomas,melissa.thomas@example.com,200.00,2026-06-14,Building Fund,online
Lisa Okafor,lisa.okafor@example.com,50.00,2026-06-14,General Fund,online
Jason Garcia,jason.garcia@example.com,25.00,2026-06-14,General Fund,online
Brian Rivera,brian.rivera@example.com,250.00,2026-06-14,General Fund,online
Daniel Chen,,250.00,2026-06-14,General Fund,check
Anonymous,,20.00,2026-06-14,Youth Ministry,cash
Anonymous,,15.00,2026-06-14,General Fund,cash
Elizabeth Sanchez,elizabeth.sanchez@example.com,30.00,2026-06-15,General Fund,check
Mark Perez,mark.perez@example.com,60.00,2026-06-15,Benevolence,online
Brian Campbell,,40.00,2026-06-15,Building Fund,cash
Angela Johnson,angela.johnson@example.com,60.00,2026-06-15,General Fund,check
Richard Petrov,richard.petrov@example.com,20.00,2026-06-16,General Fund,online
James Nelson,,30.00,2026-06-16,General Fund,online
Timothy Kowalski,timothy.kowalski@example.com,100.00,2026-06-16,General Fund,check
Richard Harris,richard.harris@example.com,40.00,2026-06-17,Youth Ministry,online
Matthew Wilson,matthew.wilson@example.com,2000.00,2026-06-17,General Fund,online
Karen Young,karen.young@example.com,60.00,2026-06-17,General Fund,online
Donald Rodriguez,donald.rodriguez@example.com,20.00,2026-06-18,General Fund,online
Carol Hill,carol.hill@example.com,200.00,2026-06-18,Building Fund,cash
Barbara Nguyen,,30.00,2026-06-21,Missions Fund,online
Charles Hall,charles.hall@example.com,10.00,2026-06-21,General Fund,online
Edward Moore,edward.moore@example.com,75.00,2026-06-21,Building Fund,check
Emily Nelson,,200.00,2026-06-21,General Fund,online
Sarah Ramirez,sarah.ramirez@example.com,200.00,2026-06-21,Missions Fund,online
Kimberly Sanchez,kimberly.sanchez@example.com,75.00,2026-06-21,Youth Ministry,online
Mark Okafor,,200.00,2026-06-21,Benevolence,online
Ryan Clark,ryan.clark@example.com,200.00,2026-06-21,Missions Fund,cash
Emily Roberts,emily.roberts@example.com,15.00,2026-06-21,General Fund,online
Amanda Carter,amanda.carter@example.com,60.00,2026-06-21,Building Fund,online
Betty Jones,betty.jones@example.com,200.00,2026-06-21,Building Fund,online
Jason Nelson,jason.nelson@example.com,25.00,2026-06-21,Missions Fund,online
Richard Petrov,richard.petrov@example.com,20.00,2026-06-21,General Fund,online
Mary Torres,mary.torres@example.com,2000.00,2026-06-21,General Fund,check
Karen Okafor,,15.00,2026-06-21,General Fund,check
Sandra Baker,,10.00,2026-06-21,Benevolence,online
Laura Green,laura.green@example.com,500.00,2026-06-21,Youth Ministry,online
Jeffrey Carter,jeffrey.carter@example.com,50.00,2026-06-21,General Fund,online
Sarah O'Brien,sarah.obrien@example.com,75.00,2026-06-21,Missions Fund,other
Jennifer Lee,jennifer.lee@example.com,120.00,2026-06-21,General Fund,online
Karen Young,karen.young@example.com,75.00,2026-06-21,Youth Ministry,check
Richard King,,20.00,2026-06-21,General Fund,check
Samantha Jones,samantha.jones@example.com,50.00,2026-06-21,Building Fund,online
Linda Jackson,,200.00,2026-06-21,General Fund,check
Justin Martinez,justin.martinez@example.com,40.00,2026-06-21,Missions Fund,check
Paul Baker,paul.baker@example.com,10.00,2026-06-21,General Fund,online
Ronald Moore,ronald.moore@example.com,300.00,2026-06-21,General Fund,online
Matthew Flores,matthew.flores@example.com,40.00,2026-06-21,General Fund,online
Ronald Yamamoto,ronald.yamamoto@example.com,20.00,2026-06-21,General Fund,online
Emily Williams,emily.williams@example.com,1500.00,2026-06-21,Benevolence,online
Deborah Wright,deborah.wright@example.com,150.00,2026-06-21,General Fund,online
Ashley Rodriguez,ashley.rodriguez@example.com,50.00,2026-06-21,General Fund,check
Ruth Taylor,ruth.taylor@example.com,75.00,2026-06-21,Youth Ministry,online
Brandon Williams,brandon.williams@example.com,500.00,2026-06-21,General Fund,online
Rebecca Ramirez,rebecca.ramirez@example.com,25.00,2026-06-21,Missions Fund,check
Carol Hill,carol.hill@example.com,200.00,2026-06-21,Building Fund,check
Rebecca Clark,rebecca.clark@example.com,25.00,2026-06-21,General Fund,online
Barbara Mitchell,barbara.mitchell@example.com,150.00,2026-06-21,Building Fund,online
Carol Roberts,carol.roberts@example.com,30.00,2026-06-21,General Fund,check
Elizabeth Sanchez,elizabeth.sanchez@example.com,30.00,2026-06-21,Building Fund,check
Mark Perez,mark.perez@example.com,30.00,2026-06-21,General Fund,cash
Brian Campbell,,50.00,2026-06-21,General Fund,online
Jeffrey Lewis,jeffrey.lewis@example.com,300.00,2026-06-21,Building Fund,check
Ronald Rodriguez,,80.00,2026-06-21,Building Fund,online
Lisa Okafor,lisa.okafor@example.com,50.00,2026-06-21,Benevolence,cash
Jason Garcia,jason.garcia@example.com,25.00,2026-06-21,Youth Ministry,online
William Lee,william.lee@example.com,60.00,2026-06-21,General Fund,online
Daniel Chen,,80.00,2026-06-21,Youth Ministry,online
Angela Johnson,angela.johnson@example.com,25.00,2026-06-21,Benevolence,online
Emily Rodriguez,,200.00,2026-06-21,General Fund,online
Patricia Garcia,patricia.garcia@example.com,15.00,2026-06-21,General Fund,online
Anonymous,,100.00,2026-06-21,General Fund,cash
Anonymous,,15.00,2026-06-21,General Fund,cash
Mark Sanchez,mark.sanchez@example.com,30.00,2026-06-22,General Fund,check
Deborah Miller,deborah.miller@example.com,60.00,2026-06-22,Missions Fund,other
Lisa O'Brien,lisa.obrien@example.com,100.00,2026-06-22,Benevolence,online
Ashley Ramirez,,40.00,2026-06-22,Youth Ministry,online
Timothy Kowalski,timothy.kowalski@example.com,30.00,2026-06-22,Building Fund,other
Brenda Gonzalez,brenda.gonzalez@example.com,25.00,2026-06-23,General Fund,online
Richard Harris,richard.harris@example.com,40.00,2026-06-23,General Fund,check
Donald Brown,donald.brown@example.com,75.00,2026-06-23,Building Fund,cash
Jason Hall,jason.hall@example.com,10.00,2026-06-23,Missions Fund,online
Jacob Kim,jacob.kim@example.com,75.00,2026-06-23,Missions Fund,cash
Brian Rivera,brian.rivera@example.com,75.00,2026-06-23,General Fund,online
James Campbell,james.campbell@example.com,120.00,2026-06-24,General Fund,other
Donald Rodriguez,donald.rodriguez@example.com,2000.00,2026-06-24,Benevolence,cash
Linda Jones,linda.jones@example.com,80.00,2026-06-24,Building Fund,online
Mary Nelson,mary.nelson@example.com,30.00,2026-06-25,General Fund,other
Matthew Wilson,matthew.wilson@example.com,150.00,2026-06-25,General Fund,online
Thomas Nelson,thomas.nelson@example.com,300.00,2026-06-25,General Fund,online
Barbara Nguyen,,30.00,2026-06-28,General Fund,online
Brenda Gonzalez,brenda.gonzalez@example.com,25.00,2026-06-28,General Fund,check
Charles Hall,charles.hall@example.com,10.00,2026-06-28,General Fund,check
Pamela Gonzalez,pamela.gonzalez@example.com,60.00,2026-06-28,Youth Ministry,other
John Okafor,,60.00,2026-06-28,General Fund,online
Emily Nelson,,200.00,2026-06-28,Building Fund,online
Kimberly Sanchez,kimberly.sanchez@example.com,75.00,2026-06-28,Building Fund,online
Mary Robinson,mary.robinson@example.com,100.00,2026-06-28,Youth Ministry,check
Mary Nelson,mary.nelson@example.com,30.00,2026-06-28,Youth Ministry,online
Ryan Clark,ryan.clark@example.com,200.00,2026-06-28,General Fund,online
Kathleen Brown,kathleen.brown@example.com,200.00,2026-06-28,General Fund,check
Emily Roberts,emily.roberts@example.com,20.00,2026-06-28,Building Fund,online
Amanda Carter,amanda.carter@example.com,60.00,2026-06-28,General Fund,online
Jason Nelson,jason.nelson@example.com,300.00,2026-06-28,Building Fund,online
Laura Lopez,laura.lopez@example.com,100.00,2026-06-28,General Fund,online
Mark Sanchez,mark.sanchez@example.com,150.00,2026-06-28,General Fund,cash
Matthew Wilson,matthew.wilson@example.com,2000.00,2026-06-28,General Fund,check
Richard Petrov,richard.petrov@example.com,20.00,2026-06-28,General Fund,online
Mary Torres,mary.torres@example.com,2000.00,2026-06-28,Building Fund,cash
William Hill,william.hill@example.com,40.00,2026-06-28,Building Fund,online
Sandra Baker,,10.00,2026-06-28,General Fund,online
James Nelson,,30.00,2026-06-28,General Fund,cash
Amy Walker,,75.00,2026-06-28,Benevolence,check
Sarah O'Brien,sarah.obrien@example.com,75.00,2026-06-28,General Fund,online
Jennifer Lee,jennifer.lee@example.com,100.00,2026-06-28,General Fund,online
Karen Young,karen.young@example.com,60.00,2026-06-28,Youth Ministry,online
Richard King,,1000.00,2026-06-28,General Fund,other
Linda Jackson,,200.00,2026-06-28,Building Fund,check
Justin Martinez,justin.martinez@example.com,40.00,2026-06-28,Building Fund,online
Paul Baker,paul.baker@example.com,10.00,2026-06-28,Missions Fund,other
Ronald Moore,ronald.moore@example.com,300.00,2026-06-28,Benevolence,online
Emily Williams,emily.williams@example.com,75.00,2026-06-28,General Fund,check
Deborah Wright,deborah.wright@example.com,150.00,2026-06-28,General Fund,check
Ruth Taylor,ruth.taylor@example.com,75.00,2026-06-28,Youth Ministry,online
Carol Hill,carol.hill@example.com,150.00,2026-06-28,Missions Fund,cash
Edward Hill,edward.hill@example.com,25.00,2026-06-28,Youth Ministry,online
Stephen Campbell,stephen.campbell@example.com,80.00,2026-06-28,General Fund,check
Rebecca Clark,rebecca.clark@example.com,120.00,2026-06-28,Missions Fund,check
Joshua Wilson,joshua.wilson@example.com,2000.00,2026-06-28,General Fund,cash
Elizabeth Sanchez,elizabeth.sanchez@example.com,30.00,2026-06-28,General Fund,check
Ashley Ramirez,,40.00,2026-06-28,General Fund,cash
Mark Perez,mark.perez@example.com,1500.00,2026-06-28,General Fund,online
Jeffrey Lewis,jeffrey.lewis@example.com,2000.00,2026-06-28,General Fund,check
Kevin Chen,kevin.chen@example.com,40.00,2026-06-28,General Fund,online
Melissa Thomas,melissa.thomas@example.com,10.00,2026-06-28,General Fund,cash
Lisa Okafor,lisa.okafor@example.com,30.00,2026-06-28,General Fund,online
Jason Garcia,jason.garcia@example.com,250.00,2026-06-28,General Fund,check
William Lee,william.lee@example.com,60.00,2026-06-28,Missions Fund,online
Daniel Chen,,75.00,2026-06-28,General Fund,cash
Angela Johnson,angela.johnson@example.com,25.00,2026-06-28,Youth Ministry,online
Brandon Diaz,brandon.diaz@example.com,500.00,2026-06-28,Building Fund,other
Timothy Kowalski,timothy.kowalski@example.com,30.00,2026-06-28,Building Fund,check
Emily Rodriguez,,150.00,2026-06-28,General Fund,check
Anonymous,,100.00,2026-06-28,General Fund,cash
Anonymous,,100.00,2026-06-28,Missions Fund,cash
Anonymous,,50.00,2026-06-28,Missions Fund,cash
Anonymous,,20.00,2026-06-28,Benevolence,cash
Rebecca Nelson,rebecca.nelson@example.com,60.00,2026-06-30,Building Fund,cash
Deborah Miller,deborah.miller@example.com,60.00,2026-06-30,General Fund,online
Ronald Rodriguez,,20.00,2026-06-30,General Fund,cash
Linda Jones,linda.jones@example.com,40.00,2026-06-30,General Fund,check
Brian Rivera,brian.rivera@example.com,75.00,2026-06-30,Building Fund,check
Jeffrey Carter,jeffrey.carter@example.com,50.00,2026-07-01,Missions Fund,cash
Carol Roberts,carol.roberts@example.com,30.00,2026-07-01,General Fund,online
Thomas Nelson,thomas.nelson@example.com,30.00,2026-07-01,Missions Fund,online
Betty Jones,betty.jones@example.com,200.00,2026-07-02,General Fund,cash
Jason Hall,jason.hall@example.com,40.00,2026-07-02,General Fund,check
Matthew Flores,matthew.flores@example.com,40.00,2026-07-02,General Fund,online
Brandon Williams,brandon.williams@example.com,150.00,2026-07-02,Benevolence,online